-1,-1,AvTvyoQi/2a/uLxv3DU+2lPlZdM=,OVwmcUC65yajpu1s9V5EAjRJkKY=
-1,-2,AvTvyoQi/2a/uLxv3DU+2lPlZdM=,A6dO9f0v3ZL60yk/GDnq9Dzt2Ao=
-1,-3,AvTvyoQi/2a/uLxv3DU+2lPlZdM=,2Mh58SgtSCrT+00x4oTLhIXRyk8=
-1,-4,baZtdjJHvnknqEv2OkAxPrFaoDY=,Bwul1GQyVudSo14RdFaXRDbab+0=
-1,-5,baZtdjJHvnknqEv2OkAxPrFaoDY=,F3dF2ufRqEGc2Wf/UET2RTOVJng=
-1,-6,baZtdjJHvnknqEv2OkAxPrFaoDY=,5r+zQjXPOUbwF+lP0gfTUq2X3hc=
-1,-7,baZtdjJHvnknqEv2OkAxPrFaoDY=,2Pa7rkfZnWUs/heDXpyrFYLdwjg=
-1,-8,baZtdjJHvnknqEv2OkAxPrFaoDY=,+2qVj9fKEYO7a3rE8fgrocnUYUE=
-1,-9,baZtdjJHvnknqEv2OkAxPrFaoDY=,vlP4F1Niu9qHdFyERxfMTfYrs+A=
-1,-10,baZtdjJHvnknqEv2OkAxPrFaoDY=,xmjMAdiQDpXj7AGqe9onBkexdjA=
-1,-11,baZtdjJHvnknqEv2OkAxPrFaoDY=,M4zsVSbI1yisx1dSVZI/ok05a4g=
-1,-12,baZtdjJHvnknqEv2OkAxPrFaoDY=,vUwSEkqsnrpRKZcsjENVV1toKDo=
-1,-13,BaTa7TzUVgXUGC6lThahRCRrxc0=,pCdd2TZhRXfYrIAxxeyD0/mrZiU=
-1,-14,BaTa7TzUVgXUGC6lThahRCRrxc0=,tmaf4kvYG3LLWkQX2KKGoPlWcZs=
-1,-15,BaTa7TzUVgXUGC6lThahRCRrxc0=,q5xFhjvc6MDYcnW9niEM9DsIZTI=
-1,-16,BaTa7TzUVgXUGC6lThahRCRrxc0=,f99uk1Wl3OAOyzbgAiVzC366nkE=
-1,-17,BaTa7TzUVgXUGC6lThahRCRrxc0=,wRtuUCWI2hVdjkTKyxJwoxN9zxM=
-1,-18,BaTa7TzUVgXUGC6lThahRCRrxc0=,5hHAi5M0RAkftq1qAKKAmQaIsmo=
-1,-19,BaTa7TzUVgXUGC6lThahRCRrxc0=,c/PKpLD+D4u6quttxUGEhpOKcC8=
-1,-20,BaTa7TzUVgXUGC6lThahRCRrxc0=,q2MH2pEo6V6yd2QKMp9Rr2NI4fc=
-1,-21,BaTa7TzUVgXUGC6lThahRCRrxc0=,dkJVzxzUParpuo6ID54pZCe380I=
-1,-22,iZmjuZpKFs7APormx5lfWfYYICs=,PNK+ZgD6PLfSYJyrr6SpDFw1eWE=
-1,-23,iZmjuZpKFs7APormx5lfWfYYICs=,xXKPAmv/N95u04rV3SU9QYASZNA=
-1,-24,iZmjuZpKFs7APormx5lfWfYYICs=,MEJY7M0jXYAqJ+OWkOaVb88uzYc=
-2,-2,iZmjuZpKFs7APormx5lfWfYYICs=,I6c9bzK+quToN3Aa6vZPfTvz4uM=
-2,-1,iZmjuZpKFs7APormx5lfWfYYICs=,x2rUENNKcU1f8s0R3VCR/zCp52c=
-2,-4,iZmjuZpKFs7APormx5lfWfYYICs=,4G4VdJKbuAPFiUzXqnXrdAAHzog=
-2,-3,iZmjuZpKFs7APormx5lfWfYYICs=,/SemVbNIHY5wfPZX1tmdE7dSof4=
-2,-6,iZmjuZpKFs7APormx5lfWfYYICs=,oLKk1pk1ValYeQVvcurC4wGaZKU=
-2,-5,YqdX+kNq3dSlO3j0whI7domGsr4=,KrYZtRDZRH2PUYFkAdDSmmeCY2A=
-2,-8,YqdX+kNq3dSlO3j0whI7domGsr4=,HlDY3mO2TIkSK2w4lDsto1j8BGU=
-2,-7,YqdX+kNq3dSlO3j0whI7domGsr4=,rXsm3egJNA7OiYGEb35R8bCnGWY=
-2,-10,YqdX+kNq3dSlO3j0whI7domGsr4=,vLnB/NUbY4eFl8cuefTYJ1Qn6HM=
-2,-9,YqdX+kNq3dSlO3j0whI7domGsr4=,Mez/LPUUm87zkzp6lDiLjIyfsGc=
-2,-12,YqdX+kNq3dSlO3j0whI7domGsr4=,MasblTxFGYR+FxuF7DIicxsDTQU=
-2,-11,JriqdBh03zqwcMOq1s+RY+nRdeE=,sF7PlCgvOGZsYKXlG/fTFXadEaw=
-2,-14,JriqdBh03zqwcMOq1s+RY+nRdeE=,ls6T6Go3q/HPsvq+bidRo5HnA74=
-2,-13,JriqdBh03zqwcMOq1s+RY+nRdeE=,5IehiCox/cYGxq6BIMDcKayggTo=
-2,-16,JriqdBh03zqwcMOq1s+RY+nRdeE=,YgIazGMQ4VLq9u21RweGLY9Jkj4=
-2,-15,JriqdBh03zqwcMOq1s+RY+nRdeE=,lVxuJOuQ+hORFXXDhw/cIk2OSoQ=
-2,-18,JriqdBh03zqwcMOq1s+RY+nRdeE=,kRBezXspMFVxa79ca6wNXYUT9pk=
-2,-17,kpwk91Qii8k48g3q1exDlm53R44=,0Ly88jYarVex71OShmL6q4ojRrE=
-2,-20,kpwk91Qii8k48g3q1exDlm53R44=,SMkMjtx72tVwtHcZ9SroFcdNYDo=
-2,-19,kpwk91Qii8k48g3q1exDlm53R44=,0uPF/n8uyK1UDOdlheJQLv0fef4=
-2,-22,kpwk91Qii8k48g3q1exDlm53R44=,Ns4gSulMfoAl3v1J7vy3kSL6Hw0=
-2,-21,kpwk91Qii8k48g3q1exDlm53R44=,Ns4gSulMfoAl3v1J7vy3kSL6Hw0=
-2,-24,kpwk91Qii8k48g3q1exDlm53R44=,qTJ1v2OIfLy3s//mvXIb5qHT/mU=
-2,-23,kpwk91Qii8k48g3q1exDlm53R44=,X1r8xIIxaSDjPvQpI+FhjgOy788=
-3,-3,kpwk91Qii8k48g3q1exDlm53R44=,aHjB9dMUoXmBOL4LdXXPJo34UcY=
-3,-4,kpwk91Qii8k48g3q1exDlm53R44=,wAUJ3SMEf9Ho2Wvynr/Zp+JinRI=
-3,-1,kpwk91Qii8k48g3q1exDlm53R44=,Pp2SYHPuoVddsz/g4aHriWQI1Vs=
-3,-2,kpwk91Qii8k48g3q1exDlm53R44=,y0+FVrLoAn0t1wfKsLMLk0QH4hg=
-3,-7,kpwk91Qii8k48g3q1exDlm53R44=,SE6+NTCZi9L4kcWw43TGIaLB2eQ=
-3,-8,uyD72pZ08fLI24vq5x3vwnMWNi0=,IAds+BVZJhpc3opvfPHzW9tQiFQ=
-3,-5,uyD72pZ08fLI24vq5x3vwnMWNi0=,xBDxm0eP7Z46nEYg7W77xMnTfZE=
-3,-6,uyD72pZ08fLI24vq5x3vwnMWNi0=,tGsEowaxVi3FIm03CeM7XoQnREw=
-3,-11,uyD72pZ08fLI24vq5x3vwnMWNi0=,p6PrYkQsdpHjHxf0MFNA65hXth0=
-3,-12,uyD72pZ08fLI24vq5x3vwnMWNi0=,EF88B5nxvR1II+ExTyzZZMORgqQ=
-3,-9,uyD72pZ08fLI24vq5x3vwnMWNi0=,z26hET4A7VVwfr42V5zmt0fWPds=
-3,-10,uyD72pZ08fLI24vq5x3vwnMWNi0=,r9Oy5w0SZTp98n40SySPcSDSCTs=
-3,-15,uyD72pZ08fLI24vq5x3vwnMWNi0=,JMak6U9C+UL7w/o8w+PYjqC2frU=
-3,-16,DcWl+1cS2bdrRqBOCDqYp3nqSaA=,KM8Po8ZwhC/PGseKbkWuSiCGU1o=
-3,-13,DcWl+1cS2bdrRqBOCDqYp3nqSaA=,Sjd2je7Hjx3/CCahttE3gg+ct2U=
-3,-14,DcWl+1cS2bdrRqBOCDqYp3nqSaA=,A0F75wIunOP23o+InsPxCdz6z34=
-3,-19,DcWl+1cS2bdrRqBOCDqYp3nqSaA=,cIMaUajjlhs6gBlHh2VLy9dwDfA=
-3,-20,DcWl+1cS2bdrRqBOCDqYp3nqSaA=,mwqVO1F6tEGHlez38SI4lcqpf34=
-3,-17,DcWl+1cS2bdrRqBOCDqYp3nqSaA=,AkyDLLrikGUJupbJONwsYOvVook=
-3,-18,DcWl+1cS2bdrRqBOCDqYp3nqSaA=,dGE+e5xREuEX+zJIkVPGnVeT/R8=
-3,-23,DcWl+1cS2bdrRqBOCDqYp3nqSaA=,BlWyGBCmZPUv1Et7ixbBXFjxXL8=
-3,-24,DcWl+1cS2bdrRqBOCDqYp3nqSaA=,thPiWJ+Bxhm50Po+mOg75lAdMck=
-4,-4,DcWl+1cS2bdrRqBOCDqYp3nqSaA=,Ofe07WCmr++pQ719psENf+oBiRQ=
-4,-3,DcWl+1cS2bdrRqBOCDqYp3nqSaA=,gcjJD+2wXsQxKHh48IXcP9C1uVA=
-4,-2,DcWl+1cS2bdrRqBOCDqYp3nqSaA=,kNN0BgfP9ciwbFpQL1sAqRRrnoA=
-4,-1,kV79oHbbd+IW4elz1os/ecKLCJM=,7UyPgoDetQwUvrq4mdZMvCnBZdg=
-4,-8,kV79oHbbd+IW4elz1os/ecKLCJM=,pvUi4dk6gUBomWRzfXSGWDnbwEQ=
-4,-7,kV79oHbbd+IW4elz1os/ecKLCJM=,gIxyIGY8KkcdyfBO8lJZ8RpFaBU=
-4,-6,kV79oHbbd+IW4elz1os/ecKLCJM=,FqED95NMshHDQr2uAzSVr0bIjkI=
-4,-5,pMy/zRK36inV7prfCpXtSliEyuE=,v8P7RkmFaae8zFCK5Zw33bsd0zc=
-4,-12,pMy/zRK36inV7prfCpXtSliEyuE=,/xzf+ygatPCP6kYiw8G3jpVEA9Y=
-4,-11,pMy/zRK36inV7prfCpXtSliEyuE=,x+D2pUIC4X6dztkxiXAlH4sGPQk=
-4,-10,pMy/zRK36inV7prfCpXtSliEyuE=,PMaNfRfsTzB0a2V/y5XiCdfkFYo=
-4,-9,pMy/zRK36inV7prfCpXtSliEyuE=,mreJSecNgCmpI5TeNZ0yFhQUrpg=
-4,-16,pMy/zRK36inV7prfCpXtSliEyuE=,VGjAL+6KejGpMHFOlZxap/TzHl8=
-4,-15,pMy/zRK36inV7prfCpXtSliEyuE=,i7IJ18Zv23TXua8iLScKbW3QOHI=
-4,-14,jgG9We4Ua3LR9DgIbwOKXk2BC58=,Ey7BS6IPc8qFml9CJu2ufA3Q5ak=
-4,-13,jgG9We4Ua3LR9DgIbwOKXk2BC58=,yDikxQ3Ws4eV+BtZ6lHovO+2NlY=
-4,-20,jgG9We4Ua3LR9DgIbwOKXk2BC58=,8DKn0BWizCD2DRqkjJWxiMb1cO4=
-4,-19,jgG9We4Ua3LR9DgIbwOKXk2BC58=,/TtzsCkY/daDabYN/nbEt8jbkHM=
-4,-18,jgG9We4Ua3LR9DgIbwOKXk2BC58=,2hXAdPtbgplD0KgNXy6iNSe8ZYk=
-4,-17,jgG9We4Ua3LR9DgIbwOKXk2BC58=,YKe37hDUWG+C/6BJB+HmwR9SZzM=
-4,-24,jgG9We4Ua3LR9DgIbwOKXk2BC58=,0MPoLgkNUbHQZfrn7Gzo8JXEJGg=
-4,-23,jgG9We4Ua3LR9DgIbwOKXk2BC58=,ih5XADt8kgYdVvtoj22Whvbs0B0=
-5,-5,jgG9We4Ua3LR9DgIbwOKXk2BC58=,xq+xwOcZd1ZfJtgnlHWvEqhuChg=
-5,-6,jgG9We4Ua3LR9DgIbwOKXk2BC58=,qHz6UrL88pXSOKyYTu5707x3kmE=
-5,-7,jgG9We4Ua3LR9DgIbwOKXk2BC58=,nMFmWrjrZHqKm+xL/ofkpjhQStQ=
-5,-8,k+K6pVr7tVng9MmdxXias73ters=,xOPSmJgfJy+XHhbaH6d0Ua5njYM=
-5,-1,k+K6pVr7tVng9MmdxXias73ters=,FC03GU3KoJNFPKogiXN0ODFyCBk=
-5,-2,k+K6pVr7tVng9MmdxXias73ters=,l9gF8lbptfwi7DqRK6D5LQu0xnY=
-5,-3,k+K6pVr7tVng9MmdxXias73ters=,mFaIL+MuLwIyCHUBbPOXnitF2+8=
-5,-4,k+K6pVr7tVng9MmdxXias73ters=,LV9C79/qzUYDhykyBRm8zTHC3IA=
-5,-13,k+K6pVr7tVng9MmdxXias73ters=,KzIfOnTVdZmKKT9JrUxJNUKigBA=
-5,-14,k+K6pVr7tVng9MmdxXias73ters=,R+dwJXJWGxW0spe6YBKrlLJxqBE=
-5,-15,k+K6pVr7tVng9MmdxXias73ters=,qUAvj9IhHXq3/ziyFCN+nTvbOnQ=
-5,-16,/LfuoT6bXgh54EI7ueDG0WjaVz8=,lFHuuNJ2z2+AGo4Q2ii+jINuV04=
-5,-9,/LfuoT6bXgh54EI7ueDG0WjaVz8=,iSR3xUv0yuzLUE6jCOeqZSd3RDU=
-5,-10,/LfuoT6bXgh54EI7ueDG0WjaVz8=,39uJzacKKHLt3Ny61PC1t03qiHs=
-5,-11,/LfuoT6bXgh54EI7ueDG0WjaVz8=,JZnALsYzWC8kivY35uV+Xk9KnsI=
-5,-12,/LfuoT6bXgh54EI7ueDG0WjaVz8=,/xzf+ygatPCP6kYiw8G3jpVEA9Y=
-5,-23,/LfuoT6bXgh54EI7ueDG0WjaVz8=,v3CkcGZCDnCnDEW1BcK/mJ9zmc0=
-5,-24,/LfuoT6bXgh54EI7ueDG0WjaVz8=,W28P1BjMl0kGLeENIhn2GQGDZJA=
-5,-17,/LfuoT6bXgh54EI7ueDG0WjaVz8=,1sgN2mWgSmXGuassI5//N7Fvs1U=
-5,-18,/LfuoT6bXgh54EI7ueDG0WjaVz8=,b50EcrckW3Y1XCphf6Ih2TcBOr0=
-5,-19,/LfuoT6bXgh54EI7ueDG0WjaVz8=,ZcI9W60PqcSAIelpjcBP22gnn0A=
-5,-20,/LfuoT6bXgh54EI7ueDG0WjaVz8=,TC7GjJh/E99TBksEmex5e7rfYGA=
-6,-6,G9OdlTs7RNeslCzWQwG+kbbl3Og=,qRaZXIJhSxrSxnLL98XZdi2/xzo=
-6,-5,G9OdlTs7RNeslCzWQwG+kbbl3Og=,tvNQUoxHOI2gIC6XI7KOGiRILk8=
-6,-8,G9OdlTs7RNeslCzWQwG+kbbl3Og=,GSfgNoVyBEX1VaaWQj6QansRnE0=
-6,-7,G9OdlTs7RNeslCzWQwG+kbbl3Og=,OXwJ46+8qtpUF5eIkC4BvANABGo=
-6,-2,G9OdlTs7RNeslCzWQwG+kbbl3Og=,oOqx7Tag6hVVAXRSbKNaZz5lHbA=
-6,-1,G9OdlTs7RNeslCzWQwG+kbbl3Og=,w5lorHHamk2M4kkZc2UOdxegy/8=
-6,-4,G9OdlTs7RNeslCzWQwG+kbbl3Og=,Ezd8AcnvTvMiRF2FjRkrMaSmRAs=
-6,-3,G9OdlTs7RNeslCzWQwG+kbbl3Og=,mfC4SgE63CgwquocRGIkxC9UkO8=
-6,-14,G9OdlTs7RNeslCzWQwG+kbbl3Og=,hoo13Zv7tbZi2+NY9nqMLecYpjI=
-6,-13,hJOXpRRHlcIK7T6UNvOFoBpte1E=,wIhHE7eHLrVXD0t9BTUJ5DYTTYw=
-6,-16,hJOXpRRHlcIK7T6UNvOFoBpte1E=,7oaHAdAV+IlgRoeLvFg44FghGvU=
-6,-15,hJOXpRRHlcIK7T6UNvOFoBpte1E=,hkVokcFTrxymPEPTz6MIrhdaumo=
-6,-10,hJOXpRRHlcIK7T6UNvOFoBpte1E=,hMHu/Gd2r9+SmVzPEEngx6H/MXI=
-6,-9,hJOXpRRHlcIK7T6UNvOFoBpte1E=,XKbDVHI1vvumaP/45IwOC2e0Os8=
-6,-12,hJOXpRRHlcIK7T6UNvOFoBpte1E=,bz9Zhba6lQKeH+0IfqflOgJrPeA=
-6,-11,hJOXpRRHlcIK7T6UNvOFoBpte1E=,bKKifx70ibmWzomxFftTsHWCFmI=
-6,-24,hJOXpRRHlcIK7T6UNvOFoBpte1E=,W28P1BjMl0kGLeENIhn2GQGDZJA=
-6,-23,hJOXpRRHlcIK7T6UNvOFoBpte1E=,0MAx/wnpY5NRJBMhtDjRTwaCFX4=
-6,-18,hJOXpRRHlcIK7T6UNvOFoBpte1E=,0UCr5KhTAqW+vWeFw1UWT02vUgw=
-6,-17,hJOXpRRHlcIK7T6UNvOFoBpte1E=,3GDXviVAhvCghlv24tyOVDP4M6Q=
-6,-20,BCF0ddvO0S3X9Ac+sCjT7af5Umg=,m4EewsOFqF1j+KquCXYe3ohl6rk=
-6,-19,BCF0ddvO0S3X9Ac+sCjT7af5Umg=,/Zfv5WYdcH6a+5X8l3aQueqS3Q0=
-7,-7,BCF0ddvO0S3X9Ac+sCjT7af5Umg=,8Db03c6OiDrd8krWGa17csaQAho=
-7,-8,BCF0ddvO0S3X9Ac+sCjT7af5Umg=,swcGTrmLlLiJEcH6aTmDVk05tG4=
-7,-5,BCF0ddvO0S3X9Ac+sCjT7af5Umg=,5f18C9wiifhoV3t0qvKk9kAa/Eo=
-7,-6,BCF0ddvO0S3X9Ac+sCjT7af5Umg=,5cV6OUXbXWrb5Al25j7fhHpftuw=
-7,-3,BCF0ddvO0S3X9Ac+sCjT7af5Umg=,EUTBMyAS34oNKxPFsvELphqSPhY=
-7,-4,BCF0ddvO0S3X9Ac+sCjT7af5Umg=,Qqv/HD6W4XcQoEkDixUN+mPGLYs=
-7,-1,BCF0ddvO0S3X9Ac+sCjT7af5Umg=,DdOHUPgO/ibVNwa8uEvBUO+tuz8=
-7,-2,by/fCx1NxbPHl50nwHHob5Namlo=,3HjaE3u4NhYoHzoK6g+A7LVN1Iw=
-7,-15,by/fCx1NxbPHl50nwHHob5Namlo=,X0NOELrCoKM8XYNJW6xmW8ehJSk=
-7,-16,by/fCx1NxbPHl50nwHHob5Namlo=,QbG+SyxsPEI3mTq5CLNT2m5yZUg=
-7,-13,by/fCx1NxbPHl50nwHHob5Namlo=,OdgQ4tH1UX22g3Q6srlCrIYgxFs=
-7,-14,by/fCx1NxbPHl50nwHHob5Namlo=,xIXFODVFD2Z89i5SKdx+UBrHy2c=
-7,-11,by/fCx1NxbPHl50nwHHob5Namlo=,feNMMlzkGf1YhkjS8eTP1+MVw3g=
-7,-12,by/fCx1NxbPHl50nwHHob5Namlo=,Xy3/3BhYH7EICeT8Bcwwjj54kfs=
-7,-9,by/fCx1NxbPHl50nwHHob5Namlo=,ZF6FgLic5GH5cpz8D3yCKp+qfU8=
-7,-10,QT7xEUY1KJqyb8LFf2l8CJMzx8k=,w1hQyDq/CWciWLlLuZPca3KKzB0=
-7,-23,QT7xEUY1KJqyb8LFf2l8CJMzx8k=,ljJ9qR/2WufFFQ3QgYuPhFCCPys=
-7,-24,QT7xEUY1KJqyb8LFf2l8CJMzx8k=,oXT7z0f2t8lJU+UIKTmaHrEwh24=
-7,-19,QT7xEUY1KJqyb8LFf2l8CJMzx8k=,+E1eqCaO+X9ygEP5NzU7FZesUj4=
-7,-20,QT7xEUY1KJqyb8LFf2l8CJMzx8k=,Aaka6lzzBYuPB2Kg3fv/II9jsrc=
-7,-17,QT7xEUY1KJqyb8LFf2l8CJMzx8k=,qAsnOrUrYnAUdJPQs7BJ50iGYbY=
-7,-18,QT7xEUY1KJqyb8LFf2l8CJMzx8k=,X8OkrIJIFvWXkl9XL6pdcGB3jTs=
-8,-8,QT7xEUY1KJqyb8LFf2l8CJMzx8k=,rkDn/0eCK+4g2leKr7WLMErYN30=
-8,-7,QT7xEUY1KJqyb8LFf2l8CJMzx8k=,AnYybgJkmTyJ928D2n9nxuueMvQ=
-8,-6,QT7xEUY1KJqyb8LFf2l8CJMzx8k=,MRISPzPFrUSpZ2hLFOBgrDS6gEU=
-8,-5,w494JJ0013VpOQVhLrl8eYX23UY=,2Jo00cet1rbYlph0xnjfwGHZLCU=
-8,-4,w494JJ0013VpOQVhLrl8eYX23UY=,R3ZFIN64cUb01S+L4mv/Z9swhTc=
-8,-3,w494JJ0013VpOQVhLrl8eYX23UY=,kdJtbNmoesSG/DJqia3Y+BWkx7s=
-8,-2,w494JJ0013VpOQVhLrl8eYX23UY=,Jj3Yo9Ixwtwi7ermmRLPEFN/RDc=
-8,-1,w494JJ0013VpOQVhLrl8eYX23UY=,pilT+TarN4bkWnh7l3pv2HRLmeQ=
-8,-16,w494JJ0013VpOQVhLrl8eYX23UY=,/RwvYNI5jTeh8k14NLGypWyqEzs=
-8,-15,w494JJ0013VpOQVhLrl8eYX23UY=,UuDq+c42Y0lNPhushE/wZIwEb7o=
-8,-14,w494JJ0013VpOQVhLrl8eYX23UY=,VqAu+f8AsPnqgSO6MWSKiuU70z4=
-8,-13,UbD1xfx40g76lLzl/5eCCYu8DJ8=,LuUGm0vYLGyxRnnbzV1mKDsIRU4=
-8,-12,UbD1xfx40g76lLzl/5eCCYu8DJ8=,LXkseNkh3uxF5UGYp0x83JgZvU0=
-8,-11,UbD1xfx40g76lLzl/5eCCYu8DJ8=,7ZmnJ+H0BCzau1+J3xj65efxCxg=
-8,-10,UbD1xfx40g76lLzl/5eCCYu8DJ8=,UiajYVgWXEfTan7N3Brdb52ycmI=
-8,-9,UbD1xfx40g76lLzl/5eCCYu8DJ8=,wP9JciI1RlIArdISvyJWvFF0Ajc=
-8,-24,UbD1xfx40g76lLzl/5eCCYu8DJ8=,iPYAA6zymcfET6/sQrmKzbd+R54=
-8,-23,UbD1xfx40g76lLzl/5eCCYu8DJ8=,3JmTkAqFtUzkbxQm4w2kCeR7b7g=
-8,-21,UbD1xfx40g76lLzl/5eCCYu8DJ8=,zI8ITTU+y+dt8FlcrNH9davYT+c=
-8,-20,XwbGGlgMHGgM1fd21UW5unsdRRM=,VEC7an5A0hUtJV5KJudDb3AlpJs=
-8,-19,XwbGGlgMHGgM1fd21UW5unsdRRM=,pkcZdA2FzTu6UBqXPNjV8DcRVi0=
-8,-18,XwbGGlgMHGgM1fd21UW5unsdRRM=,y7SHS5AsRUnBYywfuhnKHM/pFAE=
-8,-17,XwbGGlgMHGgM1fd21UW5unsdRRM=,QNc0PSsrNytvEVPqnrKZU0zFTm4=
-9,-9,XwbGGlgMHGgM1fd21UW5unsdRRM=,BW/LRqqA3kRQ1qDVnGfTHaeM9rI=
-9,-10,XwbGGlgMHGgM1fd21UW5unsdRRM=,ANwqnQYl2xd81wKPD6JS+z8WKEE=
-9,-11,XwbGGlgMHGgM1fd21UW5unsdRRM=,HOjXH/bu56gN1EPrEj1SBfjlXAs=
-9,-12,o9ovYXNk81v+WbA3Hj0i8GVD0JQ=,aGoXYz2tWYjs50m1wVvvH8qrCSo=
-9,-13,o9ovYXNk81v+WbA3Hj0i8GVD0JQ=,Dz777FTiQh9eL8z3W4GwBl3s9y0=
-9,-14,o9ovYXNk81v+WbA3Hj0i8GVD0JQ=,DIX6/ixJj9ZISX8zRtoGxdy8spU=
-9,-15,o9ovYXNk81v+WbA3Hj0i8GVD0JQ=,GWuPZniyV09RcUFF8c8GbFWClfA=
-9,-16,o9ovYXNk81v+WbA3Hj0i8GVD0JQ=,ladiVRGvKJGxT1YIbZ2HJbBIxIg=
-9,-1,o9ovYXNk81v+WbA3Hj0i8GVD0JQ=,iTsh6hgBY9XFGITaVepc6HTXI4E=
-9,-2,o9ovYXNk81v+WbA3Hj0i8GVD0JQ=,nfvholpVOA4CJZUXU3UqvHHctgw=
-9,-3,o9ovYXNk81v+WbA3Hj0i8GVD0JQ=,G6A4ZA7AMMy3JadlimNoddPTJw0=
-9,-4,o9ovYXNk81v+WbA3Hj0i8GVD0JQ=,hTXNnLiQAi+tSoDANa6YuHfWdUs=
-9,-5,HrLMEUH4L5UQev4cLZ5BPLvjwX4=,dg849ZCkVFxkT1NjvtlJFORDHNk=
-9,-6,HrLMEUH4L5UQev4cLZ5BPLvjwX4=,rJqv01Pwi7vlaIPvQ7V1SYHnrwI=
-9,-7,HrLMEUH4L5UQev4cLZ5BPLvjwX4=,YK79dv5z2hFcEU0+hfxuw/pw+1Q=
-9,-8,HrLMEUH4L5UQev4cLZ5BPLvjwX4=,MIbM1oTWMQ0IgyfQ157GIxAcJwU=
-9,-19,HrLMEUH4L5UQev4cLZ5BPLvjwX4=,yWd07NK1a4+J+rvAW9/AGWC22o0=
-9,-20,HrLMEUH4L5UQev4cLZ5BPLvjwX4=,w5ZFRLh9XHN1w2DFKZ+ItgvpsAk=
-9,-21,HrLMEUH4L5UQev4cLZ5BPLvjwX4=,wSBlAleepVDda5vw3Lcv6cmRjsM=
-9,-23,HrLMEUH4L5UQev4cLZ5BPLvjwX4=,anFq3eOzZOlNPXj/FSVIgjrsBLM=
-9,-24,HrLMEUH4L5UQev4cLZ5BPLvjwX4=,HKivbxIUjekrju8LeZqbpnx1xZ4=
-10,-10,cA2e4M3MRyYdOMgFu15aE38BdT0=,QGRdd+XcJmoCd/c3w1cptmHkOz8=
-10,-9,cA2e4M3MRyYdOMgFu15aE38BdT0=,BwnhnLJaqE4QlAq0rBjMXulGU6U=
-10,-12,cA2e4M3MRyYdOMgFu15aE38BdT0=,t5tacF3xcUq1jh5ewsmMM3Taqpc=
-10,-11,cA2e4M3MRyYdOMgFu15aE38BdT0=,09ffi6aOST5+Yt32qXnC5NMOT5Q=
-10,-14,cA2e4M3MRyYdOMgFu15aE38BdT0=,JRLt4gIKShym2+q3R1WeqXLk5rU=
-10,-13,cA2e4M3MRyYdOMgFu15aE38BdT0=,paHOHOpyfrYvz+xBTc6J1BI6sgI=
-10,-16,cA2e4M3MRyYdOMgFu15aE38BdT0=,42D/9n1Zt+6udXnbhfBEdSTpw0M=
-10,-15,cA2e4M3MRyYdOMgFu15aE38BdT0=,7YNMttxopJQ+KpNuIgJqrmPkpRQ=
-10,-2,lh+VlM0lqK1bObdR5xRm8ZEwNUI=,DVghLpPBxyzduib7Aff6CEquFsA=
-10,-1,lh+VlM0lqK1bObdR5xRm8ZEwNUI=,hmyKHHlAvJHCeczSzuMIMegqZYA=
-10,-4,lh+VlM0lqK1bObdR5xRm8ZEwNUI=,CKrzAu2XdRauUoyOH20e4myHJNE=
-10,-3,lh+VlM0lqK1bObdR5xRm8ZEwNUI=,MUXx/yQ+MesOluLzIneLgbYonUU=
-10,-6,lh+VlM0lqK1bObdR5xRm8ZEwNUI=,pnBb2QmhFm4nbCTKlaYvG/MdSYk=
-10,-5,lh+VlM0lqK1bObdR5xRm8ZEwNUI=,ip8VrVFQuU+E8KNBXymGjKxQxx0=
-10,-8,lh+VlM0lqK1bObdR5xRm8ZEwNUI=,8HPORkQkYiW2q6KmA8Vf0V+XfG0=
-10,-7,lh+VlM0lqK1bObdR5xRm8ZEwNUI=,3OrX+ARqlvkgdYyX+WC2hqmuDoI=
-10,-20,Q1xqDoyxBhLsJ7qq5JEkW7d+ESc=,dOpuvwUjM9066KX88qsXLkV1ikc=
-10,-19,Q1xqDoyxBhLsJ7qq5JEkW7d+ESc=,PgBpTAQS1obSq2TzeFcy7SplM4U=
-10,-21,Q1xqDoyxBhLsJ7qq5JEkW7d+ESc=,iCz5Xna4AJvRNrSfxzRBpFjKv8A=
-10,-24,Q1xqDoyxBhLsJ7qq5JEkW7d+ESc=,HKivbxIUjekrju8LeZqbpnx1xZ4=
-10,-23,Q1xqDoyxBhLsJ7qq5JEkW7d+ESc=,yq+KYOVTJY9Zi7iy6d2Im3ifTBM=
-11,-11,Q1xqDoyxBhLsJ7qq5JEkW7d+ESc=,HhEtxXsW5ZH+eN8sd1GUuTRA/84=
-11,-12,Q1xqDoyxBhLsJ7qq5JEkW7d+ESc=,kzNgxWV7gLQ9UY64aP4NTp3bHws=
-11,-9,Q1xqDoyxBhLsJ7qq5JEkW7d+ESc=,w6DkXGQm9dkaeN09NMDtK1805Ok=
-11,-10,Q1xqDoyxBhLsJ7qq5JEkW7d+ESc=,ESzAEg/EalxfncEFqQyLxH0RDNM=
-11,-15,Q1xqDoyxBhLsJ7qq5JEkW7d+ESc=,0rRKSHFwQPZHSLF4WT9EjN/C6YU=
-11,-16,dW8TmyomcoKSYssbhpur+ajTwwA=,MwvNEFr8ew/DNXl/VGyKWJ7O34I=
-11,-13,dW8TmyomcoKSYssbhpur+ajTwwA=,etZ15UIAePLxwLedD8u1Rx8fUKw=
-11,-14,dW8TmyomcoKSYssbhpur+ajTwwA=,0pCzfcCF/ZLsBMj0WNJtxK6xnoY=
-11,-3,dW8TmyomcoKSYssbhpur+ajTwwA=,HA2Bt2B+P4t8Sfe6rV2jKB4/6Bo=
-11,-4,dW8TmyomcoKSYssbhpur+ajTwwA=,vmUkQvW9plQP0zfnbUGyojKEiCg=
-11,-1,dW8TmyomcoKSYssbhpur+ajTwwA=,0BNJavI3zkEr0guzjTLlUWp40SI=
-11,-2,dW8TmyomcoKSYssbhpur+ajTwwA=,84vGjM2OBTKuXEWvXXvDxdVbzQQ=
-11,-7,dW8TmyomcoKSYssbhpur+ajTwwA=,m+Aug/QYxSRcY4FL/FuEYt5Cf34=
-11,-8,dW8TmyomcoKSYssbhpur+ajTwwA=,q0zA5WCgH4esAUhBXU0nyfkQL0g=
-11,-5,dGrRjuNfjM2sbYQAZeU9QSsOaqE=,0Ssr+Myd6hGCwL7sIpSVN2k8f38=
-11,-6,dGrRjuNfjM2sbYQAZeU9QSsOaqE=,aqPmeo2DSS5ZAYAW4dgOUZI9KJc=
-11,-20,dGrRjuNfjM2sbYQAZeU9QSsOaqE=,pad89tTKKKURIV4/6eVpYQscJOQ=
-11,-23,dGrRjuNfjM2sbYQAZeU9QSsOaqE=,V5gnDm+JuYTH/ZddvOJBo+vWupM=
-11,-24,dGrRjuNfjM2sbYQAZeU9QSsOaqE=,elItNNzjXJyTOfDJaqfikHNRRQk=
-11,-21,dGrRjuNfjM2sbYQAZeU9QSsOaqE=,owh8fYpGEM7WpQkFzWc9TJOSRGI=
-12,-12,dGrRjuNfjM2sbYQAZeU9QSsOaqE=,4jOjyEccxMFKI5GEB3TMM79YW3g=
-12,-11,dGrRjuNfjM2sbYQAZeU9QSsOaqE=,wD0Ktvb8ZjgvnxChWUsvCZMHiVw=
-12,-10,dGrRjuNfjM2sbYQAZeU9QSsOaqE=,LpqEQSAF0b26vKiiywWx/WgDdyo=
-12,-9,V8O/CGshn7TdJ4d8w+5tDFuTxC4=,WjRfNFq1R20PMlB4USUV++N8sqg=
-12,-16,V8O/CGshn7TdJ4d8w+5tDFuTxC4=,upj6IOGsc3EOYEIFSJ9qavlgcjg=
-12,-15,V8O/CGshn7TdJ4d8w+5tDFuTxC4=,4Nvy1LNFWAAJ2iW1bcoeWdzk25I=
-12,-14,V8O/CGshn7TdJ4d8w+5tDFuTxC4=,n/88yCbzLE3fmyQSY2Vt5z6veBY=
-12,-13,V8O/CGshn7TdJ4d8w+5tDFuTxC4=,9skJ0gWHi83gfvrFVXlPZGTBTyM=
-12,-4,V8O/CGshn7TdJ4d8w+5tDFuTxC4=,Z3hsoFkK9MnGKlA/mo5lQ6fDZoQ=
-12,-3,V8O/CGshn7TdJ4d8w+5tDFuTxC4=,dIV2uuyokRfGlu6obSaONRFA3g4=
-12,-2,V8O/CGshn7TdJ4d8w+5tDFuTxC4=,II0Y8Gf4LW9SoDGMV8eTcC1pRyo=
-12,-1,V8O/CGshn7TdJ4d8w+5tDFuTxC4=,UEZ1A2uNWgEJCgEB+XWyh8fCIes=
-12,-8,i/9CQK5jYVq48buk2QeoDSbMJfM=,fbKrCgoDWFB2vN8eHorVi6T6U+8=
-12,-7,i/9CQK5jYVq48buk2QeoDSbMJfM=,zpriemXT/fupU2PP7o3V68hwKhE=
-12,-6,i/9CQK5jYVq48buk2QeoDSbMJfM=,PA80qn2m1BBfz0vZ65bssnQqUkk=
-12,-5,i/9CQK5jYVq48buk2QeoDSbMJfM=,j7LbhbsWVX6hT5lM4vv2ZFph7GI=
-12,-20,i/9CQK5jYVq48buk2QeoDSbMJfM=,NJBICWKtEV4xTpsV9aKKSThlD3U=
-12,-19,i/9CQK5jYVq48buk2QeoDSbMJfM=,IuJV9CYoj9v2YdADvv3q3qd3aVA=
-12,-24,i/9CQK5jYVq48buk2QeoDSbMJfM=,aPTsGk7CFJU6pfPfWi+0jyRTEsg=
-12,-23,i/9CQK5jYVq48buk2QeoDSbMJfM=,xNE07MlG/3aC4PQ+m9blcRcTJiQ=
-12,-21,i/9CQK5jYVq48buk2QeoDSbMJfM=,oJM712SOjqJAIlsfNdUMI8eibr8=
-13,-13,wRzsz0KCubnVsKl1QdI/G1ZEme4=,bZ7pynYic5dAqqv7LO+7RBJhY+k=
-13,-14,wRzsz0KCubnVsKl1QdI/G1ZEme4=,2ntl/C7bY+VHlHbb6gOVVQFxHfQ=
-13,-15,wRzsz0KCubnVsKl1QdI/G1ZEme4=,G1XlwdWuCtJJfbl8IszksA7xtK4=
-13,-16,wRzsz0KCubnVsKl1QdI/G1ZEme4=,ZbkoRyl1/LiGJvIqaWXsfDBWAwE=
-13,-9,wRzsz0KCubnVsKl1QdI/G1ZEme4=,WbO4SF7C8x/+p5ZvZScUU3rzfNg=
-13,-10,8lXVVAiyGDqbQ5m70gXsTjEEdG8=,Ful/V+Yv07bdaPCAoFgkGF0YEfI=
-13,-11,8lXVVAiyGDqbQ5m70gXsTjEEdG8=,Nlt6J4TSqnBu388DFur3pFyotVs=
-13,-12,8lXVVAiyGDqbQ5m70gXsTjEEdG8=,bnsHsNX3XwkEa6LJFZaKCzBS+bc=
-13,-5,8lXVVAiyGDqbQ5m70gXsTjEEdG8=,3FIBPNIYFu1qu9P/+d1cSquR/vc=
-13,-6,8lXVVAiyGDqbQ5m70gXsTjEEdG8=,nN5wdMK2ijtaO6nwoJ6KjYbQKjE=
-13,-7,fTKA8WUn0Y8WwIq8+tre4D7iwmc=,ESu/jXhb5tD6x5ru4W8uhHUvYvc=
-13,-8,fTKA8WUn0Y8WwIq8+tre4D7iwmc=,8gI58dS69B0j/mwmNb68pLMrrTg=
-13,-1,fTKA8WUn0Y8WwIq8+tre4D7iwmc=,+FptOTPJyKDfzmXpDof1NSVtCF4=
-13,-2,fTKA8WUn0Y8WwIq8+tre4D7iwmc=,GufiXhLlTQF+n7qz1qDO/B0L4qM=
-13,-3,fTKA8WUn0Y8WwIq8+tre4D7iwmc=,jEeChyfNnVJoADtzQX6iStVX4iw=
-13,-4,fTKA8WUn0Y8WwIq8+tre4D7iwmc=,0HnD4yvIG+jgpybg63DZwgV0K/Q=
-13,-21,fTKA8WUn0Y8WwIq8+tre4D7iwmc=,yD7ExiPlnpKGGNVWR+sCWY+Q9W4=
-13,-23,fTKA8WUn0Y8WwIq8+tre4D7iwmc=,bdt3yPcNjBBf6FdPYcUz0Fvj/zo=
-13,-24,fTKA8WUn0Y8WwIq8+tre4D7iwmc=,aPTsGk7CFJU6pfPfWi+0jyRTEsg=
-13,-17,VvPE2qz269aSuxwbiQ4APtrYJXs=,08BumawsrJ0oJRvv1b7osZlbQh8=
-13,-18,VvPE2qz269aSuxwbiQ4APtrYJXs=,n1USKwGweN4G1Th4wwcclpkHYTk=
-13,-19,VvPE2qz269aSuxwbiQ4APtrYJXs=,dosNMfYJYoCAyb72DfAaXMVgpps=
-13,-20,VvPE2qz269aSuxwbiQ4APtrYJXs=,iiS3JoSU2xVHx9yUcN0lfNOrwP8=
-14,-14,VvPE2qz269aSuxwbiQ4APtrYJXs=,hQqORwCE8KidoOawmAVrceLnVOY=
-14,-13,VvPE2qz269aSuxwbiQ4APtrYJXs=,Zsusv9esAYQNiViB0BJtTnRJKu0=
-14,-16,VvPE2qz269aSuxwbiQ4APtrYJXs=,/iIeny+7TTMp2OLSzqh3y9ytD1s=
-14,-15,VvPE2qz269aSuxwbiQ4APtrYJXs=,msb0DpDg/T487TKR6mzvXIoEEaI=
-14,-10,VvPE2qz269aSuxwbiQ4APtrYJXs=,6ns/4Wc0hIU1kCMfYBE7waKU4d8=
-14,-9,xDHRg89yFnRkyZx0tp+N/oC65Fk=,B5in0NNr723OOlyxlXnDNwpO6ME=
-14,-12,xDHRg89yFnRkyZx0tp+N/oC65Fk=,Jp6xr4kwEy6heLbGrXr7v8xFpLw=
-14,-11,xDHRg89yFnRkyZx0tp+N/oC65Fk=,+UCdYUUvYnrKuKnsmggoE4Nt46E=
-14,-6,xDHRg89yFnRkyZx0tp+N/oC65Fk=,tscc0ndW6Q5wPB//IyoLtbLvbkI=
-14,-5,xDHRg89yFnRkyZx0tp+N/oC65Fk=,hM3/WBYhlOpid2gXf1GkpDSww2s=
-14,-8,xDHRg89yFnRkyZx0tp+N/oC65Fk=,TKeI/ljeSOPqaAEQyHOWRqdo05I=
-14,-7,xDHRg89yFnRkyZx0tp+N/oC65Fk=,b3v4CCr4Ym1dzOnvANMcVmsDsQA=
-14,-2,xDHRg89yFnRkyZx0tp+N/oC65Fk=,u4+neFBSCWuVykSFmvyEssq7+m8=
-14,-1,FP4psy114jZ3B7lRX7Fo6u0lYyA=,5PbMgVcPlPsFYWxHCWiN57OOEj4=
-14,-4,FP4psy114jZ3B7lRX7Fo6u0lYyA=,kFA1B/jPRATrnmTLJoVM6R2UfC0=
-14,-3,FP4psy114jZ3B7lRX7Fo6u0lYyA=,zBmPMttqYQyPTLUnSWsgA1eAw7s=
-14,-21,FP4psy114jZ3B7lRX7Fo6u0lYyA=,/WnQUfIv8GsVrq8RSmQIrLxYtHc=
-14,-24,FP4psy114jZ3B7lRX7Fo6u0lYyA=,+30Bvxy6YQX1X1ZIGZhpXDj6unk=
-14,-23,FP4psy114jZ3B7lRX7Fo6u0lYyA=,o75kzJtl4W0l0UHWUIS1QAO6DnU=
-14,-18,FP4psy114jZ3B7lRX7Fo6u0lYyA=,tIwRBgOGP8KBxNEEuoUhVvIC0YI=
-14,-17,FP4psy114jZ3B7lRX7Fo6u0lYyA=,iJ02ix931zmqYqfLtNHivFTRsOM=
-14,-20,FP4psy114jZ3B7lRX7Fo6u0lYyA=,Y8vbheaghj70vILxiIAvGB4Taec=
-14,-19,FP4psy114jZ3B7lRX7Fo6u0lYyA=,OnOqjkNQZ9qwrF5+xIJq5VaO+28=
-15,-15,FP4psy114jZ3B7lRX7Fo6u0lYyA=,LvQ1UQdewwqTnn43knYjTx9zhrg=
-15,-16,DDrytGkAa4gi+RVITZQc9iyHD88=,gLkl5GN+e9vn6StKd6HgBiu7wOg=
-15,-13,DDrytGkAa4gi+RVITZQc9iyHD88=,xcavXjBGorkkRilk0OKSPfgxm04=
-15,-14,DDrytGkAa4gi+RVITZQc9iyHD88=,DgMovGQrWVk6QLWj9EMKEHKpcLY=
-15,-11,DDrytGkAa4gi+RVITZQc9iyHD88=,v9H19Us371DNXOi28rnRfIPbqUU=
-15,-12,DDrytGkAa4gi+RVITZQc9iyHD88=,TwQuqgauG/c8Wg80iLxWKI4IyB8=
-15,-9,DDrytGkAa4gi+RVITZQc9iyHD88=,qO69GVZbgo/lulitiG7rJUFMso0=
-15,-10,DDrytGkAa4gi+RVITZQc9iyHD88=,H+T6sJC5t53SwTQ34GRkJ+OnRWI=
-15,-7,DDrytGkAa4gi+RVITZQc9iyHD88=,2b0Y/rcJDNn93WZvlLhT400SjeQ=
-15,-8,MLQ+zGANJcBoD3xfftKKSYQeH+0=,qZrJbff4GIg01VXBolngxieV1Q0=
-15,-5,MLQ+zGANJcBoD3xfftKKSYQeH+0=,vB0cIoeIwznJfWOA0P88uabqbhk=
-15,-6,MLQ+zGANJcBoD3xfftKKSYQeH+0=,0hSaeLlkyzHkUGrjKKNR0nhWrNA=
-15,-3,MLQ+zGANJcBoD3xfftKKSYQeH+0=,TIhja3dTX0ObRB6WZDYTdx/5EUA=
-15,-4,MLQ+zGANJcBoD3xfftKKSYQeH+0=,fnmIKB9CjgXBvwY4Uq7Ujyvnxgo=
-15,-1,MLQ+zGANJcBoD3xfftKKSYQeH+0=,BKqe/Vdf2vrqeJDgemlDSU/9Ze0=
-15,-2,MLQ+zGANJcBoD3xfftKKSYQeH+0=,MrQ/Y95wgj2BEsLh94IXWp29Vbg=
-15,-23,MLQ+zGANJcBoD3xfftKKSYQeH+0=,e0+04GRt8a68HCbaFCBE1x4MuVI=
-15,-24,MLQ+zGANJcBoD3xfftKKSYQeH+0=,cVBL6FeJdkt5laT0zCGzgRs7fsQ=
-15,-19,MLQ+zGANJcBoD3xfftKKSYQeH+0=,mATDHP0u9/la94OWtMACVW5hjn0=
-15,-20,MLQ+zGANJcBoD3xfftKKSYQeH+0=,b996s4405cnIG0RmYuRf35GinyQ=
-15,-17,fwfcmDeXuDgqxwnjchw0VLJBlJU=,iWBSau2tUd/Pl07fVKEw5QBnj64=
-15,-18,fwfcmDeXuDgqxwnjchw0VLJBlJU=,sb73Wb0HrdDs95A/00NT1/bdDIY=
-16,-16,fwfcmDeXuDgqxwnjchw0VLJBlJU=,8PnDMG25yBx+sEOXCxAuBm19ulg=
-16,-15,fwfcmDeXuDgqxwnjchw0VLJBlJU=,uHS6pDEzgGdsU8u8SndBKRKxS08=
-16,-14,fwfcmDeXuDgqxwnjchw0VLJBlJU=,RNvsKED3603iXGXWtTzMbYJrzGs=
-16,-13,fwfcmDeXuDgqxwnjchw0VLJBlJU=,3fxtrXSRf+i7sHv8ZNWg0ZNET9w=
-16,-12,fwfcmDeXuDgqxwnjchw0VLJBlJU=,jgSyvDnkxDLOzdPigmqUqMYfEzc=
-16,-11,fwfcmDeXuDgqxwnjchw0VLJBlJU=,YLNiaIWkWAcLXEQnCyREzwTWRSY=
-16,-10,fwfcmDeXuDgqxwnjchw0VLJBlJU=,+UDy3xFnSryB8M4dAV/rFAKyUNI=
-16,-9,fwfcmDeXuDgqxwnjchw0VLJBlJU=,+6afbMiBOVOeq3l5DFQMzLCC7BY=
-16,-8,LBtE5zq2+dE18ocACCZzv5HHVVc=,gRsRzrF782HtD7qG/jSdblLe7LI=
-16,-7,LBtE5zq2+dE18ocACCZzv5HHVVc=,i033uSvmXtoVHZMydaucRLfHndw=
-16,-6,LBtE5zq2+dE18ocACCZzv5HHVVc=,+mlGHEogIMWrGTE8DfBItHlC2mA=
-16,-5,LBtE5zq2+dE18ocACCZzv5HHVVc=,v4a8CpBddnVdNIRYAqBiEEK/9mQ=
-16,-4,LBtE5zq2+dE18ocACCZzv5HHVVc=,1Qm4O4oWgGV2GxatLj8XS0RJ+rc=
-16,-3,LBtE5zq2+dE18ocACCZzv5HHVVc=,CZkjiM+zz8hq8JClzf8ofpFkA18=
-16,-2,LBtE5zq2+dE18ocACCZzv5HHVVc=,NAVS0tcMatqm7y3knNsqezzrt08=
-16,-1,LBtE5zq2+dE18ocACCZzv5HHVVc=,gF3PWnhrOQSx0oiq9wWxmttOysI=
-16,-24,LBtE5zq2+dE18ocACCZzv5HHVVc=,vwtXi3kL2F3EnW0nRZurcOadeac=
-16,-23,LBtE5zq2+dE18ocACCZzv5HHVVc=,Md4rdmbjoZz4vM7iqPZpaJtm0Is=
-16,-19,LBtE5zq2+dE18ocACCZzv5HHVVc=,IpvInhFq/9k/jTgtfAkGj42hqIk=
-16,-18,OlzKmf5REoXTNF5EZcOlcuDctEI=,EHxC8PuKoHhZJ2Xzy4URkU0cHH8=
-16,-17,OlzKmf5REoXTNF5EZcOlcuDctEI=,hFtuEV9zO2zwE/7NBZmuxt693sE=
-17,-17,OlzKmf5REoXTNF5EZcOlcuDctEI=,SXprz2f87f4Ete6BHNUbR2KzNYc=
-17,-18,OlzKmf5REoXTNF5EZcOlcuDctEI=,b8kAbt+ip4znGi8f8cqerT/A/JQ=
-17,-19,OlzKmf5REoXTNF5EZcOlcuDctEI=,3XhdETh8A6pbT79b6epvgQgFtxo=
-17,-23,OlzKmf5REoXTNF5EZcOlcuDctEI=,nB9sBH+vlm3XW7in5AXhyt92I64=
-17,-24,OlzKmf5REoXTNF5EZcOlcuDctEI=,cbNaxtokWr4GY6OugE6Eouq8iyQ=
-17,-1,OlzKmf5REoXTNF5EZcOlcuDctEI=,a7TBJKpOB3hVSyJdY3RDcDcZ/Po=
-17,-2,OlzKmf5REoXTNF5EZcOlcuDctEI=,PtMhN1NLqA4/7uTWERBc0mXYiEQ=
-17,-3,OlzKmf5REoXTNF5EZcOlcuDctEI=,Jxqbd1Gd99XgsCCF+tUHG2Zs+Z4=
-17,-4,OlzKmf5REoXTNF5EZcOlcuDctEI=,Bht62If483pDsJzpFvvX6Y0oY0Q=
-17,-5,OlzKmf5REoXTNF5EZcOlcuDctEI=,Q1AdAN0oCVQYSsC5ZfFzIXSKncQ=
-17,-6,elvtIgGojeJWaHosW9Yki2eJEjs=,v57TAKpxcStf42azGWE9W3oroQA=
-17,-7,elvtIgGojeJWaHosW9Yki2eJEjs=,sjCT3q1MQ7JL2/Uvmvwz6TgdonQ=
-17,-8,elvtIgGojeJWaHosW9Yki2eJEjs=,EfVgkKF9a7Vv50rZLYHwQO1WsA4=
-17,-9,elvtIgGojeJWaHosW9Yki2eJEjs=,JY5PAFRelw7hZchd/qIclCBtR+E=
-17,-10,elvtIgGojeJWaHosW9Yki2eJEjs=,86HUsAqNiuuHCfxPu1pNxBhd1tA=
-17,-11,elvtIgGojeJWaHosW9Yki2eJEjs=,/k0UUXTllw4AROuDacq6T2uwzBQ=
-17,-12,elvtIgGojeJWaHosW9Yki2eJEjs=,b+I1c5RIYDNuUNLkrOhGtMqy60c=
-17,-13,elvtIgGojeJWaHosW9Yki2eJEjs=,WqgKqORxM0Lr8cNgAqtDQtp1rok=
-17,-14,elvtIgGojeJWaHosW9Yki2eJEjs=,dCe30oB/dZ+uO/sMOjKZCni5EvU=
-17,-15,OUL3gvrE1+5GYRFIZDMhSC9q7q8=,aK/CmcjyHI1DSQBGN5zG8kW3AiA=
-17,-16,OUL3gvrE1+5GYRFIZDMhSC9q7q8=,XBCN+CocslolB1zA/YLcQcBZed4=
-18,-18,OUL3gvrE1+5GYRFIZDMhSC9q7q8=,iyJNpDe03JtUqBawMz+pnd0hWCA=
-18,-17,OUL3gvrE1+5GYRFIZDMhSC9q7q8=,PAnPUXqBPW4lFUg/iXxip67rglg=
-18,-19,OUL3gvrE1+5GYRFIZDMhSC9q7q8=,Igt70CahFXI5XMiyWYA6SryoGMU=
-18,-24,OUL3gvrE1+5GYRFIZDMhSC9q7q8=,cbNaxtokWr4GY6OugE6Eouq8iyQ=
-18,-23,OUL3gvrE1+5GYRFIZDMhSC9q7q8=,wBXPCrzddB1h9xr+6PxJlOFTqxg=
-18,-2,OUL3gvrE1+5GYRFIZDMhSC9q7q8=,UUq+EVq9e9jUPMnyXQvy6UKR1Qo=
-18,-1,OUL3gvrE1+5GYRFIZDMhSC9q7q8=,L4jSb/R4lr7VH2TtOXNybD6FOUE=
-18,-4,OUL3gvrE1+5GYRFIZDMhSC9q7q8=,AmimJ9e8O55GI24t+snSz02d/P0=
-18,-3,OUL3gvrE1+5GYRFIZDMhSC9q7q8=,cVkRhu0n0PDzstS9BwQ5LqqZEos=
-18,-6,JUcmSJVUl80fbZAwLGOD6XqqEl0=,FuwC+9OZoumyRq3bDAV0GC2RPc0=
-18,-5,JUcmSJVUl80fbZAwLGOD6XqqEl0=,mygYvalUkRBkVc1R/x6J4Pik6t0=
-18,-8,JUcmSJVUl80fbZAwLGOD6XqqEl0=,vCW4njfZt9JRaKWTwSU4jK9XJg8=
-18,-7,JUcmSJVUl80fbZAwLGOD6XqqEl0=,jkuHsvnTY4/ToINkCNZYNqw8Tns=
-18,-10,JUcmSJVUl80fbZAwLGOD6XqqEl0=,I+DJ5YEZ3zwawIydYRIT6aO8JNw=
-18,-9,JUcmSJVUl80fbZAwLGOD6XqqEl0=,ZyyU9cbfrl9EC6W2Jm2cp24Cu+A=
-18,-12,JUcmSJVUl80fbZAwLGOD6XqqEl0=,qBInPPyGnRsNAI2RbJoeAeDFjBc=
-18,-11,JUcmSJVUl80fbZAwLGOD6XqqEl0=,sKNEuRMigjs0EO4tlXBWHWNZ47o=
-18,-14,JUcmSJVUl80fbZAwLGOD6XqqEl0=,YdrFHyDq5GTh84mWUc8LQ6D7BOs=
-18,-13,htcg4n9vHdVHynjsRChV1KX883A=,TIoyVEQ6tDV8uAX4f1yemkpY2RA=
-18,-16,htcg4n9vHdVHynjsRChV1KX883A=,MCfpCbowtfmwzntMS9DQXCY2aZc=
-18,-15,htcg4n9vHdVHynjsRChV1KX883A=,M2G4azaBwE67US8YppNGr26CPFQ=
-19,-19,htcg4n9vHdVHynjsRChV1KX883A=,pMvldlP1VE7NkadxQJAXPDpUX+k=
-19,-20,htcg4n9vHdVHynjsRChV1KX883A=,OHaGnXIIkzxW/ppX33ijhe9Q37A=
-19,-17,htcg4n9vHdVHynjsRChV1KX883A=,M4g7zR1bTx2DYr/etb80C4OcFKk=
-19,-23,htcg4n9vHdVHynjsRChV1KX883A=,0ZgU4DcY8GLQFy284TWmln39ebM=
-19,-24,htcg4n9vHdVHynjsRChV1KX883A=,cbNaxtokWr4GY6OugE6Eouq8iyQ=
-19,-3,htcg4n9vHdVHynjsRChV1KX883A=,/z/SkOzz9rdB+dFEDFsKnbeS13Y=
-19,-4,XFJOJ92K66Gfg4S+jaV0N+Kx+tY=,TcT8VbqROqmlUL6RzELqRqdOfoI=
-19,-2,XFJOJ92K66Gfg4S+jaV0N+Kx+tY=,e7+RbPuAOEps9Oi/PKxgm0gOCnY=
-19,-7,XFJOJ92K66Gfg4S+jaV0N+Kx+tY=,uOLXbm27nmFZ9rDlcXb85/6N07Y=
-19,-8,XFJOJ92K66Gfg4S+jaV0N+Kx+tY=,FQZOWfnPduO8e5APsCA5+UUC6yk=
-19,-5,XFJOJ92K66Gfg4S+jaV0N+Kx+tY=,pq1joxwgbJC1lH83PatO79EW/AI=
-19,-6,XFJOJ92K66Gfg4S+jaV0N+Kx+tY=,gWdd6Rv6a5ThubYpIvD1vcDIQH4=
-19,-11,XFJOJ92K66Gfg4S+jaV0N+Kx+tY=,q6+IqHMDTRC4CiIzp7PptuCl6qI=
-19,-12,XFJOJ92K66Gfg4S+jaV0N+Kx+tY=,oYzlCY2atA0VmBwt5hyVyQz7KV0=
-19,-9,IWUuQ8MUwk/82g94PhE3Qe9Tq9g=,L3mWAl3CtV3whcOf9RpyKIK7O4o=
-19,-10,IWUuQ8MUwk/82g94PhE3Qe9Tq9g=,3IekqeXIPpG5l0AEam+YUfOfWZ0=
-19,-15,IWUuQ8MUwk/82g94PhE3Qe9Tq9g=,5cp0Y1NW5DC1670NCAhDW3vaT9o=
-19,-16,IWUuQ8MUwk/82g94PhE3Qe9Tq9g=,YKiotCfbsoDixo9Oo5jeV/f+5JY=
-19,-13,IWUuQ8MUwk/82g94PhE3Qe9Tq9g=,7kdP59ekQHJb5rSDCyxg+4VsPEA=
-19,-14,IWUuQ8MUwk/82g94PhE3Qe9Tq9g=,SFoJfcdBkKgygaZImlST04rq01c=
-20,-20,IWUuQ8MUwk/82g94PhE3Qe9Tq9g=,FFUrEOaa32NBatZc37Q2fW6CTBg=
-20,-19,IWUuQ8MUwk/82g94PhE3Qe9Tq9g=,bEKfx78zCe8qT3RlFBXoxAxIVzo=
-20,-18,IWUuQ8MUwk/82g94PhE3Qe9Tq9g=,rkn2Ajc2s3v+VOCcSnJXDOAZQhg=
-20,-17,IWUuQ8MUwk/82g94PhE3Qe9Tq9g=,syppm13lyofpxMZlhlPIBgv6QwE=
-20,-24,IWUuQ8MUwk/82g94PhE3Qe9Tq9g=,0ns36U/81AP8DEvwDV9Rczd6T5Q=
-20,-23,qIIrEvj002KMXUbR1u6MRDUQ5Hc=,k3/GblUnp5DfdlWmsiYfiKZoBM4=
-20,-4,qIIrEvj002KMXUbR1u6MRDUQ5Hc=,UeJ9Yj3Notxsmt/8KP3Szs9+3QA=
-20,-3,qIIrEvj002KMXUbR1u6MRDUQ5Hc=,yiFdk/Q1cK0Hw+jQem/Rnptxzes=
-20,-2,qIIrEvj002KMXUbR1u6MRDUQ5Hc=,PgaCm0ykd9cBGUtP76NnDXqkfpU=
-20,-8,qIIrEvj002KMXUbR1u6MRDUQ5Hc=,M7DyAXjBhP8gf3CKnCQU09tX+QI=
-20,-7,qIIrEvj002KMXUbR1u6MRDUQ5Hc=,cv0fc2wg6ZDxrlV27Fkw/89taD0=
-20,-6,qIIrEvj002KMXUbR1u6MRDUQ5Hc=,Yk1tVKAaHf/MfRFK4JFzkgNYm/0=
-20,-5,qIIrEvj002KMXUbR1u6MRDUQ5Hc=,8IVVNXMufbZOVT7R1FJBDctmeK8=
-20,-12,qIIrEvj002KMXUbR1u6MRDUQ5Hc=,Ys996vI19R/8N8sWpbDu2sJ+cG0=
-20,-11,qIIrEvj002KMXUbR1u6MRDUQ5Hc=,S1CeYxm52jZ+fKmln+32e1+wStg=
-20,-10,qIIrEvj002KMXUbR1u6MRDUQ5Hc=,v2nH9UxNAjkegh2831kz7NfPkhM=
-20,-9,buW+y3nyVxsuYmYPbEig9hR/jVg=,tHL4HkrUtA5szrJYx7HqbUTj6L4=
-20,-16,buW+y3nyVxsuYmYPbEig9hR/jVg=,yPqozWDaMkp8KcmRlDuZCXukDYQ=
-20,-15,buW+y3nyVxsuYmYPbEig9hR/jVg=,O+3Hyc7LtyLgVJRKwzBydMaTQ0U=
-20,-14,buW+y3nyVxsuYmYPbEig9hR/jVg=,7pehQXkzDLQ2Z4iwcDJsYKBKwAM=
-20,-13,buW+y3nyVxsuYmYPbEig9hR/jVg=,TCcbZkokC5sjEzx6H9/tIFOBuVA=
-21,-23,buW+y3nyVxsuYmYPbEig9hR/jVg=,N8/ItNOJ92vgF/B2gdW6F1oZUNA=
-21,-24,buW+y3nyVxsuYmYPbEig9hR/jVg=,JC1RSimhOcwvnWir0d3cRvtrb3E=
-21,-17,buW+y3nyVxsuYmYPbEig9hR/jVg=,WzZ8qE/TyXTwon26l3pFEvdyX+E=
-21,-18,buW+y3nyVxsuYmYPbEig9hR/jVg=,5JsjAX7xwLDgjWq72XZl6p2Cgeg=
-21,-5,buW+y3nyVxsuYmYPbEig9hR/jVg=,NORemZIcpkfmTxzmjcd7uq4RcZU=
-21,-6,buW+y3nyVxsuYmYPbEig9hR/jVg=,k00BLJNZsOcW9t1k2OP7bLBf0Yw=
-21,-7,iAwcQ2gHqU5LPlqp02+OIgYIdOw=,djLBBYJRkJccnPVo6trZqknUXjE=
-21,-2,iAwcQ2gHqU5LPlqp02+OIgYIdOw=,u4RbqFDMMQPydKvGLvoE22p11t0=
-21,-3,iAwcQ2gHqU5LPlqp02+OIgYIdOw=,OB6bBIL0Uof0AaNkxUyCLTfSX3U=
-21,-4,iAwcQ2gHqU5LPlqp02+OIgYIdOw=,fNbzf7lJoKW9pm1yJRZUtJFfnoE=
-21,-13,iAwcQ2gHqU5LPlqp02+OIgYIdOw=,drDdagq9LCNcHT+RXi+06xacTbQ=
-21,-14,iAwcQ2gHqU5LPlqp02+OIgYIdOw=,2vcEAg3Q9S1T0ahcgdTcsvhu6s4=
-21,-15,iAwcQ2gHqU5LPlqp02+OIgYIdOw=,50XD8UIgnIX7DjRPVHO0gX5etKI=
-21,-16,iAwcQ2gHqU5LPlqp02+OIgYIdOw=,b2sjV/jLkmmwmS8nGuVNcSHJgeA=
-21,-9,iAwcQ2gHqU5LPlqp02+OIgYIdOw=,WD4p26ngbaz7Z62ge/o1FFMIduM=
-21,-10,iAwcQ2gHqU5LPlqp02+OIgYIdOw=,nYOjY01AdoSDo8qByZtVcPOQ970=
-21,-11,ioWSbXd/8byBK/dOpJp8UwoCLKo=,fN4FvJW7kastQKJuKY5aOoZVNck=
-21,-12,ioWSbXd/8byBK/dOpJp8UwoCLKo=,+DupNV9ajC5yFqg56dFOQ22OF3I=
-22,-24,ioWSbXd/8byBK/dOpJp8UwoCLKo=,yvNQiF292uBeM7EufP8vCOuF+Qs=
-22,-23,ioWSbXd/8byBK/dOpJp8UwoCLKo=,/NuJTN0REowZmX9pAErOVEbxme0=
-22,-18,ioWSbXd/8byBK/dOpJp8UwoCLKo=,5YLtjpzBlFAn6IyMiCPkEfX6Ygg=
-22,-17,ioWSbXd/8byBK/dOpJp8UwoCLKo=,EFtGiaY44i0JnO3ZV58o5oYz7EA=
-22,-6,ioWSbXd/8byBK/dOpJp8UwoCLKo=,dpqtGOsE36oK+rIJEcFjNm5MNug=
-22,-7,ioWSbXd/8byBK/dOpJp8UwoCLKo=,IhMu+Pc4QUbeU01o9zzT6i4twaE=
-22,-2,ioWSbXd/8byBK/dOpJp8UwoCLKo=,irUw+px7ItCL8dP0bOyKtC5bJns=
-22,-1,ioWSbXd/8byBK/dOpJp8UwoCLKo=,28LHHa+KbQ3SDid7uPhj+TvZ92I=
-22,-4,RJswVqK0OPaxvUp7jSYbjgmEXMY=,4BztczsxmZZdj4xw0CJRj6hr1kI=
-22,-3,RJswVqK0OPaxvUp7jSYbjgmEXMY=,NFlnfrVBLLS/IP5pbbVi2fG1eic=
-22,-14,RJswVqK0OPaxvUp7jSYbjgmEXMY=,RMSVyPelMHTYtrNKR6ecl25Nuek=
-22,-13,RJswVqK0OPaxvUp7jSYbjgmEXMY=,b4uXdJrKzzk0DFfoAnkdjEBH8kk=
-22,-16,RJswVqK0OPaxvUp7jSYbjgmEXMY=,ZpymfFYU8Ev6gv2psTQWhUVg8n8=
-22,-15,RJswVqK0OPaxvUp7jSYbjgmEXMY=,NhJjZhXmLF2s/tuRidKgy4UpYlk=
-22,-12,RJswVqK0OPaxvUp7jSYbjgmEXMY=,a59mJulPBlDe7b3UZ/sJJ1JCKtY=
-22,-11,RJswVqK0OPaxvUp7jSYbjgmEXMY=,yESQwhr/R65GmjEumG6uHwLWxAA=
-23,-23,RJswVqK0OPaxvUp7jSYbjgmEXMY=,k3EXSJ9wk4VJK5TYgqRZLjO0Vl8=
-23,-24,RJswVqK0OPaxvUp7jSYbjgmEXMY=,a3Cxz1AmNdCtZ8P7ZhvxPlE+XFo=
-23,-21,RJswVqK0OPaxvUp7jSYbjgmEXMY=,RidTo2L5pMev5M+7Vhj+kqum8rQ=
-23,-22,RJswVqK0OPaxvUp7jSYbjgmEXMY=,BxCWzUwbqAyTmn0DmSq85cHPs8E=
-23,-19,+sJOenrYElCyHs5dQdk4XI9fpiw=,PbSDrE8yQzPiC+1LEuv94gwmAms=
-23,-20,+sJOenrYElCyHs5dQdk4XI9fpiw=,pP4fjw8wJUJL8RpgbE+4iVVqcfU=
-23,-17,+sJOenrYElCyHs5dQdk4XI9fpiw=,WMglUD2EfXQtlTQlC6j8gGBJG+U=
-23,-18,+sJOenrYElCyHs5dQdk4XI9fpiw=,3Jes9RW98U5SKKmvSqul2ZXwX08=
-23,-7,+sJOenrYElCyHs5dQdk4XI9fpiw=,BI4dH8Dq585/CULpXk31KQE6Zrs=
-23,-6,+sJOenrYElCyHs5dQdk4XI9fpiw=,BI4dH8Dq585/CULpXk31KQE6Zrs=
-23,-3,+sJOenrYElCyHs5dQdk4XI9fpiw=,mdDp948veqgVt3QB+hqhbiehFD8=
-23,-1,+sJOenrYElCyHs5dQdk4XI9fpiw=,a7pS3XUlunaz9JyOozDJR1lThXo=
-23,-2,+sJOenrYElCyHs5dQdk4XI9fpiw=,zW/lyEESPEiDcxtP8jtD9j9Gy1E=
-23,-15,0RtETa4lHM/H0Vqno00JFhiTcWE=,IFoD++y5TGp0uWN92k6x2OL7ytU=
-23,-16,0RtETa4lHM/H0Vqno00JFhiTcWE=,6ZhrOn8xy85YiaOzJwdORApCLT8=
-23,-13,0RtETa4lHM/H0Vqno00JFhiTcWE=,9b7PLjgX6aG4cyGcDh2Sb9ZGCI0=
-23,-14,0RtETa4lHM/H0Vqno00JFhiTcWE=,as6D1hhl2bmGJEMejT9pZjZLiOU=
-23,-12,0RtETa4lHM/H0Vqno00JFhiTcWE=,fIJzn0Jyz2QIEdvkloYE4PXaQHs=
-24,-24,0RtETa4lHM/H0Vqno00JFhiTcWE=,VHY4GbsQ5uRLDMHZq8+zBjr9fS8=
-24,-23,0RtETa4lHM/H0Vqno00JFhiTcWE=,ho+xKuVK78WMf/zZOPFW0oisMuI=
-24,-22,0RtETa4lHM/H0Vqno00JFhiTcWE=,fdsqCeOocfJHCsSbBO/vD4m3QmI=
-24,-21,0RtETa4lHM/H0Vqno00JFhiTcWE=,J3UuUNqSF6VIjcrTqb8E2f6eARY=
-24,-20,0RtETa4lHM/H0Vqno00JFhiTcWE=,w5ff/qJ4ndjhTvXL050uuBFviDI=
-24,-19,0RtETa4lHM/H0Vqno00JFhiTcWE=,gnq/XEvCk45zfM8+Y2ObScJBKTo=
-24,-18,0RtETa4lHM/H0Vqno00JFhiTcWE=,Ch7Hz2Or+LgA4R1uq8xS/Br29rM=
-24,-17,0RtETa4lHM/H0Vqno00JFhiTcWE=,6p6FXM2ifioSVXEaHjHIiq+CSpM=
-24,-3,0RtETa4lHM/H0Vqno00JFhiTcWE=,x+Ck0I/a38HtbxeTboADdp8R+OE=
-24,-2,JYJ/bMlNVfazhgLKB26Rz/s9DWc=,SC3ePIQ0LSjY02Bnd53DuK5WFX4=
-24,-1,JYJ/bMlNVfazhgLKB26Rz/s9DWc=,SiQE3pOfGFSA1L7j+jO0RD0v/bM=
-24,-16,JYJ/bMlNVfazhgLKB26Rz/s9DWc=,4SNB7kB+wNrxkAXvMCrIcvG1IGs=
-24,-15,JYJ/bMlNVfazhgLKB26Rz/s9DWc=,4SNB7kB+wNrxkAXvMCrIcvG1IGs=
-24,-14,JYJ/bMlNVfazhgLKB26Rz/s9DWc=,xipPUJsq2wYAQvwuqbZj4Jpa7NU=
