0,0,xfMluKIFoti6GjBjFij916ERgPM=,6wNzbrRIl2BKtdlCK9sFizkeU/g=
0,1,xfMluKIFoti6GjBjFij916ERgPM=,QnnkSWI8bLJiKtGL9rfwV9Flecs=
0,2,xfMluKIFoti6GjBjFij916ERgPM=,BbK3dieAH7aq9UnSbJElVr/NOOE=
0,3,xfMluKIFoti6GjBjFij916ERgPM=,mkZ1Ehn55yaVGm0RvpIK3iaI0GU=
0,4,xfMluKIFoti6GjBjFij916ERgPM=,/LIzYnhElLO5K58nJPjGokh/tdo=
0,5,xfMluKIFoti6GjBjFij916ERgPM=,AP0xAAOlaHmEpZ2UlYI8jXBy19U=
0,6,xfMluKIFoti6GjBjFij916ERgPM=,hSujqByKgnvEVOjVusIIznQlcYE=
0,7,xfMluKIFoti6GjBjFij916ERgPM=,G6GKgC8IBq1gftMOa8fOrH/Isl4=
0,8,xfMluKIFoti6GjBjFij916ERgPM=,v2ZV5CnI8lU1rJCn1Te7TUnwSRg=
0,9,xfMluKIFoti6GjBjFij916ERgPM=,anrYcGzzAxhuOMYjMvGlYQ3sOVQ=
0,10,AvTvyoQi/2a/uLxv3DU+2lPlZdM=,L4aKChPeMC6pEDZIgndw7IlkFrw=
0,11,AvTvyoQi/2a/uLxv3DU+2lPlZdM=,sTynrciZ0Lp62hc7gYm5IZcLvzY=
0,12,AvTvyoQi/2a/uLxv3DU+2lPlZdM=,G4Sf4sFP0618E+xJJDeRA6ZVLeQ=
0,13,AvTvyoQi/2a/uLxv3DU+2lPlZdM=,swp2pGhtt8KLR10Apdmbgok9XEE=
0,14,AvTvyoQi/2a/uLxv3DU+2lPlZdM=,/jSNphVFxCc0PqOsPBa8T3CXPpU=
0,15,AvTvyoQi/2a/uLxv3DU+2lPlZdM=,Qr8XpyP6XLn095z0Clxlumd9ZBA=
0,16,AvTvyoQi/2a/uLxv3DU+2lPlZdM=,peJsmc245XfILTLcaLQg1H/ANbs=
0,17,AvTvyoQi/2a/uLxv3DU+2lPlZdM=,Q1A3izNSRPjWR5pRD1g90JL4vd0=
0,18,AvTvyoQi/2a/uLxv3DU+2lPlZdM=,uBTk9z9Jb3UCOWigSw4EJrJJVqI=
0,19,AvTvyoQi/2a/uLxv3DU+2lPlZdM=,Ea3NY70pd4w5wqUYNJ9NAJPiN6Q=
0,20,AvTvyoQi/2a/uLxv3DU+2lPlZdM=,2kexn4LBGI6PEL2v/J6YS5KpGHE=
0,21,AvTvyoQi/2a/uLxv3DU+2lPlZdM=,CpcCrntmNF4b5uzr9ZzEMz8pG/A=
0,22,AvTvyoQi/2a/uLxv3DU+2lPlZdM=,Ea3NY70pd4w5wqUYNJ9NAJPiN6Q=
0,23,AvTvyoQi/2a/uLxv3DU+2lPlZdM=,rpGh7FIUxUmika4yeMbaw0rYLCs=
1,1,AvTvyoQi/2a/uLxv3DU+2lPlZdM=,veNOcq2waRDBgDlTi+dwHh6cr+s=
1,0,AvTvyoQi/2a/uLxv3DU+2lPlZdM=,d4e7Zl3+NzC50HY38ftDxbXEYG8=
1,3,AvTvyoQi/2a/uLxv3DU+2lPlZdM=,zQbqxJjotFa85hPZb1bFqSYDs7I=
1,2,AvTvyoQi/2a/uLxv3DU+2lPlZdM=,/6srNc6X5rGa8VzxD8ftiLyLgME=
1,5,baZtdjJHvnknqEv2OkAxPrFaoDY=,BBFQGPPvI9RYOIMfaLO3nuYjxQ8=
1,4,baZtdjJHvnknqEv2OkAxPrFaoDY=,qYMTAik+j2UJN/j2Cx1JVUtxEk8=
1,7,baZtdjJHvnknqEv2OkAxPrFaoDY=,G8Z2paqxSQYAJT20DBQOWfDq6OM=
1,6,baZtdjJHvnknqEv2OkAxPrFaoDY=,SW+dL6UO3Y9mNU7Z6rOudZlRLXo=
1,9,baZtdjJHvnknqEv2OkAxPrFaoDY=,Le2OY4QvAIJ8uyDTx+PHWtjbCn0=
1,8,baZtdjJHvnknqEv2OkAxPrFaoDY=,ZsYz7s4tanll7uSjfwxJ4OWhEx8=
1,11,baZtdjJHvnknqEv2OkAxPrFaoDY=,x+Ea3Asrq4JDYLsfA6r3tPrzaqw=
1,10,baZtdjJHvnknqEv2OkAxPrFaoDY=,YLqjNh+RlLSfsTOVmlQH0QMccm8=
1,13,BaTa7TzUVgXUGC6lThahRCRrxc0=,u782COjnf8KqdjPXKCAJb9lXKOM=
1,12,BaTa7TzUVgXUGC6lThahRCRrxc0=,fTo01XJbxAAmIj75967joYQne7E=
1,15,BaTa7TzUVgXUGC6lThahRCRrxc0=,nUnCARWcDq9YqL28rPl0b+b81E4=
1,14,BaTa7TzUVgXUGC6lThahRCRrxc0=,O141Wqm0N/i6GfPjYnKSBTB0bto=
1,17,BaTa7TzUVgXUGC6lThahRCRrxc0=,IcGm8dZVaLDd3tyPMjgvmfaxB8o=
1,16,BaTa7TzUVgXUGC6lThahRCRrxc0=,BlFQLkYR7xApdiLtiX3fKtjtRBA=
1,19,BaTa7TzUVgXUGC6lThahRCRrxc0=,KoN3nk+s+rRYUTdT9yH0Xh0Ni50=
1,18,BaTa7TzUVgXUGC6lThahRCRrxc0=,cDoMrZ2AyKUGBQnpHZaBLYYlAzo=
1,21,BaTa7TzUVgXUGC6lThahRCRrxc0=,VRO5b+v/chYgUHb2b50UA0A6wng=
1,20,iZmjuZpKFs7APormx5lfWfYYICs=,IsTpRmA7fbjciKpmaXgEq34ATY8=
1,23,iZmjuZpKFs7APormx5lfWfYYICs=,rpGh7FIUxUmika4yeMbaw0rYLCs=
1,22,iZmjuZpKFs7APormx5lfWfYYICs=,Ea3NY70pd4w5wqUYNJ9NAJPiN6Q=
2,2,iZmjuZpKFs7APormx5lfWfYYICs=,rVVBP4W7BfRxoPouIj52z8Im8wU=
2,3,iZmjuZpKFs7APormx5lfWfYYICs=,080Yx4Rg1HAbkixkpK2zOBJcWNo=
2,0,iZmjuZpKFs7APormx5lfWfYYICs=,ceqZIuYaFTjXC7Xc//ayNwK9IN0=
2,1,iZmjuZpKFs7APormx5lfWfYYICs=,a6CI/Y5JXtFYX2Q4zxG11EKUfMU=
2,6,iZmjuZpKFs7APormx5lfWfYYICs=,kiUxSQNUajJoAvjpcsFrHerVdmo=
2,7,iZmjuZpKFs7APormx5lfWfYYICs=,J3MpuZx5ba3K/kQpxHGHZgYxp9Q=
2,4,YqdX+kNq3dSlO3j0whI7domGsr4=,0j+TtiLqxsZU3iAsjypoP57at6I=
2,5,YqdX+kNq3dSlO3j0whI7domGsr4=,EwG2AfrN3qyEGEsDY0xQt6DO6Vo=
2,10,YqdX+kNq3dSlO3j0whI7domGsr4=,UCthT9uMJE9lIda2ul9vVZ8ap9Q=
2,11,YqdX+kNq3dSlO3j0whI7domGsr4=,aWXOdbJa77ezACWK4OYlsGROtZc=
2,8,YqdX+kNq3dSlO3j0whI7domGsr4=,KoQztUE74Aym1RUb34KC+JqcRBo=
2,9,JriqdBh03zqwcMOq1s+RY+nRdeE=,BGDlO7P9xmBJznhxZ+U1fyyiH4A=
2,14,JriqdBh03zqwcMOq1s+RY+nRdeE=,iPsB58ytEa/YwE60DsKxBhEAoXo=
2,15,JriqdBh03zqwcMOq1s+RY+nRdeE=,KYmbxghwVPMu3rC2YENMBhXafjE=
2,12,JriqdBh03zqwcMOq1s+RY+nRdeE=,T2wu8oJMhUabW2jjSorN+mhnG50=
2,13,JriqdBh03zqwcMOq1s+RY+nRdeE=,3XmvEESnBo/BzNAEEOEUtylKVnY=
2,18,JriqdBh03zqwcMOq1s+RY+nRdeE=,JbxEOCzXBjpYZxjOAstt8A+IP44=
2,19,JriqdBh03zqwcMOq1s+RY+nRdeE=,K39B0CZam4sw3GO6Egex4DKJ+rw=
2,16,kpwk91Qii8k48g3q1exDlm53R44=,SeS5YTRqshL1MyBcDoZmLxSdi54=
2,17,kpwk91Qii8k48g3q1exDlm53R44=,1l8HYxvRGL51HUtpgBcinnspsVw=
2,22,kpwk91Qii8k48g3q1exDlm53R44=,8hlIo/2dGZRgKYxUg4rXy3Wlpis=
2,23,kpwk91Qii8k48g3q1exDlm53R44=,rpGh7FIUxUmika4yeMbaw0rYLCs=
2,20,kpwk91Qii8k48g3q1exDlm53R44=,K39B0CZam4sw3GO6Egex4DKJ+rw=
2,21,kpwk91Qii8k48g3q1exDlm53R44=,u2t9GW4ZaQyudC8yN76MOxn/HOU=
3,3,kpwk91Qii8k48g3q1exDlm53R44=,3McJ4HePzatDc0p6VodFgcPA/CA=
3,2,kpwk91Qii8k48g3q1exDlm53R44=,XRtMkwwyN66VYuvjDa4jVaf3bxk=
3,1,kpwk91Qii8k48g3q1exDlm53R44=,fAwUdyw6W3IupwGe0po0cHfTtbU=
3,0,kpwk91Qii8k48g3q1exDlm53R44=,EXmSceFlVX6cD4AST6/kLOcRzm8=
3,7,kpwk91Qii8k48g3q1exDlm53R44=,XSTklxwQ6ENmuCNnexy5HZyl/dI=
3,6,uyD72pZ08fLI24vq5x3vwnMWNi0=,b1siDBA03G/7hJwxwCSO6UhyKbA=
3,5,uyD72pZ08fLI24vq5x3vwnMWNi0=,uvufCwDfcTt0FuK9rden+7ZG/88=
3,4,uyD72pZ08fLI24vq5x3vwnMWNi0=,YgqgAKsMJbEpFV76y6oZpkUpPwY=
3,11,uyD72pZ08fLI24vq5x3vwnMWNi0=,b+6muus1bYWHwfiUflqz3d0Zfwg=
3,10,uyD72pZ08fLI24vq5x3vwnMWNi0=,wwPKMN4/s50vYElsV+k2jWK75yQ=
3,9,uyD72pZ08fLI24vq5x3vwnMWNi0=,ZPvaI7zcYvWM3BW1aDmMXIo1IvQ=
3,8,uyD72pZ08fLI24vq5x3vwnMWNi0=,jh5Hmb7uuLZinHMvC0Ef9wFMFcA=
3,15,uyD72pZ08fLI24vq5x3vwnMWNi0=,khr8kEEVeCZBxl5OsODsNCKqKA8=
3,14,uyD72pZ08fLI24vq5x3vwnMWNi0=,NHbZcqqoJQhwdh7EA6bsfql4dsM=
3,13,DcWl+1cS2bdrRqBOCDqYp3nqSaA=,T3oIuoL2WeXVA0gq5RSWKvO6XOQ=
3,12,DcWl+1cS2bdrRqBOCDqYp3nqSaA=,7Q8N5PldDOCscQryUnpnNIsJDkU=
3,17,DcWl+1cS2bdrRqBOCDqYp3nqSaA=,Mat0Df4pSdiHF7AVT9/IDUGgGq8=
3,16,DcWl+1cS2bdrRqBOCDqYp3nqSaA=,yeErMTdHw6gwyKDhGPeyIBBB7tk=
3,23,DcWl+1cS2bdrRqBOCDqYp3nqSaA=,rpGh7FIUxUmika4yeMbaw0rYLCs=
3,22,DcWl+1cS2bdrRqBOCDqYp3nqSaA=,SxN+tNoAczxoizwr24I33HbwToA=
4,4,DcWl+1cS2bdrRqBOCDqYp3nqSaA=,cDwpstmQ3BRsf8Qq7FwzBSMHinQ=
4,5,DcWl+1cS2bdrRqBOCDqYp3nqSaA=,MpsupcP9V4mqaAdtJf86eBhu5q8=
4,6,DcWl+1cS2bdrRqBOCDqYp3nqSaA=,AxKsAidz/05Mdr/GYInUaTef3ps=
4,7,kV79oHbbd+IW4elz1os/ecKLCJM=,XKHycbtLkJwzxQChFhIqLH11kds=
4,0,kV79oHbbd+IW4elz1os/ecKLCJM=,KaS+ryN/QChnrlAvkmBh9GwZ07k=
4,1,kV79oHbbd+IW4elz1os/ecKLCJM=,KFlQyqIsDOP8Mdj25U+3WoEmh/s=
4,2,kV79oHbbd+IW4elz1os/ecKLCJM=,NCNgXnUgkTwztM/ACFZL29UFU/g=
4,3,pMy/zRK36inV7prfCpXtSliEyuE=,fPadcrZW6I/E0KDKvSWevX7BCTc=
4,12,pMy/zRK36inV7prfCpXtSliEyuE=,AcpCnr8Bjg8dCS6wRv9wM0AVsgY=
4,13,pMy/zRK36inV7prfCpXtSliEyuE=,NKuWz2qZXbjspI03JTRLvqz3f98=
4,14,pMy/zRK36inV7prfCpXtSliEyuE=,VK+SCZZKdCWyRzpFFlQuO3e7Ra4=
4,15,pMy/zRK36inV7prfCpXtSliEyuE=,9UK4QCRxjhuMhj+i76RUdrq5fL8=
4,8,pMy/zRK36inV7prfCpXtSliEyuE=,qivM727O1YZK/CRTAiSD2d2Rg4I=
4,9,pMy/zRK36inV7prfCpXtSliEyuE=,AiEsYp+uZ2E9MpDjHta6dSUfC+o=
4,10,pMy/zRK36inV7prfCpXtSliEyuE=,U8uC8/1gbRy5Kk91YUVFlPcf5W8=
4,11,jgG9We4Ua3LR9DgIbwOKXk2BC58=,qLmZoTE9YMHXOP2TqrFEi+UyxKY=
4,22,jgG9We4Ua3LR9DgIbwOKXk2BC58=,No+7SkKJtuVYf4dSwJsDrWSXPGc=
4,23,jgG9We4Ua3LR9DgIbwOKXk2BC58=,Ex7CCLeHB3Eb4lz8sCZ5pqxkoU4=
4,16,jgG9We4Ua3LR9DgIbwOKXk2BC58=,CMJULoa1al+B6MXrOQ3myzz8YUs=
4,17,jgG9We4Ua3LR9DgIbwOKXk2BC58=,ga87B+vIH8UoAjT1rbglbt+0Nb8=
5,5,jgG9We4Ua3LR9DgIbwOKXk2BC58=,kZiIFz4NbCBd5+LCpP13to6XqCs=
5,4,jgG9We4Ua3LR9DgIbwOKXk2BC58=,244UCsoe9aS7At7+4ov6KGtC5Bk=
5,7,jgG9We4Ua3LR9DgIbwOKXk2BC58=,J6pNtVwuVPs6kmXEZk2oyzJXR+g=
5,6,k+K6pVr7tVng9MmdxXias73ters=,9auT1YE4hqKjD33EaqGOt8qWgeA=
5,1,k+K6pVr7tVng9MmdxXias73ters=,uUUqRRm2qgiI9szfGeigVlUEROc=
5,0,k+K6pVr7tVng9MmdxXias73ters=,JsJdwrjAKO4H4LXUV6dzEueBdGQ=
5,3,k+K6pVr7tVng9MmdxXias73ters=,/UXD47QI1XSDGpHaD+ix6fS84fc=
5,2,k+K6pVr7tVng9MmdxXias73ters=,vpiYTH45Dy1yp8w3kvXpQojq8zI=
5,13,k+K6pVr7tVng9MmdxXias73ters=,6kXAE2oJOa6hk6gyJdmGlfEqBKw=
5,12,k+K6pVr7tVng9MmdxXias73ters=,WgsbvB3goi7Pu5LJjz1tCb9VnmY=
5,15,k+K6pVr7tVng9MmdxXias73ters=,F3BZlJQtUQ9aU6/t3yAhI3i0cHQ=
5,14,k+K6pVr7tVng9MmdxXias73ters=,WMA98OTnwgCWJv92LNbotPHq/Os=
5,9,/LfuoT6bXgh54EI7ueDG0WjaVz8=,3LS2ihtmybH3iiIOgufEqVjgTL8=
5,8,/LfuoT6bXgh54EI7ueDG0WjaVz8=,ICqy4F+KJMNQ3/i6UTXVylAQRLQ=
5,11,/LfuoT6bXgh54EI7ueDG0WjaVz8=,cNacA+lVAczhTesvQd//uBvAYW8=
5,10,/LfuoT6bXgh54EI7ueDG0WjaVz8=,BG4oYTAq8EJPR7AgjPFEph4J9c4=
5,23,/LfuoT6bXgh54EI7ueDG0WjaVz8=,DNfnVaeFB4X47iZUFeONqCX1Vtc=
5,22,/LfuoT6bXgh54EI7ueDG0WjaVz8=,J9Z2uq3QregjJxfEjV6Vm7G1Kcc=
5,17,/LfuoT6bXgh54EI7ueDG0WjaVz8=,ga87B+vIH8UoAjT1rbglbt+0Nb8=
5,16,/LfuoT6bXgh54EI7ueDG0WjaVz8=,9JmgQVrGjNwEPVl5ODWe5aB+BKY=
6,6,/LfuoT6bXgh54EI7ueDG0WjaVz8=,u+753/0xsrVE4ithO+egjxY7Zx8=
6,7,G9OdlTs7RNeslCzWQwG+kbbl3Og=,MROpbFb+D+PPIg4xdep16gIzBSE=
6,4,G9OdlTs7RNeslCzWQwG+kbbl3Og=,3AgvwPD0Mws5ElFkgmCuwMVy8TE=
6,5,G9OdlTs7RNeslCzWQwG+kbbl3Og=,37fF2k4syyEy3edE7KqRgpfEWxc=
6,2,G9OdlTs7RNeslCzWQwG+kbbl3Og=,tCI7Tmuhz+NdBKvoJJDqYvX5JRM=
6,3,G9OdlTs7RNeslCzWQwG+kbbl3Og=,NMyFbA5N4Q6BZjmdl/grRDMMhZo=
6,0,G9OdlTs7RNeslCzWQwG+kbbl3Og=,tLX9HOtXl1GnfeNFShdaHywP1pY=
6,1,G9OdlTs7RNeslCzWQwG+kbbl3Og=,hPLax1yqdAM5S3vn71HCOUGDVN0=
6,14,G9OdlTs7RNeslCzWQwG+kbbl3Og=,m9B5hpy8I3r8QH6/H7qE8FpM6qM=
6,15,hJOXpRRHlcIK7T6UNvOFoBpte1E=,VWPGniq/p6tB6a/fQfH5U5aJ2Ig=
6,12,hJOXpRRHlcIK7T6UNvOFoBpte1E=,jkj7keMf4jP1V9yiXCQpoxiVHXE=
6,13,hJOXpRRHlcIK7T6UNvOFoBpte1E=,CB6beEDuU0nWtlIXvbsCYIM7Hks=
6,10,hJOXpRRHlcIK7T6UNvOFoBpte1E=,oKRPdECNqLH/TmN6GiZjg7xR3nI=
6,11,hJOXpRRHlcIK7T6UNvOFoBpte1E=,T5yahv/iWQ85LGn7MTW6abDXdxQ=
6,8,hJOXpRRHlcIK7T6UNvOFoBpte1E=,T5+s5bjROh2xfwr3AVcOfAltAuI=
6,9,hJOXpRRHlcIK7T6UNvOFoBpte1E=,4g8jwjn2+gOylg79CqppzBQx33o=
6,22,hJOXpRRHlcIK7T6UNvOFoBpte1E=,/xn4wFXP1UHEilWAu72xhXSSSw0=
6,23,hJOXpRRHlcIK7T6UNvOFoBpte1E=,/3OlrID2MMn18867gcMRPh/8s0Q=
6,16,BCF0ddvO0S3X9Ac+sCjT7af5Umg=,ThkUHaay2mKtUFJiO/k8Ztc/9Yg=
6,17,BCF0ddvO0S3X9Ac+sCjT7af5Umg=,xDByfAuECc/E4OQX8Era/AZ9xxs=
7,7,BCF0ddvO0S3X9Ac+sCjT7af5Umg=,o/asVqHEK5Px5i8/DnnuaHgLIFY=
7,6,BCF0ddvO0S3X9Ac+sCjT7af5Umg=,P1DQHk3Bbwe02ry5RLhaUSRH20U=
7,5,BCF0ddvO0S3X9Ac+sCjT7af5Umg=,40r854MvcBnUB7lGpJsjMx97XLk=
7,4,BCF0ddvO0S3X9Ac+sCjT7af5Umg=,gUCG/LaPSTMGr5Y6iq6foGUHhCk=
7,3,BCF0ddvO0S3X9Ac+sCjT7af5Umg=,fP6tjtdtC+b7ze1PloslQqN95uU=
7,2,BCF0ddvO0S3X9Ac+sCjT7af5Umg=,UQ+YkMGqhzLWTIRy+D7Qi1yDAi8=
7,1,BCF0ddvO0S3X9Ac+sCjT7af5Umg=,ZGrLbVuSXmirO9ozMwReIKEw6yk=
7,0,by/fCx1NxbPHl50nwHHob5Namlo=,H70o3qcN09LYuIPwBPPyV3n4Ta0=
7,15,by/fCx1NxbPHl50nwHHob5Namlo=,n/NNkLihVCDNqh8yPEzyTSgNTQs=
7,14,by/fCx1NxbPHl50nwHHob5Namlo=,KxZyyv52JZfA02+0aMa5OxBVRCk=
7,13,by/fCx1NxbPHl50nwHHob5Namlo=,9c1XRzHwzO5qNjgk2YlZ2v7j054=
7,12,by/fCx1NxbPHl50nwHHob5Namlo=,Rpj8muphFo04AXTuf1vYM7NKiXI=
7,11,by/fCx1NxbPHl50nwHHob5Namlo=,65oLR1GBEs07U4GmfK2X84lULLs=
7,10,by/fCx1NxbPHl50nwHHob5Namlo=,k+ZZ628ygFWEh9pD1e24yLBkyl4=
7,9,by/fCx1NxbPHl50nwHHob5Namlo=,ut+kbDe0/i5ohxphXNIdpnkwYrQ=
7,8,QT7xEUY1KJqyb8LFf2l8CJMzx8k=,CaO41KYUdIs1SMiv6SXO4z1bPcU=
7,23,QT7xEUY1KJqyb8LFf2l8CJMzx8k=,1BA/XbuNQ+5TQfZbObPlbt8vS94=
7,22,QT7xEUY1KJqyb8LFf2l8CJMzx8k=,HBrXqHujjZtO0QOYGLqaWdzRHeo=
7,20,QT7xEUY1KJqyb8LFf2l8CJMzx8k=,zS/xJUesyyk9165rBNJkzPCHFzQ=
7,19,QT7xEUY1KJqyb8LFf2l8CJMzx8k=,62phFFi5TZmYM18N1bBx+gcR9Yw=
7,18,QT7xEUY1KJqyb8LFf2l8CJMzx8k=,nUpwS1cnBa/Q5xqFk4DqIppaikI=
7,17,QT7xEUY1KJqyb8LFf2l8CJMzx8k=,62phFFi5TZmYM18N1bBx+gcR9Yw=
7,16,QT7xEUY1KJqyb8LFf2l8CJMzx8k=,auEGWFvrW6M+12/yg343WpciTH8=
8,8,QT7xEUY1KJqyb8LFf2l8CJMzx8k=,B+tOPKwHPUC4Hpj1MKKrePGqViE=
8,9,QT7xEUY1KJqyb8LFf2l8CJMzx8k=,f2jQozV+HGiIP/IhxDqm27SAFhk=
8,10,QT7xEUY1KJqyb8LFf2l8CJMzx8k=,Hre/WW48RNb5PFq6BEAPAqHiKks=
8,11,w494JJ0013VpOQVhLrl8eYX23UY=,+PVJKYSu2pHq1x3hF2fBXdIbCSA=
8,12,w494JJ0013VpOQVhLrl8eYX23UY=,zMQVUV8V83rfj9H4dXKrvd5Bir0=
8,13,w494JJ0013VpOQVhLrl8eYX23UY=,2H52g62EesQdoIVqEjUqwSwAR5I=
8,14,w494JJ0013VpOQVhLrl8eYX23UY=,O6bWaTH2SQPCDl48SbUYihkdzT8=
8,15,w494JJ0013VpOQVhLrl8eYX23UY=,oN6n4xBcNvXtB5v3Qr66O5I3Ny4=
8,0,w494JJ0013VpOQVhLrl8eYX23UY=,Pd1vonzwq1UDr0J/xCtR0YEWWr4=
8,1,w494JJ0013VpOQVhLrl8eYX23UY=,gWwhqTFeJLrJFWIqZe4xXNxuW+4=
8,2,w494JJ0013VpOQVhLrl8eYX23UY=,yIwPwDlBf0zzEMkHoyOQxpgthC4=
8,3,w494JJ0013VpOQVhLrl8eYX23UY=,sbUXBg4GL5BVbkY+mPqTX6BzJlI=
8,4,UbD1xfx40g76lLzl/5eCCYu8DJ8=,jALZvEmX15soNG+hqJgTFJTY4Jg=
8,5,UbD1xfx40g76lLzl/5eCCYu8DJ8=,jGtNEI+75GSgaeK+uFlt6ivIjyc=
8,6,UbD1xfx40g76lLzl/5eCCYu8DJ8=,V0/AknQ19R+DnAOZ9yOitI0xS2k=
8,7,UbD1xfx40g76lLzl/5eCCYu8DJ8=,Ol5JU1QsLn/Peihtwgj/Xxj+zz4=
8,16,XwbGGlgMHGgM1fd21UW5unsdRRM=,sNPsUll7BSTTNhPERKCOefX6AV8=
8,17,XwbGGlgMHGgM1fd21UW5unsdRRM=,6f0nLUS/DscHo25PjzGYvEtxNIM=
8,18,XwbGGlgMHGgM1fd21UW5unsdRRM=,S5nd26W+/MBn0mxBdmqkhANMBAs=
8,19,XwbGGlgMHGgM1fd21UW5unsdRRM=,fN6t5kgZ/VJq4l2zJpnMz7WPFwQ=
8,20,XwbGGlgMHGgM1fd21UW5unsdRRM=,q2RLteprTReptJ7z1YtkjIhtSO4=
8,22,XwbGGlgMHGgM1fd21UW5unsdRRM=,RxiYeOqKgHaVZIkX5tHpk653VEE=
8,23,XwbGGlgMHGgM1fd21UW5unsdRRM=,Nk2WaiHGpWZrMM3DVQtrABQiX+I=
9,9,XwbGGlgMHGgM1fd21UW5unsdRRM=,AmAQuaEgt0lsxiMBxnKp98eaLnk=
9,8,XwbGGlgMHGgM1fd21UW5unsdRRM=,On6o8RYS7+0ct5+zHIiMKDskFmo=
9,11,XwbGGlgMHGgM1fd21UW5unsdRRM=,EQi+sVycV3zRmefZhthTTvD9e0I=
9,10,XwbGGlgMHGgM1fd21UW5unsdRRM=,P4BWshJAiHQ9M488HMj3wq3A0FM=
9,13,o9ovYXNk81v+WbA3Hj0i8GVD0JQ=,B0ilM3JZCJd3JTBt0JRLOxjcuNw=
9,12,o9ovYXNk81v+WbA3Hj0i8GVD0JQ=,t9kRKL5/ygIDs+sz1IgCd24tPtc=
9,15,o9ovYXNk81v+WbA3Hj0i8GVD0JQ=,kC1YgjjzV+zvqRxhMZ1GELBIZsE=
9,14,o9ovYXNk81v+WbA3Hj0i8GVD0JQ=,E0iZIxG6a+czc4AEmEuR/N43xTY=
9,1,o9ovYXNk81v+WbA3Hj0i8GVD0JQ=,bWjhliEYbkbjnevaCFsk1HOMVuc=
9,0,o9ovYXNk81v+WbA3Hj0i8GVD0JQ=,S9eOWZLcWgO/gZvFadGpvWRuCLo=
9,3,o9ovYXNk81v+WbA3Hj0i8GVD0JQ=,wP2sMYTYGFq8iDiIhJygSTq7OX8=
9,2,o9ovYXNk81v+WbA3Hj0i8GVD0JQ=,LeHrh0ylOcBs0S/fNh/NEpXWNEI=
9,5,HrLMEUH4L5UQev4cLZ5BPLvjwX4=,Y08nUyLbty9TTrhdkBLIwtMmGhU=
9,4,HrLMEUH4L5UQev4cLZ5BPLvjwX4=,uIRGnZt1E72PA0urdU2a6surKU0=
9,7,HrLMEUH4L5UQev4cLZ5BPLvjwX4=,0lh1eS5v9vyNL6vyiQveYbHncX8=
9,6,HrLMEUH4L5UQev4cLZ5BPLvjwX4=,Y/HN1OlvP3WVWIPfYTNenwdzMcw=
9,17,HrLMEUH4L5UQev4cLZ5BPLvjwX4=,g0cwxdNvAZS92ZkY+EGG+nmYDY0=
9,16,HrLMEUH4L5UQev4cLZ5BPLvjwX4=,S5nd26W+/MBn0mxBdmqkhANMBAs=
9,19,HrLMEUH4L5UQev4cLZ5BPLvjwX4=,Ab2d1wr9Cxllew4nmK5+v45/70o=
9,18,HrLMEUH4L5UQev4cLZ5BPLvjwX4=,9gpZVF6nTh3kJ162UQoCI6+RjeQ=
9,23,HrLMEUH4L5UQev4cLZ5BPLvjwX4=,Z8GWFCd7eNbPCMMs6WYvnUQDadY=
9,22,HrLMEUH4L5UQev4cLZ5BPLvjwX4=,RxiYeOqKgHaVZIkX5tHpk653VEE=
10,10,cA2e4M3MRyYdOMgFu15aE38BdT0=,BPtIOT9CWeYo3VrlZAW5dtASP9k=
10,11,cA2e4M3MRyYdOMgFu15aE38BdT0=,/Nk1NeQa7gn1/agixhdHcRB9haA=
10,8,cA2e4M3MRyYdOMgFu15aE38BdT0=,du3yRUI8PjvqN+r9FAhjzwdDgQY=
10,9,cA2e4M3MRyYdOMgFu15aE38BdT0=,+psesvnatL0W5pm74AAglOuBi0w=
10,14,cA2e4M3MRyYdOMgFu15aE38BdT0=,aInckfcn1T9KnLgSi7pCSgvmRz4=
10,15,cA2e4M3MRyYdOMgFu15aE38BdT0=,gxdlGi6kXNLOpgNPlCsnIc3fjpE=
10,12,cA2e4M3MRyYdOMgFu15aE38BdT0=,00YiBaRKJITHI6brSC4kJveO6dc=
10,13,cA2e4M3MRyYdOMgFu15aE38BdT0=,ORMFTVA8k9MGv5jC7HERCKWQV0Q=
10,2,cA2e4M3MRyYdOMgFu15aE38BdT0=,ddKBnQH7+BiP1bNnJSht+LsvGSs=
10,3,lh+VlM0lqK1bObdR5xRm8ZEwNUI=,N89LXBHrPNj5lVDsChNGOKbElaI=
10,0,lh+VlM0lqK1bObdR5xRm8ZEwNUI=,ioaj5eartCPKGZjx9RSBxRYUhZY=
10,1,lh+VlM0lqK1bObdR5xRm8ZEwNUI=,+OwwZsnxqmvpIMHxmwaqTCDCUGA=
10,6,lh+VlM0lqK1bObdR5xRm8ZEwNUI=,p8rXy9pAmi+/vI04QZ0KO/ICZc4=
10,7,lh+VlM0lqK1bObdR5xRm8ZEwNUI=,P/UCWmUYs0GLGhGOAxi0XhK920U=
10,4,lh+VlM0lqK1bObdR5xRm8ZEwNUI=,fyC4fQU3rmCenlRMQlVG4RPE5Vg=
10,5,lh+VlM0lqK1bObdR5xRm8ZEwNUI=,lqvX4ALoe7VBnRisNJcJwamYubc=
10,18,lh+VlM0lqK1bObdR5xRm8ZEwNUI=,UOQeAuDLH5lGzy7AFCYIRA1h8Yc=
10,19,lh+VlM0lqK1bObdR5xRm8ZEwNUI=,ACgeQ3YP0L2ln5ohNJhDzfkahVk=
10,16,Q1xqDoyxBhLsJ7qq5JEkW7d+ESc=,kyiL1nqAPh/2MLEFTe235zW6tx8=
10,17,Q1xqDoyxBhLsJ7qq5JEkW7d+ESc=,gc7euA37d/eUiIuYh5/vlyJOMNY=
10,22,Q1xqDoyxBhLsJ7qq5JEkW7d+ESc=,aW7YcziJcAF04C0buxHsiBZGPDg=
10,23,Q1xqDoyxBhLsJ7qq5JEkW7d+ESc=,8rhu33v4DwPWVd6Sm5Arzab6zx4=
10,20,Q1xqDoyxBhLsJ7qq5JEkW7d+ESc=,k2xjAAdtWG2k9PHmBXpTDJYxZF4=
11,11,Q1xqDoyxBhLsJ7qq5JEkW7d+ESc=,waIWMPAqRKJI4tIcHHjxBFEn/8M=
11,10,Q1xqDoyxBhLsJ7qq5JEkW7d+ESc=,D1pk51mwGPcSeLa9Rl9DJg6+P90=
11,9,Q1xqDoyxBhLsJ7qq5JEkW7d+ESc=,84/sY+Wim76W32mo5WI7wBiZPQQ=
11,8,Q1xqDoyxBhLsJ7qq5JEkW7d+ESc=,QMrMcISD7FAOM/l/e2eAj7K4bZM=
11,15,Q1xqDoyxBhLsJ7qq5JEkW7d+ESc=,aqdQWS/zD3elc6k6SLYs9qqDGGU=
11,14,dW8TmyomcoKSYssbhpur+ajTwwA=,mSBuk3wcvPafzCUNLrJb/GMiuxI=
11,13,dW8TmyomcoKSYssbhpur+ajTwwA=,K78lJJ01j7ziYXPDatWZ5PbmxIs=
11,12,dW8TmyomcoKSYssbhpur+ajTwwA=,p7Mw1vIXHzAOG8u/SuJTkoXbVok=
11,3,dW8TmyomcoKSYssbhpur+ajTwwA=,4MEnAzRTZE6fcttFpNOKI+4NmEg=
11,2,dW8TmyomcoKSYssbhpur+ajTwwA=,tIS9NBmfhzt+roaH60lzl3xSAlE=
11,1,dW8TmyomcoKSYssbhpur+ajTwwA=,x2KgZbEvqJn1M/3Xw4njZxYi8Qw=
11,0,dW8TmyomcoKSYssbhpur+ajTwwA=,tHYE3JBiSCfwW8MjWg66B5fhI3k=
11,7,dW8TmyomcoKSYssbhpur+ajTwwA=,iy5DQqxL6+Sopxc6LBJehKveU4U=
11,6,dW8TmyomcoKSYssbhpur+ajTwwA=,D7dCIykrRl4k8KzB6QnRCXJOV/c=
11,5,dGrRjuNfjM2sbYQAZeU9QSsOaqE=,dnqeLQ1+cQJ1Xwj9RhXC4wBsvUc=
11,4,dGrRjuNfjM2sbYQAZeU9QSsOaqE=,sipbVUNpJdVLOAZZGMRk44DVtpw=
11,19,dGrRjuNfjM2sbYQAZeU9QSsOaqE=,VgwhroosaYBPVtidkiziEZ41bQ0=
11,18,dGrRjuNfjM2sbYQAZeU9QSsOaqE=,2bEYt01wroBAvqFKre55CpPBdgM=
11,17,dGrRjuNfjM2sbYQAZeU9QSsOaqE=,k9f+AMz8UyX8fn6Lr9/rQX0vZv0=
11,16,dGrRjuNfjM2sbYQAZeU9QSsOaqE=,TpKHJM5yt6MvJWOE6I3BggboyWo=
11,23,dGrRjuNfjM2sbYQAZeU9QSsOaqE=,8rhu33v4DwPWVd6Sm5Arzab6zx4=
11,22,dGrRjuNfjM2sbYQAZeU9QSsOaqE=,94UHLNDR8sQcTLnxyOWusudpW2s=
11,20,dGrRjuNfjM2sbYQAZeU9QSsOaqE=,tX0g0UJgnv/zKDhW1r9fMipcZKA=
12,12,dGrRjuNfjM2sbYQAZeU9QSsOaqE=,UXzEzd8SSbTg5EbHk+g9Qz8zbCk=
12,13,dGrRjuNfjM2sbYQAZeU9QSsOaqE=,IOlrf9pS15COir9AijcohbwZ/uk=
12,14,V8O/CGshn7TdJ4d8w+5tDFuTxC4=,/AuFqr6BaAc3hVzeFjybgqWQ8hU=
12,15,V8O/CGshn7TdJ4d8w+5tDFuTxC4=,oaFNpr3s9g/3zUzYkovyXKXntqY=
12,8,V8O/CGshn7TdJ4d8w+5tDFuTxC4=,zI0uddG28A9LRzcl+wQ8lhP7ITw=
12,9,V8O/CGshn7TdJ4d8w+5tDFuTxC4=,zCLbC8uwoH2oLAjoV08cQvEEdj8=
12,10,V8O/CGshn7TdJ4d8w+5tDFuTxC4=,UQ2xfLSPMlA0IY9BZqpFjd/HpFk=
12,11,V8O/CGshn7TdJ4d8w+5tDFuTxC4=,FlvK8W7T0evJ9bibGpSlyX4gY4k=
12,4,V8O/CGshn7TdJ4d8w+5tDFuTxC4=,Zp2KLdtqnKsiDloZ/ovX6p5l/4w=
12,5,V8O/CGshn7TdJ4d8w+5tDFuTxC4=,tR7NhziQJr9oRu+l3pSm4H+iIPY=
12,6,V8O/CGshn7TdJ4d8w+5tDFuTxC4=,laohNMnGD1oRw/1isctQRV38LJs=
12,7,i/9CQK5jYVq48buk2QeoDSbMJfM=,iNZdtPocA7L4WRhnwaNTmG9mNAU=
12,0,i/9CQK5jYVq48buk2QeoDSbMJfM=,dfe5gi1SD7zNzrm6qoNCe4AAtrM=
12,1,i/9CQK5jYVq48buk2QeoDSbMJfM=,IbB0qxxz20uLR4piy4mWA7LzGLw=
12,2,i/9CQK5jYVq48buk2QeoDSbMJfM=,uaLbDse+oovQdu8HC0YYKqT5lag=
12,3,i/9CQK5jYVq48buk2QeoDSbMJfM=,YuaP/DrRf8vlfGB5Onivlw31AEY=
12,20,i/9CQK5jYVq48buk2QeoDSbMJfM=,RBGL/M/2URKsQ4Qk71DXa1zZCXo=
12,21,i/9CQK5jYVq48buk2QeoDSbMJfM=,hqbQUxHDjS/sT+pG0bdiziBS2Pk=
12,22,i/9CQK5jYVq48buk2QeoDSbMJfM=,hFob8geDPhlM949fqVo1CzQ8SR4=
12,23,i/9CQK5jYVq48buk2QeoDSbMJfM=,WDL06MIM42UVlL78006qJpADA/g=
12,17,i/9CQK5jYVq48buk2QeoDSbMJfM=,gmIYJZ7QxqTXrrrzT/5MdB6Kch4=
12,18,i/9CQK5jYVq48buk2QeoDSbMJfM=,yZxcCfwB2mqBVOwfj1hfyUvyOl4=
12,19,i/9CQK5jYVq48buk2QeoDSbMJfM=,fwdddUfO0YgsIoqanNWyGF43xqs=
13,13,wRzsz0KCubnVsKl1QdI/G1ZEme4=,qzHr6c19USWVG1Pa36gEVx0NeOY=
13,12,wRzsz0KCubnVsKl1QdI/G1ZEme4=,nX0WtSg9fhtKQBuPck4UJQWNmeQ=
13,15,wRzsz0KCubnVsKl1QdI/G1ZEme4=,dzHN1WYkPGWZxu1PJGED7ACArek=
13,14,wRzsz0KCubnVsKl1QdI/G1ZEme4=,A7PRhh9BS5xCv45IPkJcHynWUZU=
13,9,wRzsz0KCubnVsKl1QdI/G1ZEme4=,7CwTl6PfJuwXu7h0J1sNfhopahE=
13,8,8lXVVAiyGDqbQ5m70gXsTjEEdG8=,LN63dFsAr4N43nQCl56aibRaD4s=
13,11,8lXVVAiyGDqbQ5m70gXsTjEEdG8=,/8qlVgi5TytKtvn1tKmtZ1B97WQ=
13,10,8lXVVAiyGDqbQ5m70gXsTjEEdG8=,4gDWC9bV5J+s+HD9BM86dbQLUiI=
13,5,8lXVVAiyGDqbQ5m70gXsTjEEdG8=,FVgxRJWKeH5IuDnKeCk/kvEwRPY=
13,4,8lXVVAiyGDqbQ5m70gXsTjEEdG8=,V0jB4+m+TPyu6J27Z6E/5s9I6xM=
13,7,fTKA8WUn0Y8WwIq8+tre4D7iwmc=,FIOlcMmth5ie1uq6vRboSiauQwg=
13,6,fTKA8WUn0Y8WwIq8+tre4D7iwmc=,gK41Wd0kZ+cj93hkPd+86NEWTps=
13,1,fTKA8WUn0Y8WwIq8+tre4D7iwmc=,lHopwVSbX4nPW5HLWvdRMzXqm4g=
13,0,fTKA8WUn0Y8WwIq8+tre4D7iwmc=,6sgL9XuREcDhROFAiihmdV7Yxdw=
13,3,fTKA8WUn0Y8WwIq8+tre4D7iwmc=,CcTScYGF153tZKrvEjATqrHxgCE=
13,2,fTKA8WUn0Y8WwIq8+tre4D7iwmc=,6Fi4KA0dZfEkJZFT/BU5W55DANw=
13,21,fTKA8WUn0Y8WwIq8+tre4D7iwmc=,jlQMXpoFx0QPPgbNf5L9WIe5vbw=
13,20,fTKA8WUn0Y8WwIq8+tre4D7iwmc=,9sdcAP2VZZ3psnuKv+M91HWMSdk=
13,23,fTKA8WUn0Y8WwIq8+tre4D7iwmc=,K38P0cFG7SpqWA49zXMY59OzRoc=
13,22,VvPE2qz269aSuxwbiQ4APtrYJXs=,TVjNnx85xklFMilnihglc6zaF7A=
13,17,VvPE2qz269aSuxwbiQ4APtrYJXs=,gmIYJZ7QxqTXrrrzT/5MdB6Kch4=
13,19,VvPE2qz269aSuxwbiQ4APtrYJXs=,n632E6gr95HmspzLGUxLFZ1tFS8=
13,18,VvPE2qz269aSuxwbiQ4APtrYJXs=,VVNqr6+S5sn/OlOfh/h/sMU/kik=
14,14,VvPE2qz269aSuxwbiQ4APtrYJXs=,U0ao5ezvsWqMQdmtRVsu2EydRUU=
14,15,VvPE2qz269aSuxwbiQ4APtrYJXs=,nHp7GJAAvVFnSyMeGsWJ5g0FGCo=
14,12,VvPE2qz269aSuxwbiQ4APtrYJXs=,eDN0KiUu+fGHc3RONyF+JTT7bQo=
14,13,VvPE2qz269aSuxwbiQ4APtrYJXs=,byz4iriykWIltCzOUDGIypybw0w=
14,10,xDHRg89yFnRkyZx0tp+N/oC65Fk=,vCKU4SslhkNh5ZTj+04wdth8A28=
14,11,xDHRg89yFnRkyZx0tp+N/oC65Fk=,nNOr7OEFd5KtGxw99zw99meNKzs=
14,8,xDHRg89yFnRkyZx0tp+N/oC65Fk=,cJ6a/Z+G9BWF2SRuhJT12cI8RyI=
14,9,xDHRg89yFnRkyZx0tp+N/oC65Fk=,uzgDj9uBGkyzNH2KI5O1026XZOA=
14,6,xDHRg89yFnRkyZx0tp+N/oC65Fk=,hXJDd6zn68jjarGvKeNbcVpnjog=
14,7,xDHRg89yFnRkyZx0tp+N/oC65Fk=,HVnO3qsYSz5fBJkvRTntCvYxs8A=
14,4,xDHRg89yFnRkyZx0tp+N/oC65Fk=,NfAP8p6KIVQLBCNf81CngH37Ui8=
14,5,xDHRg89yFnRkyZx0tp+N/oC65Fk=,zSXPREBfYR/gDLY5UVeoMlSuFZI=
14,2,xDHRg89yFnRkyZx0tp+N/oC65Fk=,jM+08pDEfvEcM3/ytrx1KK+JLLM=
14,3,FP4psy114jZ3B7lRX7Fo6u0lYyA=,anC5QDMDRfOHyLbdYi9EzDzOaaE=
14,0,FP4psy114jZ3B7lRX7Fo6u0lYyA=,6piY/V+/xy8x3sCpsXQIKEBicKo=
14,1,FP4psy114jZ3B7lRX7Fo6u0lYyA=,/3G+kc1ln4QGApeIT04ZA7s1ba4=
14,22,FP4psy114jZ3B7lRX7Fo6u0lYyA=,TVjNnx85xklFMilnihglc6zaF7A=
14,23,FP4psy114jZ3B7lRX7Fo6u0lYyA=,ARVLc9JMwR1rB2A50lHEM0QReh8=
14,20,FP4psy114jZ3B7lRX7Fo6u0lYyA=,JW+KOs+++eosY0Q/wPvybZ8QGj0=
14,21,FP4psy114jZ3B7lRX7Fo6u0lYyA=,njNSw01LPMUomAanSqXCiGz2rwM=
14,18,FP4psy114jZ3B7lRX7Fo6u0lYyA=,MbTfZBPY+nO7yEyAPD8rrecgJyg=
14,19,FP4psy114jZ3B7lRX7Fo6u0lYyA=,YGTKisk5nIkSZRAMWKF+ZRnD0CY=
14,16,FP4psy114jZ3B7lRX7Fo6u0lYyA=,9woz8d7wp9LJkyKdJI6FHJvJpnk=
14,17,FP4psy114jZ3B7lRX7Fo6u0lYyA=,ocH4EsYgRNgyarhg0ySb504U3Ho=
15,15,DDrytGkAa4gi+RVITZQc9iyHD88=,/xji3TfDuFdv01l3EKzyRj2kTlE=
15,14,DDrytGkAa4gi+RVITZQc9iyHD88=,cME+IUYiv7DGwCCrtBgrILEkl74=
15,13,DDrytGkAa4gi+RVITZQc9iyHD88=,/gBcH5YluCSomSLk5gTA0qU5v/g=
15,12,DDrytGkAa4gi+RVITZQc9iyHD88=,qLVB3tAq02L79FKsvqBgEeQ2+18=
15,11,DDrytGkAa4gi+RVITZQc9iyHD88=,AU/2QOaQatMKNm/teQDUBmf+P9s=
15,10,DDrytGkAa4gi+RVITZQc9iyHD88=,CFr5SXnLhP9vzrlAcLviXSXHkUo=
15,9,DDrytGkAa4gi+RVITZQc9iyHD88=,zlKRvru345jpgEtrl29wzkxWxgY=
15,8,DDrytGkAa4gi+RVITZQc9iyHD88=,uuGLG80IuSnFEXeH5toKyKTlsvk=
15,7,DDrytGkAa4gi+RVITZQc9iyHD88=,lXHjRO6N+dWWN6+oyk0ZMSanaQE=
15,6,MLQ+zGANJcBoD3xfftKKSYQeH+0=,73KQD6B4CVlVKuIBcO5PWiUcPOs=
15,5,MLQ+zGANJcBoD3xfftKKSYQeH+0=,zZl/Ep81+Ykyp9qmnfCL8Y7qqHI=
15,4,MLQ+zGANJcBoD3xfftKKSYQeH+0=,K/l2YZFIs+aV+aWi0p+tZLyKK0k=
15,3,MLQ+zGANJcBoD3xfftKKSYQeH+0=,wkwJAQ1PaIulRTaywvr8D6njk1c=
15,2,MLQ+zGANJcBoD3xfftKKSYQeH+0=,hTo8In+634W4VQtkQ9pvd8Zc45U=
15,1,MLQ+zGANJcBoD3xfftKKSYQeH+0=,MNCei87UOixyN76tA5YtRAURvP4=
15,0,MLQ+zGANJcBoD3xfftKKSYQeH+0=,S23wOrEqKdEFxbwlGQ0qu6lqGpc=
15,23,MLQ+zGANJcBoD3xfftKKSYQeH+0=,ARVLc9JMwR1rB2A50lHEM0QReh8=
15,22,MLQ+zGANJcBoD3xfftKKSYQeH+0=,tfRTOKilLMespUOR4/ElJfdUX/0=
15,19,MLQ+zGANJcBoD3xfftKKSYQeH+0=,ZmQ3UIwhslHX7DZeuP8Ud1+m8kg=
15,18,fwfcmDeXuDgqxwnjchw0VLJBlJU=,ruzPBgiCCbrUGOjflOzB6nkSvrQ=
15,17,fwfcmDeXuDgqxwnjchw0VLJBlJU=,dMqSc09uPF8ALD0GcDNyA+kZGDQ=
15,16,fwfcmDeXuDgqxwnjchw0VLJBlJU=,9KHffDTgzNHastbEpnrd+8zC68E=
16,16,fwfcmDeXuDgqxwnjchw0VLJBlJU=,igHjCSegQoGCVI2cLHPPEa5HTOM=
16,17,fwfcmDeXuDgqxwnjchw0VLJBlJU=,z9Q+lQAq0clW5fk7NVspR9go/5s=
16,18,fwfcmDeXuDgqxwnjchw0VLJBlJU=,Udyp+Q2j/5sW83F4af9PJTGIUrI=
16,19,fwfcmDeXuDgqxwnjchw0VLJBlJU=,7iwtgqiX2dRCA3wzCVfs38x30Ys=
16,22,fwfcmDeXuDgqxwnjchw0VLJBlJU=,mhf9tDNnDMtwXORNHanuWJ0eOgE=
16,23,fwfcmDeXuDgqxwnjchw0VLJBlJU=,cW+B5SZSy9esI4P1oOMzn5jFFpQ=
16,0,LBtE5zq2+dE18ocACCZzv5HHVVc=,U1jzaXlgE0G6hXv+RpNjRQWqHIo=
16,1,LBtE5zq2+dE18ocACCZzv5HHVVc=,JxdaLdJv6d2Nxm6j37Xpuh5YtFM=
16,2,LBtE5zq2+dE18ocACCZzv5HHVVc=,WVR2/oAh47bQHzHFEs78neCQvN4=
16,4,LBtE5zq2+dE18ocACCZzv5HHVVc=,nkCULld+rrNl4DXNSpO12Q97FwE=
16,5,LBtE5zq2+dE18ocACCZzv5HHVVc=,//+x6gblh5nF+Td9FScM2Ien1vo=
16,6,LBtE5zq2+dE18ocACCZzv5HHVVc=,xRkg5Gd/z42IJhCUZw8p6VpsxXg=
16,7,LBtE5zq2+dE18ocACCZzv5HHVVc=,o96typpKnjwqF4k83kgWfyNaNAE=
16,8,LBtE5zq2+dE18ocACCZzv5HHVVc=,N8ecIdMSODu8Ya2xNH19SNAppWs=
16,9,LBtE5zq2+dE18ocACCZzv5HHVVc=,eWtB0W11YBwpFj8Y/dLwp1tGK6g=
16,10,LBtE5zq2+dE18ocACCZzv5HHVVc=,6AhIHgDNigeRHZZxHqVkLuC00FM=
17,17,OlzKmf5REoXTNF5EZcOlcuDctEI=,IdWQLorWaIYwL+MTwVPdtTrQcCg=
17,16,OlzKmf5REoXTNF5EZcOlcuDctEI=,ic7ndUxbEPi7ZE4FUDaxZCNZPbc=
17,18,OlzKmf5REoXTNF5EZcOlcuDctEI=,fKKbEJrrCXog6Pqj24YA8E+h5kU=
17,23,OlzKmf5REoXTNF5EZcOlcuDctEI=,9Xhv81aFug0w6pKiRSFIivLtJLU=
17,22,OlzKmf5REoXTNF5EZcOlcuDctEI=,9mfnc9maI6y3V9rKceeHvN8fyos=
17,1,OlzKmf5REoXTNF5EZcOlcuDctEI=,rNheOGEj88l0fFowqELLFB0JpT4=
17,0,OlzKmf5REoXTNF5EZcOlcuDctEI=,Gvh+Y11/5hQCl2ZITnzRkjCHhwU=
17,2,OlzKmf5REoXTNF5EZcOlcuDctEI=,SkAdqNdrb5LeTgAK5bwBKTk9vgI=
17,5,OlzKmf5REoXTNF5EZcOlcuDctEI=,B//6OceLyM4i55LJIvNn+luOj5E=
17,4,elvtIgGojeJWaHosW9Yki2eJEjs=,3GpmJVzFi0xXBcxOvziE/+qPBbU=
17,7,elvtIgGojeJWaHosW9Yki2eJEjs=,3frVzMgnmyIUY6dqGu9XVPhu338=
17,6,elvtIgGojeJWaHosW9Yki2eJEjs=,O/My6y/GNGVQjjjFTznpZEngVpM=
17,9,elvtIgGojeJWaHosW9Yki2eJEjs=,r7lANGClRKp0p75aDg9GfoIye4k=
17,8,elvtIgGojeJWaHosW9Yki2eJEjs=,TqdXygW/NYXBu/aGxGJqG/T6Apw=
17,10,elvtIgGojeJWaHosW9Yki2eJEjs=,ZnqQmpQff9ny2jBRnAAg7gFFukM=
18,18,OUL3gvrE1+5GYRFIZDMhSC9q7q8=,zqdiVo7tnYtNArj24rtTMvjRS9U=
18,19,OUL3gvrE1+5GYRFIZDMhSC9q7q8=,B61oRjueGFspJhn9v5esPVVyVfc=
18,17,OUL3gvrE1+5GYRFIZDMhSC9q7q8=,y47nRDvHX8hFX7esXaILs5yNC6k=
18,22,OUL3gvrE1+5GYRFIZDMhSC9q7q8=,Wq4YCsmjeIeyoGQ8chURD3fjDCU=
18,23,OUL3gvrE1+5GYRFIZDMhSC9q7q8=,Zq9ijUcV3muYRpFZV7vczURlioA=
18,20,OUL3gvrE1+5GYRFIZDMhSC9q7q8=,MxQaUHa8ZvmVAZtTN02fq18RmJY=
18,21,OUL3gvrE1+5GYRFIZDMhSC9q7q8=,Q1jVWkm+sJAuUH/Nl88pPtBHP1g=
18,2,OUL3gvrE1+5GYRFIZDMhSC9q7q8=,izmp4aoYoWAbkf/s+Cj2JOjkLYM=
18,3,OUL3gvrE1+5GYRFIZDMhSC9q7q8=,GJJjWed+34jRWQQVVvMxFKkwdj8=
18,0,OUL3gvrE1+5GYRFIZDMhSC9q7q8=,G8V4qy2rD7+hwO/2ykGSEa8xLzY=
18,1,OUL3gvrE1+5GYRFIZDMhSC9q7q8=,qfuUqyfbk3JTGAaJ1CyGaYbZhgc=
18,6,JUcmSJVUl80fbZAwLGOD6XqqEl0=,xshzWd/RoLNofheYwcGxSpUo+WE=
18,7,JUcmSJVUl80fbZAwLGOD6XqqEl0=,TKUFfGS+JNFpKKImK+COSP05jUU=
18,4,JUcmSJVUl80fbZAwLGOD6XqqEl0=,vUSPq+qDDjAA/A9TgspL4VIUAL8=
18,5,JUcmSJVUl80fbZAwLGOD6XqqEl0=,qsssnq4ATjWZZaQApv34nobcIHE=
18,10,JUcmSJVUl80fbZAwLGOD6XqqEl0=,e4XwA9WH5YqstSyX/E6WCRg6s60=
18,11,JUcmSJVUl80fbZAwLGOD6XqqEl0=,J7+E9cw5QWBHuCxa7KMgmXcNf58=
18,8,JUcmSJVUl80fbZAwLGOD6XqqEl0=,J/UBRYgH84TjsKB44OVHvxTkRTw=
18,9,JUcmSJVUl80fbZAwLGOD6XqqEl0=,0aaZIaVuS+96CGBcHfWhsTH9BWs=
19,19,htcg4n9vHdVHynjsRChV1KX883A=,0u58w6y6fhHHbE1k6BfHxJrAV0U=
19,18,htcg4n9vHdVHynjsRChV1KX883A=,/iRbfsRSvkT4Bo4rA3pYodhOe7M=
19,17,htcg4n9vHdVHynjsRChV1KX883A=,vZ2Q9yEzjEUVo6d2wGuo3cUbv5Y=
19,23,htcg4n9vHdVHynjsRChV1KX883A=,cW+B5SZSy9esI4P1oOMzn5jFFpQ=
19,22,htcg4n9vHdVHynjsRChV1KX883A=,SnBTxFYREDFCo2UX2hvOxFw0tis=
19,21,htcg4n9vHdVHynjsRChV1KX883A=,38zAWMUcHFxx4PsnQ6lSO5Ru4o4=
19,20,htcg4n9vHdVHynjsRChV1KX883A=,UjCNrobxtmxDq9hXyeL93IIMkXY=
19,3,XFJOJ92K66Gfg4S+jaV0N+Kx+tY=,fsAzW1dt/8V9mv28CaHg35pVsDk=
19,2,XFJOJ92K66Gfg4S+jaV0N+Kx+tY=,rTi9QTu+WezAWmjuax++Yiju2/M=
19,1,XFJOJ92K66Gfg4S+jaV0N+Kx+tY=,ZBWEP5wpKm3Ig+uKFlRPqIpzt24=
19,0,XFJOJ92K66Gfg4S+jaV0N+Kx+tY=,fwC6pixguXNgbsyud4yxKLQaJSQ=
19,7,XFJOJ92K66Gfg4S+jaV0N+Kx+tY=,RbrO3dQGqFwaR6LLRH0JRh7xmbM=
19,6,XFJOJ92K66Gfg4S+jaV0N+Kx+tY=,gYw3yGTrdPmrL1AVhxINa2+Nol8=
19,5,XFJOJ92K66Gfg4S+jaV0N+Kx+tY=,im5lJ4XPAKLWMtp8YY872RXRhNw=
19,4,XFJOJ92K66Gfg4S+jaV0N+Kx+tY=,+JfNvFp4CmN8VbtorkYcXFMd3ZI=
19,11,XFJOJ92K66Gfg4S+jaV0N+Kx+tY=,LuEv+y8MtjyY5KZ466UeZI5GJ3M=
19,10,IWUuQ8MUwk/82g94PhE3Qe9Tq9g=,ZKNRNOSv59mWzHTkdmV2DafAPkk=
19,9,IWUuQ8MUwk/82g94PhE3Qe9Tq9g=,vXTyjNmWXGbvAZlJncWnc99esdI=
19,12,IWUuQ8MUwk/82g94PhE3Qe9Tq9g=,wU7t4FtF+UbmcMAQdXNaGhwzRD4=
20,20,IWUuQ8MUwk/82g94PhE3Qe9Tq9g=,R36ymbymEJqhwKvZxvmlIMATU8Y=
20,21,IWUuQ8MUwk/82g94PhE3Qe9Tq9g=,9pVLgoZf89AbwSYdRR47lN2hPl0=
20,22,IWUuQ8MUwk/82g94PhE3Qe9Tq9g=,IacifZ6oqnp/FXEhvclnQLrBuHY=
20,23,IWUuQ8MUwk/82g94PhE3Qe9Tq9g=,e14grhHTuRrFxZHbWw+mYmh0dHw=
20,17,IWUuQ8MUwk/82g94PhE3Qe9Tq9g=,LkHTmSgpBtPDHsN75aI0pLJC5ac=
20,18,qIIrEvj002KMXUbR1u6MRDUQ5Hc=,OEefvvaIpnUoF1vDptSz5DrQOvg=
20,19,qIIrEvj002KMXUbR1u6MRDUQ5Hc=,5T8mMdHNr9ElMuJyaLvCn7szHf4=
20,4,qIIrEvj002KMXUbR1u6MRDUQ5Hc=,6w0ASrTej3SyCmzJg9bPWaoSGbU=
20,5,qIIrEvj002KMXUbR1u6MRDUQ5Hc=,iA1TAz07bvjB8Qzh4Ga21t2BiHo=
20,6,qIIrEvj002KMXUbR1u6MRDUQ5Hc=,dkU2tiQ3vHoI+HZpbYQTRqcXaTA=
20,7,qIIrEvj002KMXUbR1u6MRDUQ5Hc=,lTo5Guir3HuOZk9xFiLXBJPi31M=
20,1,qIIrEvj002KMXUbR1u6MRDUQ5Hc=,F3X2vy4x7jyFPcwUtULkky97ZDE=
20,2,qIIrEvj002KMXUbR1u6MRDUQ5Hc=,q9Y0j1YW34HUWosBcogjfOWQyus=
20,3,qIIrEvj002KMXUbR1u6MRDUQ5Hc=,VvVBAPBMm9v73uJdsh3hb8iKjBU=
20,12,qIIrEvj002KMXUbR1u6MRDUQ5Hc=,UhV3VYUW6lbF62fJR6JNINRXQZg=
20,13,qIIrEvj002KMXUbR1u6MRDUQ5Hc=,xtesIXOq6oOBs1ZGruUj9I01MBk=
20,9,buW+y3nyVxsuYmYPbEig9hR/jVg=,xvDSZefttGIQ1bWccBqolTBE+Dg=
20,10,buW+y3nyVxsuYmYPbEig9hR/jVg=,txpa0lIiap7FJhFVhleD0710ctM=
20,11,buW+y3nyVxsuYmYPbEig9hR/jVg=,Hx29qHgEuir+PBb1hdODoHE7kcQ=
21,21,buW+y3nyVxsuYmYPbEig9hR/jVg=,ycoR1ULB2E68MREAtp6bG9+6K+M=
21,20,buW+y3nyVxsuYmYPbEig9hR/jVg=,TfDMthgRPFsB38z+icKg/h37PkM=
21,23,buW+y3nyVxsuYmYPbEig9hR/jVg=,S4dJlNPCwI6mdL6S6QYn7mJ0kow=
21,22,buW+y3nyVxsuYmYPbEig9hR/jVg=,SpIClzrTj+io0hjat/ghnAlEX20=
21,19,buW+y3nyVxsuYmYPbEig9hR/jVg=,PuhKvM/Qxi03oIYudeQPjyT8UI4=
21,18,buW+y3nyVxsuYmYPbEig9hR/jVg=,JM6pyTnxrgmPj6ylc0T6BG+jeo0=
21,5,buW+y3nyVxsuYmYPbEig9hR/jVg=,PH/UZYY+sIlXoCJ85eXCMNDfAVI=
21,4,buW+y3nyVxsuYmYPbEig9hR/jVg=,Ct3lyMSEZ4L2S0jJs7qF03suURE=
21,7,iAwcQ2gHqU5LPlqp02+OIgYIdOw=,eQT9WfnR8YBbLJ/Lu45dutbA9Dc=
21,6,iAwcQ2gHqU5LPlqp02+OIgYIdOw=,+xNg2aa8ukpXNjEkJXopVrg3E7E=
21,1,iAwcQ2gHqU5LPlqp02+OIgYIdOw=,UOiOf42M6274kdyzpktTjxybsww=
21,0,iAwcQ2gHqU5LPlqp02+OIgYIdOw=,wPU1iRqv6Go4LaTnKN4PETuxyJU=
21,3,iAwcQ2gHqU5LPlqp02+OIgYIdOw=,cNMH9D2YsCEGz+hbw73+6hUSCCw=
21,2,iAwcQ2gHqU5LPlqp02+OIgYIdOw=,e+BTZYVKd2XY42nGqF9NUHsgtVo=
21,13,iAwcQ2gHqU5LPlqp02+OIgYIdOw=,fS4SrHYHVLAK5gt6wpwSuQnaCGc=
21,12,iAwcQ2gHqU5LPlqp02+OIgYIdOw=,+3hWYDmlZIHZ/5m2nc7vwyCn3sE=
21,14,iAwcQ2gHqU5LPlqp02+OIgYIdOw=,P7SuG6rDbKbyI5LbEzD4+YlJ3Gk=
21,9,iAwcQ2gHqU5LPlqp02+OIgYIdOw=,69h7KEO9Bqnm6+aXqz4SltH/Cak=
21,11,ioWSbXd/8byBK/dOpJp8UwoCLKo=,NJwgkzjCOgbf0mUyJvDG+PuJTEI=
21,10,ioWSbXd/8byBK/dOpJp8UwoCLKo=,IgsrVBSuE/rV8n4Pq0fmEVgObhs=
22,22,ioWSbXd/8byBK/dOpJp8UwoCLKo=,oA8dkUUFI2fQZUhw/Q0xl2q0vZU=
22,23,ioWSbXd/8byBK/dOpJp8UwoCLKo=,IHr5Z+9T11VXBEWM/OymRNwF2uQ=
22,20,ioWSbXd/8byBK/dOpJp8UwoCLKo=,PDWTpS10f71Gq4VQVgy+r2BFCfk=
22,21,ioWSbXd/8byBK/dOpJp8UwoCLKo=,dhHOGC3+v19rw94c6HVOhBflwPw=
22,18,ioWSbXd/8byBK/dOpJp8UwoCLKo=,5Rhsmp80VcPd38U02IoS6T0jP4Q=
22,19,ioWSbXd/8byBK/dOpJp8UwoCLKo=,E1MBzZM8zUL7+clA1N/yxeWAsrU=
22,6,ioWSbXd/8byBK/dOpJp8UwoCLKo=,uSoNLwaw8ssm86l87zSxdzhRUAY=
22,7,ioWSbXd/8byBK/dOpJp8UwoCLKo=,QKwLLi/1RJXcMf2NU7VyE/CJlpk=
22,5,ioWSbXd/8byBK/dOpJp8UwoCLKo=,+dshDZ7EBYFKArRvjNGJHf9AadA=
22,2,ioWSbXd/8byBK/dOpJp8UwoCLKo=,/cB2FB84tIFeVigrF3lkZrkwbi4=
22,3,ioWSbXd/8byBK/dOpJp8UwoCLKo=,JmNDqsHaXvdyLWI4y3o89SS3BX4=
22,0,ioWSbXd/8byBK/dOpJp8UwoCLKo=,9iZAao81YU96oSDZRiCE0nCCluU=
22,1,RJswVqK0OPaxvUp7jSYbjgmEXMY=,rZp1Ct4/Z4Jm/Y2FZPHQqkMdMeg=
22,14,RJswVqK0OPaxvUp7jSYbjgmEXMY=,J7+E9cw5QWBHuCxa7KMgmXcNf58=
22,12,RJswVqK0OPaxvUp7jSYbjgmEXMY=,vqvWtnN8q4LVhW1sJecg3ryWbe8=
22,13,RJswVqK0OPaxvUp7jSYbjgmEXMY=,zUf1/b7n7F4t2jfjdvQHfNhlb1U=
22,10,RJswVqK0OPaxvUp7jSYbjgmEXMY=,iYXFOh0Urd/9ulD9h0kY1eYc7fc=
22,11,RJswVqK0OPaxvUp7jSYbjgmEXMY=,25CLAnbC0A0pwUgUrtpaTIAqff8=
22,8,RJswVqK0OPaxvUp7jSYbjgmEXMY=,h2OYrZK0c+CRsTRY/YdlDicVIHE=
22,9,RJswVqK0OPaxvUp7jSYbjgmEXMY=,gpSMOTBptUOx8YEBQwuvr9Fx1kk=
23,23,RJswVqK0OPaxvUp7jSYbjgmEXMY=,uweNilgl/5FfHLHweWFLv81ko/A=
23,22,RJswVqK0OPaxvUp7jSYbjgmEXMY=,jyIGPmOIi5BW+hOUq47eikCuFf0=
23,21,RJswVqK0OPaxvUp7jSYbjgmEXMY=,JUWbVlKD563n1vxYgXWbOxtg2uQ=
23,20,RJswVqK0OPaxvUp7jSYbjgmEXMY=,JUWbVlKD563n1vxYgXWbOxtg2uQ=
23,19,+sJOenrYElCyHs5dQdk4XI9fpiw=,pFkJYYQYke6gnOtF5L+vLe9Qh6w=
23,18,+sJOenrYElCyHs5dQdk4XI9fpiw=,MHkvfGqkITWaOvUz5hkfMJOnmGM=
23,7,+sJOenrYElCyHs5dQdk4XI9fpiw=,uBWm9E4eh/IHLRRg2NDA3d6nraY=
23,6,+sJOenrYElCyHs5dQdk4XI9fpiw=,8DsIY9UuJr/uQ/V5x4/so3ReO0Q=
23,3,+sJOenrYElCyHs5dQdk4XI9fpiw=,1cxL32x+FZWZyCoouFz7aQtVtN4=
23,2,+sJOenrYElCyHs5dQdk4XI9fpiw=,X4TY5T7xhMEBqBLoOad2zpWIbd0=
23,1,+sJOenrYElCyHs5dQdk4XI9fpiw=,uY/dGsiBI5vDjWQc3VNdNwmP5Dc=
23,0,+sJOenrYElCyHs5dQdk4XI9fpiw=,+wutLmggW7PL6tn0zLjviCISwDE=
23,14,0RtETa4lHM/H0Vqno00JFhiTcWE=,vG8CZRltOMgkyo+aUoj6XoH19vM=
23,13,0RtETa4lHM/H0Vqno00JFhiTcWE=,cvAoa4cRuD3Lp1LlHzSfMjcGeQ0=
23,12,0RtETa4lHM/H0Vqno00JFhiTcWE=,NuXncXVT4nX48JcEPoHI+oVicQk=
23,11,0RtETa4lHM/H0Vqno00JFhiTcWE=,vG8CZRltOMgkyo+aUoj6XoH19vM=
23,10,0RtETa4lHM/H0Vqno00JFhiTcWE=,fEBC86zN3mCTtuZxCoho6LsShGk=
23,9,0RtETa4lHM/H0Vqno00JFhiTcWE=,OxOejk+R9fDXtuDbFSWcPGyse2c=
23,8,0RtETa4lHM/H0Vqno00JFhiTcWE=,vG8CZRltOMgkyo+aUoj6XoH19vM=
