-43,85,+7FuAFeKrjnK1QI66e+zWm5V4Ng=,V2LnB6M9mSQoNUNiBshS1juI1Rw=
-43,86,+7FuAFeKrjnK1QI66e+zWm5V4Ng=,V2LnB6M9mSQoNUNiBshS1juI1Rw=
-42,86,+7FuAFeKrjnK1QI66e+zWm5V4Ng=,V2LnB6M9mSQoNUNiBshS1juI1Rw=
-42,85,+7FuAFeKrjnK1QI66e+zWm5V4Ng=,V2LnB6M9mSQoNUNiBshS1juI1Rw=
-42,84,+7FuAFeKrjnK1QI66e+zWm5V4Ng=,V2LnB6M9mSQoNUNiBshS1juI1Rw=
-43,82,+7FuAFeKrjnK1QI66e+zWm5V4Ng=,V2LnB6M9mSQoNUNiBshS1juI1Rw=
-43,81,+7FuAFeKrjnK1QI66e+zWm5V4Ng=,V2LnB6M9mSQoNUNiBshS1juI1Rw=
-43,84,+7FuAFeKrjnK1QI66e+zWm5V4Ng=,V2LnB6M9mSQoNUNiBshS1juI1Rw=
-43,83,+7FuAFeKrjnK1QI66e+zWm5V4Ng=,V2LnB6M9mSQoNUNiBshS1juI1Rw=
-42,83,+7FuAFeKrjnK1QI66e+zWm5V4Ng=,V2LnB6M9mSQoNUNiBshS1juI1Rw=
-42,81,+7FuAFeKrjnK1QI66e+zWm5V4Ng=,V2LnB6M9mSQoNUNiBshS1juI1Rw=
-42,82,+7FuAFeKrjnK1QI66e+zWm5V4Ng=,V2LnB6M9mSQoNUNiBshS1juI1Rw=
-42,89,+7FuAFeKrjnK1QI66e+zWm5V4Ng=,V2LnB6M9mSQoNUNiBshS1juI1Rw=
-43,89,+7FuAFeKrjnK1QI66e+zWm5V4Ng=,V2LnB6M9mSQoNUNiBshS1juI1Rw=
-42,90,+7FuAFeKrjnK1QI66e+zWm5V4Ng=,V2LnB6M9mSQoNUNiBshS1juI1Rw=
-42,88,+7FuAFeKrjnK1QI66e+zWm5V4Ng=,V2LnB6M9mSQoNUNiBshS1juI1Rw=
-43,88,+7FuAFeKrjnK1QI66e+zWm5V4Ng=,V2LnB6M9mSQoNUNiBshS1juI1Rw=
-42,87,+7FuAFeKrjnK1QI66e+zWm5V4Ng=,V2LnB6M9mSQoNUNiBshS1juI1Rw=
-43,90,+7FuAFeKrjnK1QI66e+zWm5V4Ng=,V2LnB6M9mSQoNUNiBshS1juI1Rw=
-43,87,+7FuAFeKrjnK1QI66e+zWm5V4Ng=,V2LnB6M9mSQoNUNiBshS1juI1Rw=
-41,84,0MeDCW7r0uvxm0bp/MgO0sx+LVY=,V2LnB6M9mSQoNUNiBshS1juI1Rw=
-41,86,0MeDCW7r0uvxm0bp/MgO0sx+LVY=,V2LnB6M9mSQoNUNiBshS1juI1Rw=
-41,85,0MeDCW7r0uvxm0bp/MgO0sx+LVY=,V2LnB6M9mSQoNUNiBshS1juI1Rw=
-37,85,0MeDCW7r0uvxm0bp/MgO0sx+LVY=,V2LnB6M9mSQoNUNiBshS1juI1Rw=
-37,86,0MeDCW7r0uvxm0bp/MgO0sx+LVY=,V2LnB6M9mSQoNUNiBshS1juI1Rw=
-41,83,0MeDCW7r0uvxm0bp/MgO0sx+LVY=,V2LnB6M9mSQoNUNiBshS1juI1Rw=
-40,85,0MeDCW7r0uvxm0bp/MgO0sx+LVY=,V2LnB6M9mSQoNUNiBshS1juI1Rw=
-39,85,0MeDCW7r0uvxm0bp/MgO0sx+LVY=,V2LnB6M9mSQoNUNiBshS1juI1Rw=
-39,84,0MeDCW7r0uvxm0bp/MgO0sx+LVY=,V2LnB6M9mSQoNUNiBshS1juI1Rw=
-41,82,0MeDCW7r0uvxm0bp/MgO0sx+LVY=,V2LnB6M9mSQoNUNiBshS1juI1Rw=
-44,90,0MeDCW7r0uvxm0bp/MgO0sx+LVY=,V2LnB6M9mSQoNUNiBshS1juI1Rw=
-44,89,0MeDCW7r0uvxm0bp/MgO0sx+LVY=,V2LnB6M9mSQoNUNiBshS1juI1Rw=
-44,85,0MeDCW7r0uvxm0bp/MgO0sx+LVY=,V2LnB6M9mSQoNUNiBshS1juI1Rw=
-44,88,0MeDCW7r0uvxm0bp/MgO0sx+LVY=,V2LnB6M9mSQoNUNiBshS1juI1Rw=
-44,86,0MeDCW7r0uvxm0bp/MgO0sx+LVY=,V2LnB6M9mSQoNUNiBshS1juI1Rw=
-44,87,3sup+9xNTztodYA2LdlUTioJmUs=,V2LnB6M9mSQoNUNiBshS1juI1Rw=
-37,84,3sup+9xNTztodYA2LdlUTioJmUs=,V2LnB6M9mSQoNUNiBshS1juI1Rw=
-37,81,3sup+9xNTztodYA2LdlUTioJmUs=,V2LnB6M9mSQoNUNiBshS1juI1Rw=
-37,82,3sup+9xNTztodYA2LdlUTioJmUs=,V2LnB6M9mSQoNUNiBshS1juI1Rw=
-37,83,3sup+9xNTztodYA2LdlUTioJmUs=,V2LnB6M9mSQoNUNiBshS1juI1Rw=
-39,82,3sup+9xNTztodYA2LdlUTioJmUs=,V2LnB6M9mSQoNUNiBshS1juI1Rw=
-40,83,3sup+9xNTztodYA2LdlUTioJmUs=,V2LnB6M9mSQoNUNiBshS1juI1Rw=
-40,82,3sup+9xNTztodYA2LdlUTioJmUs=,V2LnB6M9mSQoNUNiBshS1juI1Rw=
-40,84,3sup+9xNTztodYA2LdlUTioJmUs=,V2LnB6M9mSQoNUNiBshS1juI1Rw=
-38,84,3sup+9xNTztodYA2LdlUTioJmUs=,V2LnB6M9mSQoNUNiBshS1juI1Rw=
-38,85,3sup+9xNTztodYA2LdlUTioJmUs=,V2LnB6M9mSQoNUNiBshS1juI1Rw=
-38,82,3sup+9xNTztodYA2LdlUTioJmUs=,V2LnB6M9mSQoNUNiBshS1juI1Rw=
-38,83,3sup+9xNTztodYA2LdlUTioJmUs=,V2LnB6M9mSQoNUNiBshS1juI1Rw=
-41,89,3sup+9xNTztodYA2LdlUTioJmUs=,V2LnB6M9mSQoNUNiBshS1juI1Rw=
-41,87,3sup+9xNTztodYA2LdlUTioJmUs=,V2LnB6M9mSQoNUNiBshS1juI1Rw=
-37,88,3sup+9xNTztodYA2LdlUTioJmUs=,V2LnB6M9mSQoNUNiBshS1juI1Rw=
-37,89,3sup+9xNTztodYA2LdlUTioJmUs=,V2LnB6M9mSQoNUNiBshS1juI1Rw=
-41,90,3sup+9xNTztodYA2LdlUTioJmUs=,V2LnB6M9mSQoNUNiBshS1juI1Rw=
-41,88,JJY/Sud33QjXnuDaS7cKFI25oPk=,V2LnB6M9mSQoNUNiBshS1juI1Rw=
-37,87,JJY/Sud33QjXnuDaS7cKFI25oPk=,V2LnB6M9mSQoNUNiBshS1juI1Rw=
-39,83,JJY/Sud33QjXnuDaS7cKFI25oPk=,V2LnB6M9mSQoNUNiBshS1juI1Rw=
-37,90,JJY/Sud33QjXnuDaS7cKFI25oPk=,V2LnB6M9mSQoNUNiBshS1juI1Rw=
-38,87,JJY/Sud33QjXnuDaS7cKFI25oPk=,V2LnB6M9mSQoNUNiBshS1juI1Rw=
-40,87,JJY/Sud33QjXnuDaS7cKFI25oPk=,V2LnB6M9mSQoNUNiBshS1juI1Rw=
-39,87,JJY/Sud33QjXnuDaS7cKFI25oPk=,V2LnB6M9mSQoNUNiBshS1juI1Rw=
-38,89,JJY/Sud33QjXnuDaS7cKFI25oPk=,V2LnB6M9mSQoNUNiBshS1juI1Rw=
-40,86,JJY/Sud33QjXnuDaS7cKFI25oPk=,V2LnB6M9mSQoNUNiBshS1juI1Rw=
-39,89,JJY/Sud33QjXnuDaS7cKFI25oPk=,V2LnB6M9mSQoNUNiBshS1juI1Rw=
-40,89,JJY/Sud33QjXnuDaS7cKFI25oPk=,V2LnB6M9mSQoNUNiBshS1juI1Rw=
-38,86,JJY/Sud33QjXnuDaS7cKFI25oPk=,V2LnB6M9mSQoNUNiBshS1juI1Rw=
-40,88,JJY/Sud33QjXnuDaS7cKFI25oPk=,V2LnB6M9mSQoNUNiBshS1juI1Rw=
-39,88,JJY/Sud33QjXnuDaS7cKFI25oPk=,V2LnB6M9mSQoNUNiBshS1juI1Rw=
-39,86,JJY/Sud33QjXnuDaS7cKFI25oPk=,V2LnB6M9mSQoNUNiBshS1juI1Rw=
-38,88,KgLdyH4n7gztf8MkODaPtcwJtFE=,V2LnB6M9mSQoNUNiBshS1juI1Rw=
-43,80,KgLdyH4n7gztf8MkODaPtcwJtFE=,V2LnB6M9mSQoNUNiBshS1juI1Rw=
-44,84,KgLdyH4n7gztf8MkODaPtcwJtFE=,V2LnB6M9mSQoNUNiBshS1juI1Rw=
-42,80,KgLdyH4n7gztf8MkODaPtcwJtFE=,V2LnB6M9mSQoNUNiBshS1juI1Rw=
-44,83,KgLdyH4n7gztf8MkODaPtcwJtFE=,V2LnB6M9mSQoNUNiBshS1juI1Rw=
-44,82,KgLdyH4n7gztf8MkODaPtcwJtFE=,V2LnB6M9mSQoNUNiBshS1juI1Rw=
-44,81,KgLdyH4n7gztf8MkODaPtcwJtFE=,V2LnB6M9mSQoNUNiBshS1juI1Rw=
-44,80,KgLdyH4n7gztf8MkODaPtcwJtFE=,V2LnB6M9mSQoNUNiBshS1juI1Rw=
-37,80,KgLdyH4n7gztf8MkODaPtcwJtFE=,V2LnB6M9mSQoNUNiBshS1juI1Rw=
-41,81,KgLdyH4n7gztf8MkODaPtcwJtFE=,V2LnB6M9mSQoNUNiBshS1juI1Rw=
-41,80,KgLdyH4n7gztf8MkODaPtcwJtFE=,V2LnB6M9mSQoNUNiBshS1juI1Rw=
-39,80,KgLdyH4n7gztf8MkODaPtcwJtFE=,V2LnB6M9mSQoNUNiBshS1juI1Rw=
-38,81,KgLdyH4n7gztf8MkODaPtcwJtFE=,V2LnB6M9mSQoNUNiBshS1juI1Rw=
-37,91,KgLdyH4n7gztf8MkODaPtcwJtFE=,V2LnB6M9mSQoNUNiBshS1juI1Rw=
-37,92,KgLdyH4n7gztf8MkODaPtcwJtFE=,V2LnB6M9mSQoNUNiBshS1juI1Rw=
-37,93,KgLdyH4n7gztf8MkODaPtcwJtFE=,V2LnB6M9mSQoNUNiBshS1juI1Rw=
-37,94,KgLdyH4n7gztf8MkODaPtcwJtFE=,V2LnB6M9mSQoNUNiBshS1juI1Rw=
-38,95,KgLdyH4n7gztf8MkODaPtcwJtFE=,V2LnB6M9mSQoNUNiBshS1juI1Rw=
-39,81,KgLdyH4n7gztf8MkODaPtcwJtFE=,V2LnB6M9mSQoNUNiBshS1juI1Rw=
-37,95,KgLdyH4n7gztf8MkODaPtcwJtFE=,V2LnB6M9mSQoNUNiBshS1juI1Rw=
-38,80,KgLdyH4n7gztf8MkODaPtcwJtFE=,V2LnB6M9mSQoNUNiBshS1juI1Rw=
-40,80,KgLdyH4n7gztf8MkODaPtcwJtFE=,V2LnB6M9mSQoNUNiBshS1juI1Rw=
-38,94,KgLdyH4n7gztf8MkODaPtcwJtFE=,V2LnB6M9mSQoNUNiBshS1juI1Rw=
-38,93,KgLdyH4n7gztf8MkODaPtcwJtFE=,V2LnB6M9mSQoNUNiBshS1juI1Rw=
-38,91,KgLdyH4n7gztf8MkODaPtcwJtFE=,V2LnB6M9mSQoNUNiBshS1juI1Rw=
-38,92,KgLdyH4n7gztf8MkODaPtcwJtFE=,V2LnB6M9mSQoNUNiBshS1juI1Rw=
-40,81,KgLdyH4n7gztf8MkODaPtcwJtFE=,V2LnB6M9mSQoNUNiBshS1juI1Rw=
-43,93,KgLdyH4n7gztf8MkODaPtcwJtFE=,V2LnB6M9mSQoNUNiBshS1juI1Rw=
-44,93,KgLdyH4n7gztf8MkODaPtcwJtFE=,V2LnB6M9mSQoNUNiBshS1juI1Rw=
-44,91,KgLdyH4n7gztf8MkODaPtcwJtFE=,V2LnB6M9mSQoNUNiBshS1juI1Rw=
-43,94,KgLdyH4n7gztf8MkODaPtcwJtFE=,V2LnB6M9mSQoNUNiBshS1juI1Rw=
-44,94,KgLdyH4n7gztf8MkODaPtcwJtFE=,V2LnB6M9mSQoNUNiBshS1juI1Rw=
-43,95,KgLdyH4n7gztf8MkODaPtcwJtFE=,V2LnB6M9mSQoNUNiBshS1juI1Rw=
-43,92,KgLdyH4n7gztf8MkODaPtcwJtFE=,V2LnB6M9mSQoNUNiBshS1juI1Rw=
-44,95,KgLdyH4n7gztf8MkODaPtcwJtFE=,V2LnB6M9mSQoNUNiBshS1juI1Rw=
-43,91,KgLdyH4n7gztf8MkODaPtcwJtFE=,V2LnB6M9mSQoNUNiBshS1juI1Rw=
-44,92,KgLdyH4n7gztf8MkODaPtcwJtFE=,V2LnB6M9mSQoNUNiBshS1juI1Rw=
-42,91,KgLdyH4n7gztf8MkODaPtcwJtFE=,V2LnB6M9mSQoNUNiBshS1juI1Rw=
-41,91,KgLdyH4n7gztf8MkODaPtcwJtFE=,V2LnB6M9mSQoNUNiBshS1juI1Rw=
-39,95,KgLdyH4n7gztf8MkODaPtcwJtFE=,V2LnB6M9mSQoNUNiBshS1juI1Rw=
-38,90,KgLdyH4n7gztf8MkODaPtcwJtFE=,V2LnB6M9mSQoNUNiBshS1juI1Rw=
-42,94,KgLdyH4n7gztf8MkODaPtcwJtFE=,V2LnB6M9mSQoNUNiBshS1juI1Rw=
-39,94,KgLdyH4n7gztf8MkODaPtcwJtFE=,V2LnB6M9mSQoNUNiBshS1juI1Rw=
-40,92,KgLdyH4n7gztf8MkODaPtcwJtFE=,V2LnB6M9mSQoNUNiBshS1juI1Rw=
-40,90,KgLdyH4n7gztf8MkODaPtcwJtFE=,V2LnB6M9mSQoNUNiBshS1juI1Rw=
-41,94,KgLdyH4n7gztf8MkODaPtcwJtFE=,V2LnB6M9mSQoNUNiBshS1juI1Rw=
-41,95,KgLdyH4n7gztf8MkODaPtcwJtFE=,V2LnB6M9mSQoNUNiBshS1juI1Rw=
-40,95,KgLdyH4n7gztf8MkODaPtcwJtFE=,V2LnB6M9mSQoNUNiBshS1juI1Rw=
-39,93,KgLdyH4n7gztf8MkODaPtcwJtFE=,V2LnB6M9mSQoNUNiBshS1juI1Rw=
-39,90,KgLdyH4n7gztf8MkODaPtcwJtFE=,V2LnB6M9mSQoNUNiBshS1juI1Rw=
-42,95,KgLdyH4n7gztf8MkODaPtcwJtFE=,V2LnB6M9mSQoNUNiBshS1juI1Rw=
-39,91,KgLdyH4n7gztf8MkODaPtcwJtFE=,V2LnB6M9mSQoNUNiBshS1juI1Rw=
-42,92,KgLdyH4n7gztf8MkODaPtcwJtFE=,V2LnB6M9mSQoNUNiBshS1juI1Rw=
-42,93,KgLdyH4n7gztf8MkODaPtcwJtFE=,V2LnB6M9mSQoNUNiBshS1juI1Rw=
-39,92,KgLdyH4n7gztf8MkODaPtcwJtFE=,V2LnB6M9mSQoNUNiBshS1juI1Rw=
-41,92,KgLdyH4n7gztf8MkODaPtcwJtFE=,V2LnB6M9mSQoNUNiBshS1juI1Rw=
-41,93,KgLdyH4n7gztf8MkODaPtcwJtFE=,V2LnB6M9mSQoNUNiBshS1juI1Rw=
-40,91,KgLdyH4n7gztf8MkODaPtcwJtFE=,V2LnB6M9mSQoNUNiBshS1juI1Rw=
-40,93,KgLdyH4n7gztf8MkODaPtcwJtFE=,V2LnB6M9mSQoNUNiBshS1juI1Rw=
-40,94,KgLdyH4n7gztf8MkODaPtcwJtFE=,V2LnB6M9mSQoNUNiBshS1juI1Rw=
-35,66,+cQThXN8VGyiNqhCTZsf3Qzh9Sg=,V2LnB6M9mSQoNUNiBshS1juI1Rw=
-35,69,4KFB8rDS6oqxZY/Fg9SBSuSzGXU=,V2LnB6M9mSQoNUNiBshS1juI1Rw=
-34,69,4KFB8rDS6oqxZY/Fg9SBSuSzGXU=,V2LnB6M9mSQoNUNiBshS1juI1Rw=
-35,70,4KFB8rDS6oqxZY/Fg9SBSuSzGXU=,V2LnB6M9mSQoNUNiBshS1juI1Rw=
-35,67,4KFB8rDS6oqxZY/Fg9SBSuSzGXU=,V2LnB6M9mSQoNUNiBshS1juI1Rw=
-34,67,4KFB8rDS6oqxZY/Fg9SBSuSzGXU=,V2LnB6M9mSQoNUNiBshS1juI1Rw=
-34,70,4KFB8rDS6oqxZY/Fg9SBSuSzGXU=,V2LnB6M9mSQoNUNiBshS1juI1Rw=
-35,68,4KFB8rDS6oqxZY/Fg9SBSuSzGXU=,V2LnB6M9mSQoNUNiBshS1juI1Rw=
-34,68,4KFB8rDS6oqxZY/Fg9SBSuSzGXU=,V2LnB6M9mSQoNUNiBshS1juI1Rw=
-34,65,4KFB8rDS6oqxZY/Fg9SBSuSzGXU=,V2LnB6M9mSQoNUNiBshS1juI1Rw=
-35,65,4KFB8rDS6oqxZY/Fg9SBSuSzGXU=,V2LnB6M9mSQoNUNiBshS1juI1Rw=
-34,66,4KFB8rDS6oqxZY/Fg9SBSuSzGXU=,V2LnB6M9mSQoNUNiBshS1juI1Rw=
-42,65,4KFB8rDS6oqxZY/Fg9SBSuSzGXU=,V2LnB6M9mSQoNUNiBshS1juI1Rw=
-43,66,4KFB8rDS6oqxZY/Fg9SBSuSzGXU=,V2LnB6M9mSQoNUNiBshS1juI1Rw=
-43,65,4KFB8rDS6oqxZY/Fg9SBSuSzGXU=,V2LnB6M9mSQoNUNiBshS1juI1Rw=
-42,66,4KFB8rDS6oqxZY/Fg9SBSuSzGXU=,V2LnB6M9mSQoNUNiBshS1juI1Rw=
-42,68,4KFB8rDS6oqxZY/Fg9SBSuSzGXU=,V2LnB6M9mSQoNUNiBshS1juI1Rw=
-43,70,4KFB8rDS6oqxZY/Fg9SBSuSzGXU=,V2LnB6M9mSQoNUNiBshS1juI1Rw=
-43,67,4KFB8rDS6oqxZY/Fg9SBSuSzGXU=,V2LnB6M9mSQoNUNiBshS1juI1Rw=
-42,70,4KFB8rDS6oqxZY/Fg9SBSuSzGXU=,V2LnB6M9mSQoNUNiBshS1juI1Rw=
-43,68,4KFB8rDS6oqxZY/Fg9SBSuSzGXU=,V2LnB6M9mSQoNUNiBshS1juI1Rw=
-42,67,4KFB8rDS6oqxZY/Fg9SBSuSzGXU=,V2LnB6M9mSQoNUNiBshS1juI1Rw=
-42,69,4KFB8rDS6oqxZY/Fg9SBSuSzGXU=,V2LnB6M9mSQoNUNiBshS1juI1Rw=
-43,69,4KFB8rDS6oqxZY/Fg9SBSuSzGXU=,V2LnB6M9mSQoNUNiBshS1juI1Rw=
-36,66,4KFB8rDS6oqxZY/Fg9SBSuSzGXU=,V2LnB6M9mSQoNUNiBshS1juI1Rw=
-41,66,Jr7fvU9z+iKKltFF0QVcwVZEVhM=,V2LnB6M9mSQoNUNiBshS1juI1Rw=
-36,65,Jr7fvU9z+iKKltFF0QVcwVZEVhM=,V2LnB6M9mSQoNUNiBshS1juI1Rw=
-41,65,Jr7fvU9z+iKKltFF0QVcwVZEVhM=,V2LnB6M9mSQoNUNiBshS1juI1Rw=
-43,72,Jr7fvU9z+iKKltFF0QVcwVZEVhM=,V2LnB6M9mSQoNUNiBshS1juI1Rw=
-42,72,Jr7fvU9z+iKKltFF0QVcwVZEVhM=,V2LnB6M9mSQoNUNiBshS1juI1Rw=
-43,73,Jr7fvU9z+iKKltFF0QVcwVZEVhM=,V2LnB6M9mSQoNUNiBshS1juI1Rw=
-42,73,Jr7fvU9z+iKKltFF0QVcwVZEVhM=,V2LnB6M9mSQoNUNiBshS1juI1Rw=
-43,74,Jr7fvU9z+iKKltFF0QVcwVZEVhM=,V2LnB6M9mSQoNUNiBshS1juI1Rw=
-42,74,Jr7fvU9z+iKKltFF0QVcwVZEVhM=,V2LnB6M9mSQoNUNiBshS1juI1Rw=
-43,71,Jr7fvU9z+iKKltFF0QVcwVZEVhM=,V2LnB6M9mSQoNUNiBshS1juI1Rw=
-42,71,Jr7fvU9z+iKKltFF0QVcwVZEVhM=,V2LnB6M9mSQoNUNiBshS1juI1Rw=
-42,76,Jr7fvU9z+iKKltFF0QVcwVZEVhM=,V2LnB6M9mSQoNUNiBshS1juI1Rw=
-43,78,Jr7fvU9z+iKKltFF0QVcwVZEVhM=,V2LnB6M9mSQoNUNiBshS1juI1Rw=
-43,77,Jr7fvU9z+iKKltFF0QVcwVZEVhM=,V2LnB6M9mSQoNUNiBshS1juI1Rw=
-42,78,Jr7fvU9z+iKKltFF0QVcwVZEVhM=,V2LnB6M9mSQoNUNiBshS1juI1Rw=
-42,77,Jr7fvU9z+iKKltFF0QVcwVZEVhM=,V2LnB6M9mSQoNUNiBshS1juI1Rw=
-43,75,D8XYb8qQg2r+Y+SMRtKcJds4ApA=,V2LnB6M9mSQoNUNiBshS1juI1Rw=
-42,75,D8XYb8qQg2r+Y+SMRtKcJds4ApA=,V2LnB6M9mSQoNUNiBshS1juI1Rw=
-43,76,D8XYb8qQg2r+Y+SMRtKcJds4ApA=,V2LnB6M9mSQoNUNiBshS1juI1Rw=
-35,71,D8XYb8qQg2r+Y+SMRtKcJds4ApA=,V2LnB6M9mSQoNUNiBshS1juI1Rw=
-34,71,D8XYb8qQg2r+Y+SMRtKcJds4ApA=,V2LnB6M9mSQoNUNiBshS1juI1Rw=
-36,69,D8XYb8qQg2r+Y+SMRtKcJds4ApA=,V2LnB6M9mSQoNUNiBshS1juI1Rw=
-36,67,D8XYb8qQg2r+Y+SMRtKcJds4ApA=,V2LnB6M9mSQoNUNiBshS1juI1Rw=
-36,70,D8XYb8qQg2r+Y+SMRtKcJds4ApA=,V2LnB6M9mSQoNUNiBshS1juI1Rw=
-41,67,D8XYb8qQg2r+Y+SMRtKcJds4ApA=,V2LnB6M9mSQoNUNiBshS1juI1Rw=
-37,70,D8XYb8qQg2r+Y+SMRtKcJds4ApA=,V2LnB6M9mSQoNUNiBshS1juI1Rw=
-41,69,D8XYb8qQg2r+Y+SMRtKcJds4ApA=,V2LnB6M9mSQoNUNiBshS1juI1Rw=
-41,68,D8XYb8qQg2r+Y+SMRtKcJds4ApA=,V2LnB6M9mSQoNUNiBshS1juI1Rw=
-36,68,D8XYb8qQg2r+Y+SMRtKcJds4ApA=,V2LnB6M9mSQoNUNiBshS1juI1Rw=
-44,78,D8XYb8qQg2r+Y+SMRtKcJds4ApA=,V2LnB6M9mSQoNUNiBshS1juI1Rw=
-44,77,D8XYb8qQg2r+Y+SMRtKcJds4ApA=,V2LnB6M9mSQoNUNiBshS1juI1Rw=
-33,66,D8XYb8qQg2r+Y+SMRtKcJds4ApA=,V2LnB6M9mSQoNUNiBshS1juI1Rw=
-33,65,D8XYb8qQg2r+Y+SMRtKcJds4ApA=,V2LnB6M9mSQoNUNiBshS1juI1Rw=
-33,69,D8XYb8qQg2r+Y+SMRtKcJds4ApA=,V2LnB6M9mSQoNUNiBshS1juI1Rw=
-33,70,D8XYb8qQg2r+Y+SMRtKcJds4ApA=,V2LnB6M9mSQoNUNiBshS1juI1Rw=
-33,67,D8XYb8qQg2r+Y+SMRtKcJds4ApA=,V2LnB6M9mSQoNUNiBshS1juI1Rw=
-33,68,D8XYb8qQg2r+Y+SMRtKcJds4ApA=,V2LnB6M9mSQoNUNiBshS1juI1Rw=
-44,79,D8XYb8qQg2r+Y+SMRtKcJds4ApA=,V2LnB6M9mSQoNUNiBshS1juI1Rw=
-43,79,D8XYb8qQg2r+Y+SMRtKcJds4ApA=,V2LnB6M9mSQoNUNiBshS1juI1Rw=
-42,79,D8XYb8qQg2r+Y+SMRtKcJds4ApA=,V2LnB6M9mSQoNUNiBshS1juI1Rw=
-37,69,D8XYb8qQg2r+Y+SMRtKcJds4ApA=,V2LnB6M9mSQoNUNiBshS1juI1Rw=
-39,66,D8XYb8qQg2r+Y+SMRtKcJds4ApA=,V2LnB6M9mSQoNUNiBshS1juI1Rw=
-37,66,Zg5NlNkSqAsGi7dPZ89CaVArxFU=,V2LnB6M9mSQoNUNiBshS1juI1Rw=
-37,67,8miot+ugXIeBW8TfuY6lIexhcLY=,V2LnB6M9mSQoNUNiBshS1juI1Rw=
-40,68,qyYcbpcpZ35jTofk/fZz9+CZWms=,V2LnB6M9mSQoNUNiBshS1juI1Rw=
-35,64,qyYcbpcpZ35jTofk/fZz9+CZWms=,V2LnB6M9mSQoNUNiBshS1juI1Rw=
-34,64,qyYcbpcpZ35jTofk/fZz9+CZWms=,V2LnB6M9mSQoNUNiBshS1juI1Rw=
-36,71,qyYcbpcpZ35jTofk/fZz9+CZWms=,V2LnB6M9mSQoNUNiBshS1juI1Rw=
-37,73,qyYcbpcpZ35jTofk/fZz9+CZWms=,V2LnB6M9mSQoNUNiBshS1juI1Rw=
-36,64,qyYcbpcpZ35jTofk/fZz9+CZWms=,V2LnB6M9mSQoNUNiBshS1juI1Rw=
-41,70,qyYcbpcpZ35jTofk/fZz9+CZWms=,V2LnB6M9mSQoNUNiBshS1juI1Rw=
-44,65,qyYcbpcpZ35jTofk/fZz9+CZWms=,V2LnB6M9mSQoNUNiBshS1juI1Rw=
-44,66,qyYcbpcpZ35jTofk/fZz9+CZWms=,V2LnB6M9mSQoNUNiBshS1juI1Rw=
-41,73,qyYcbpcpZ35jTofk/fZz9+CZWms=,V2LnB6M9mSQoNUNiBshS1juI1Rw=
-37,64,qyYcbpcpZ35jTofk/fZz9+CZWms=,V2LnB6M9mSQoNUNiBshS1juI1Rw=
-38,67,qyYcbpcpZ35jTofk/fZz9+CZWms=,V2LnB6M9mSQoNUNiBshS1juI1Rw=
-38,69,qyYcbpcpZ35jTofk/fZz9+CZWms=,V2LnB6M9mSQoNUNiBshS1juI1Rw=
-43,64,qyYcbpcpZ35jTofk/fZz9+CZWms=,V2LnB6M9mSQoNUNiBshS1juI1Rw=
-44,64,qyYcbpcpZ35jTofk/fZz9+CZWms=,V2LnB6M9mSQoNUNiBshS1juI1Rw=
-42,64,qyYcbpcpZ35jTofk/fZz9+CZWms=,V2LnB6M9mSQoNUNiBshS1juI1Rw=
-41,64,qyYcbpcpZ35jTofk/fZz9+CZWms=,V2LnB6M9mSQoNUNiBshS1juI1Rw=
-44,70,qyYcbpcpZ35jTofk/fZz9+CZWms=,V2LnB6M9mSQoNUNiBshS1juI1Rw=
-44,67,qyYcbpcpZ35jTofk/fZz9+CZWms=,V2LnB6M9mSQoNUNiBshS1juI1Rw=
-44,68,qyYcbpcpZ35jTofk/fZz9+CZWms=,V2LnB6M9mSQoNUNiBshS1juI1Rw=
-44,69,qyYcbpcpZ35jTofk/fZz9+CZWms=,V2LnB6M9mSQoNUNiBshS1juI1Rw=
-44,72,qyYcbpcpZ35jTofk/fZz9+CZWms=,V2LnB6M9mSQoNUNiBshS1juI1Rw=
-44,74,qyYcbpcpZ35jTofk/fZz9+CZWms=,V2LnB6M9mSQoNUNiBshS1juI1Rw=
-44,73,qyYcbpcpZ35jTofk/fZz9+CZWms=,V2LnB6M9mSQoNUNiBshS1juI1Rw=
-44,71,qyYcbpcpZ35jTofk/fZz9+CZWms=,V2LnB6M9mSQoNUNiBshS1juI1Rw=
-44,76,qyYcbpcpZ35jTofk/fZz9+CZWms=,V2LnB6M9mSQoNUNiBshS1juI1Rw=
-44,75,qyYcbpcpZ35jTofk/fZz9+CZWms=,V2LnB6M9mSQoNUNiBshS1juI1Rw=
-33,71,qyYcbpcpZ35jTofk/fZz9+CZWms=,V2LnB6M9mSQoNUNiBshS1juI1Rw=
-40,64,qyYcbpcpZ35jTofk/fZz9+CZWms=,V2LnB6M9mSQoNUNiBshS1juI1Rw=
-33,64,qyYcbpcpZ35jTofk/fZz9+CZWms=,V2LnB6M9mSQoNUNiBshS1juI1Rw=
-37,76,qyYcbpcpZ35jTofk/fZz9+CZWms=,V2LnB6M9mSQoNUNiBshS1juI1Rw=
-37,79,qyYcbpcpZ35jTofk/fZz9+CZWms=,V2LnB6M9mSQoNUNiBshS1juI1Rw=
-41,72,aUvylq8azQFrVF8xNzfEyq+3LJQ=,V2LnB6M9mSQoNUNiBshS1juI1Rw=
-39,67,aUvylq8azQFrVF8xNzfEyq+3LJQ=,V2LnB6M9mSQoNUNiBshS1juI1Rw=
-41,74,aUvylq8azQFrVF8xNzfEyq+3LJQ=,V2LnB6M9mSQoNUNiBshS1juI1Rw=
-38,64,aUvylq8azQFrVF8xNzfEyq+3LJQ=,V2LnB6M9mSQoNUNiBshS1juI1Rw=
-40,67,aUvylq8azQFrVF8xNzfEyq+3LJQ=,V2LnB6M9mSQoNUNiBshS1juI1Rw=
-39,68,aUvylq8azQFrVF8xNzfEyq+3LJQ=,V2LnB6M9mSQoNUNiBshS1juI1Rw=
-39,78,aUvylq8azQFrVF8xNzfEyq+3LJQ=,V2LnB6M9mSQoNUNiBshS1juI1Rw=
-40,66,aUvylq8azQFrVF8xNzfEyq+3LJQ=,V2LnB6M9mSQoNUNiBshS1juI1Rw=
-39,69,aUvylq8azQFrVF8xNzfEyq+3LJQ=,V2LnB6M9mSQoNUNiBshS1juI1Rw=
-40,65,aUvylq8azQFrVF8xNzfEyq+3LJQ=,V2LnB6M9mSQoNUNiBshS1juI1Rw=
-38,73,aUvylq8azQFrVF8xNzfEyq+3LJQ=,V2LnB6M9mSQoNUNiBshS1juI1Rw=
-39,64,aUvylq8azQFrVF8xNzfEyq+3LJQ=,V2LnB6M9mSQoNUNiBshS1juI1Rw=
-38,75,aUvylq8azQFrVF8xNzfEyq+3LJQ=,V2LnB6M9mSQoNUNiBshS1juI1Rw=
-37,74,aUvylq8azQFrVF8xNzfEyq+3LJQ=,V2LnB6M9mSQoNUNiBshS1juI1Rw=
-38,71,aUvylq8azQFrVF8xNzfEyq+3LJQ=,V2LnB6M9mSQoNUNiBshS1juI1Rw=
-38,76,aUvylq8azQFrVF8xNzfEyq+3LJQ=,V2LnB6M9mSQoNUNiBshS1juI1Rw=
-37,65,aUvylq8azQFrVF8xNzfEyq+3LJQ=,V2LnB6M9mSQoNUNiBshS1juI1Rw=
-38,65,aUvylq8azQFrVF8xNzfEyq+3LJQ=,V2LnB6M9mSQoNUNiBshS1juI1Rw=
-40,78,aUvylq8azQFrVF8xNzfEyq+3LJQ=,V2LnB6M9mSQoNUNiBshS1juI1Rw=
-38,66,aUvylq8azQFrVF8xNzfEyq+3LJQ=,V2LnB6M9mSQoNUNiBshS1juI1Rw=
-39,73,aUvylq8azQFrVF8xNzfEyq+3LJQ=,V2LnB6M9mSQoNUNiBshS1juI1Rw=
-38,79,aUvylq8azQFrVF8xNzfEyq+3LJQ=,V2LnB6M9mSQoNUNiBshS1juI1Rw=
-40,75,aUvylq8azQFrVF8xNzfEyq+3LJQ=,V2LnB6M9mSQoNUNiBshS1juI1Rw=
-39,75,aUvylq8azQFrVF8xNzfEyq+3LJQ=,V2LnB6M9mSQoNUNiBshS1juI1Rw=
-39,65,aUvylq8azQFrVF8xNzfEyq+3LJQ=,V2LnB6M9mSQoNUNiBshS1juI1Rw=
-38,72,aUvylq8azQFrVF8xNzfEyq+3LJQ=,V2LnB6M9mSQoNUNiBshS1juI1Rw=
-38,68,aUvylq8azQFrVF8xNzfEyq+3LJQ=,V2LnB6M9mSQoNUNiBshS1juI1Rw=
-38,74,aUvylq8azQFrVF8xNzfEyq+3LJQ=,V2LnB6M9mSQoNUNiBshS1juI1Rw=
-40,69,aUvylq8azQFrVF8xNzfEyq+3LJQ=,V2LnB6M9mSQoNUNiBshS1juI1Rw=
-37,68,aUvylq8azQFrVF8xNzfEyq+3LJQ=,V2LnB6M9mSQoNUNiBshS1juI1Rw=
-39,79,aUvylq8azQFrVF8xNzfEyq+3LJQ=,V2LnB6M9mSQoNUNiBshS1juI1Rw=
-37,71,aUvylq8azQFrVF8xNzfEyq+3LJQ=,V2LnB6M9mSQoNUNiBshS1juI1Rw=
-38,70,aUvylq8azQFrVF8xNzfEyq+3LJQ=,V2LnB6M9mSQoNUNiBshS1juI1Rw=
-37,72,aUvylq8azQFrVF8xNzfEyq+3LJQ=,V2LnB6M9mSQoNUNiBshS1juI1Rw=
-39,71,aUvylq8azQFrVF8xNzfEyq+3LJQ=,V2LnB6M9mSQoNUNiBshS1juI1Rw=
-41,71,aUvylq8azQFrVF8xNzfEyq+3LJQ=,V2LnB6M9mSQoNUNiBshS1juI1Rw=
-39,70,aUvylq8azQFrVF8xNzfEyq+3LJQ=,V2LnB6M9mSQoNUNiBshS1juI1Rw=
-38,77,aUvylq8azQFrVF8xNzfEyq+3LJQ=,V2LnB6M9mSQoNUNiBshS1juI1Rw=
-41,78,aUvylq8azQFrVF8xNzfEyq+3LJQ=,V2LnB6M9mSQoNUNiBshS1juI1Rw=
-40,71,aUvylq8azQFrVF8xNzfEyq+3LJQ=,V2LnB6M9mSQoNUNiBshS1juI1Rw=
-37,78,aUvylq8azQFrVF8xNzfEyq+3LJQ=,V2LnB6M9mSQoNUNiBshS1juI1Rw=
-40,79,aUvylq8azQFrVF8xNzfEyq+3LJQ=,V2LnB6M9mSQoNUNiBshS1juI1Rw=
-40,74,aUvylq8azQFrVF8xNzfEyq+3LJQ=,V2LnB6M9mSQoNUNiBshS1juI1Rw=
-40,70,aUvylq8azQFrVF8xNzfEyq+3LJQ=,V2LnB6M9mSQoNUNiBshS1juI1Rw=
-41,77,aUvylq8azQFrVF8xNzfEyq+3LJQ=,V2LnB6M9mSQoNUNiBshS1juI1Rw=
-39,72,aUvylq8azQFrVF8xNzfEyq+3LJQ=,V2LnB6M9mSQoNUNiBshS1juI1Rw=
-39,77,aUvylq8azQFrVF8xNzfEyq+3LJQ=,V2LnB6M9mSQoNUNiBshS1juI1Rw=
-41,75,aUvylq8azQFrVF8xNzfEyq+3LJQ=,V2LnB6M9mSQoNUNiBshS1juI1Rw=
-39,76,aUvylq8azQFrVF8xNzfEyq+3LJQ=,V2LnB6M9mSQoNUNiBshS1juI1Rw=
-40,76,aUvylq8azQFrVF8xNzfEyq+3LJQ=,V2LnB6M9mSQoNUNiBshS1juI1Rw=
-37,77,aUvylq8azQFrVF8xNzfEyq+3LJQ=,V2LnB6M9mSQoNUNiBshS1juI1Rw=
-37,75,aUvylq8azQFrVF8xNzfEyq+3LJQ=,V2LnB6M9mSQoNUNiBshS1juI1Rw=
-39,74,aUvylq8azQFrVF8xNzfEyq+3LJQ=,V2LnB6M9mSQoNUNiBshS1juI1Rw=
-40,77,aUvylq8azQFrVF8xNzfEyq+3LJQ=,V2LnB6M9mSQoNUNiBshS1juI1Rw=
-40,72,aUvylq8azQFrVF8xNzfEyq+3LJQ=,V2LnB6M9mSQoNUNiBshS1juI1Rw=
-40,73,aUvylq8azQFrVF8xNzfEyq+3LJQ=,V2LnB6M9mSQoNUNiBshS1juI1Rw=
-41,79,aUvylq8azQFrVF8xNzfEyq+3LJQ=,V2LnB6M9mSQoNUNiBshS1juI1Rw=
-41,76,aUvylq8azQFrVF8xNzfEyq+3LJQ=,V2LnB6M9mSQoNUNiBshS1juI1Rw=
-38,78,aUvylq8azQFrVF8xNzfEyq+3LJQ=,V2LnB6M9mSQoNUNiBshS1juI1Rw=
