69,97,fllrstAyRAPZ7bpNrZ1scVn6+kE=,BwggE5e9Nqj/a/4KiPtY/GF0Qyo=
69,98,fllrstAyRAPZ7bpNrZ1scVn6+kE=,BwggE5e9Nqj/a/4KiPtY/GF0Qyo=
70,98,fllrstAyRAPZ7bpNrZ1scVn6+kE=,BwggE5e9Nqj/a/4KiPtY/GF0Qyo=
70,97,fllrstAyRAPZ7bpNrZ1scVn6+kE=,BwggE5e9Nqj/a/4KiPtY/GF0Qyo=
70,99,fllrstAyRAPZ7bpNrZ1scVn6+kE=,BwggE5e9Nqj/a/4KiPtY/GF0Qyo=
69,99,fllrstAyRAPZ7bpNrZ1scVn6+kE=,BwggE5e9Nqj/a/4KiPtY/GF0Qyo=
78,97,fllrstAyRAPZ7bpNrZ1scVn6+kE=,BwggE5e9Nqj/a/4KiPtY/GF0Qyo=
78,98,fllrstAyRAPZ7bpNrZ1scVn6+kE=,BwggE5e9Nqj/a/4KiPtY/GF0Qyo=
77,98,fllrstAyRAPZ7bpNrZ1scVn6+kE=,BwggE5e9Nqj/a/4KiPtY/GF0Qyo=
77,97,fllrstAyRAPZ7bpNrZ1scVn6+kE=,BwggE5e9Nqj/a/4KiPtY/GF0Qyo=
66,99,fllrstAyRAPZ7bpNrZ1scVn6+kE=,BwggE5e9Nqj/a/4KiPtY/GF0Qyo=
67,99,fllrstAyRAPZ7bpNrZ1scVn6+kE=,BwggE5e9Nqj/a/4KiPtY/GF0Qyo=
68,97,Ejd+YvpQ98ldb637wM8VdcMxX5w=,BwggE5e9Nqj/a/4KiPtY/GF0Qyo=
66,97,Ejd+YvpQ98ldb637wM8VdcMxX5w=,BwggE5e9Nqj/a/4KiPtY/GF0Qyo=
68,98,Ejd+YvpQ98ldb637wM8VdcMxX5w=,BwggE5e9Nqj/a/4KiPtY/GF0Qyo=
66,98,Ejd+YvpQ98ldb637wM8VdcMxX5w=,BwggE5e9Nqj/a/4KiPtY/GF0Qyo=
65,98,Ejd+YvpQ98ldb637wM8VdcMxX5w=,BwggE5e9Nqj/a/4KiPtY/GF0Qyo=
67,98,Ejd+YvpQ98ldb637wM8VdcMxX5w=,BwggE5e9Nqj/a/4KiPtY/GF0Qyo=
67,97,Ejd+YvpQ98ldb637wM8VdcMxX5w=,BwggE5e9Nqj/a/4KiPtY/GF0Qyo=
65,97,Ejd+YvpQ98ldb637wM8VdcMxX5w=,BwggE5e9Nqj/a/4KiPtY/GF0Qyo=
65,99,Ejd+YvpQ98ldb637wM8VdcMxX5w=,BwggE5e9Nqj/a/4KiPtY/GF0Qyo=
68,99,Ejd+YvpQ98ldb637wM8VdcMxX5w=,BwggE5e9Nqj/a/4KiPtY/GF0Qyo=
71,99,Ejd+YvpQ98ldb637wM8VdcMxX5w=,BwggE5e9Nqj/a/4KiPtY/GF0Qyo=
76,98,Ejd+YvpQ98ldb637wM8VdcMxX5w=,BwggE5e9Nqj/a/4KiPtY/GF0Qyo=
74,98,Ejd+YvpQ98ldb637wM8VdcMxX5w=,BwggE5e9Nqj/a/4KiPtY/GF0Qyo=
75,98,Ejd+YvpQ98ldb637wM8VdcMxX5w=,BwggE5e9Nqj/a/4KiPtY/GF0Qyo=
72,99,Ejd+YvpQ98ldb637wM8VdcMxX5w=,BwggE5e9Nqj/a/4KiPtY/GF0Qyo=
73,99,Ejd+YvpQ98ldb637wM8VdcMxX5w=,BwggE5e9Nqj/a/4KiPtY/GF0Qyo=
76,97,Ejd+YvpQ98ldb637wM8VdcMxX5w=,BwggE5e9Nqj/a/4KiPtY/GF0Qyo=
74,99,Ejd+YvpQ98ldb637wM8VdcMxX5w=,BwggE5e9Nqj/a/4KiPtY/GF0Qyo=
72,97,Ejd+YvpQ98ldb637wM8VdcMxX5w=,BwggE5e9Nqj/a/4KiPtY/GF0Qyo=
73,97,Ejd+YvpQ98ldb637wM8VdcMxX5w=,BwggE5e9Nqj/a/4KiPtY/GF0Qyo=
71,98,Ejd+YvpQ98ldb637wM8VdcMxX5w=,BwggE5e9Nqj/a/4KiPtY/GF0Qyo=
74,97,Ejd+YvpQ98ldb637wM8VdcMxX5w=,BwggE5e9Nqj/a/4KiPtY/GF0Qyo=
75,97,Ejd+YvpQ98ldb637wM8VdcMxX5w=,BwggE5e9Nqj/a/4KiPtY/GF0Qyo=
72,98,Ejd+YvpQ98ldb637wM8VdcMxX5w=,BwggE5e9Nqj/a/4KiPtY/GF0Qyo=
71,97,Ejd+YvpQ98ldb637wM8VdcMxX5w=,BwggE5e9Nqj/a/4KiPtY/GF0Qyo=
73,98,Ejd+YvpQ98ldb637wM8VdcMxX5w=,BwggE5e9Nqj/a/4KiPtY/GF0Qyo=
76,99,Ejd+YvpQ98ldb637wM8VdcMxX5w=,BwggE5e9Nqj/a/4KiPtY/GF0Qyo=
77,99,Ejd+YvpQ98ldb637wM8VdcMxX5w=,BwggE5e9Nqj/a/4KiPtY/GF0Qyo=
75,99,Ejd+YvpQ98ldb637wM8VdcMxX5w=,BwggE5e9Nqj/a/4KiPtY/GF0Qyo=
78,99,Ejd+YvpQ98ldb637wM8VdcMxX5w=,BwggE5e9Nqj/a/4KiPtY/GF0Qyo=
73,96,Ejd+YvpQ98ldb637wM8VdcMxX5w=,BwggE5e9Nqj/a/4KiPtY/GF0Qyo=
74,96,Ejd+YvpQ98ldb637wM8VdcMxX5w=,BwggE5e9Nqj/a/4KiPtY/GF0Qyo=
66,96,Ejd+YvpQ98ldb637wM8VdcMxX5w=,BwggE5e9Nqj/a/4KiPtY/GF0Qyo=
65,96,Ejd+YvpQ98ldb637wM8VdcMxX5w=,BwggE5e9Nqj/a/4KiPtY/GF0Qyo=
72,96,Ejd+YvpQ98ldb637wM8VdcMxX5w=,BwggE5e9Nqj/a/4KiPtY/GF0Qyo=
68,96,Ejd+YvpQ98ldb637wM8VdcMxX5w=,BwggE5e9Nqj/a/4KiPtY/GF0Qyo=
69,96,Ejd+YvpQ98ldb637wM8VdcMxX5w=,BwggE5e9Nqj/a/4KiPtY/GF0Qyo=
67,96,Ejd+YvpQ98ldb637wM8VdcMxX5w=,BwggE5e9Nqj/a/4KiPtY/GF0Qyo=
70,96,Ejd+YvpQ98ldb637wM8VdcMxX5w=,BwggE5e9Nqj/a/4KiPtY/GF0Qyo=
71,96,Ejd+YvpQ98ldb637wM8VdcMxX5w=,BwggE5e9Nqj/a/4KiPtY/GF0Qyo=
79,98,Ejd+YvpQ98ldb637wM8VdcMxX5w=,BwggE5e9Nqj/a/4KiPtY/GF0Qyo=
79,99,Ejd+YvpQ98ldb637wM8VdcMxX5w=,BwggE5e9Nqj/a/4KiPtY/GF0Qyo=
79,97,Ejd+YvpQ98ldb637wM8VdcMxX5w=,BwggE5e9Nqj/a/4KiPtY/GF0Qyo=
76,96,Ejd+YvpQ98ldb637wM8VdcMxX5w=,BwggE5e9Nqj/a/4KiPtY/GF0Qyo=
64,98,Ejd+YvpQ98ldb637wM8VdcMxX5w=,BwggE5e9Nqj/a/4KiPtY/GF0Qyo=
77,96,Ejd+YvpQ98ldb637wM8VdcMxX5w=,BwggE5e9Nqj/a/4KiPtY/GF0Qyo=
78,96,Ejd+YvpQ98ldb637wM8VdcMxX5w=,BwggE5e9Nqj/a/4KiPtY/GF0Qyo=
64,97,Ejd+YvpQ98ldb637wM8VdcMxX5w=,BwggE5e9Nqj/a/4KiPtY/GF0Qyo=
75,96,Ejd+YvpQ98ldb637wM8VdcMxX5w=,BwggE5e9Nqj/a/4KiPtY/GF0Qyo=
64,99,Ejd+YvpQ98ldb637wM8VdcMxX5w=,BwggE5e9Nqj/a/4KiPtY/GF0Qyo=
79,96,Ejd+YvpQ98ldb637wM8VdcMxX5w=,BwggE5e9Nqj/a/4KiPtY/GF0Qyo=
64,96,Ejd+YvpQ98ldb637wM8VdcMxX5w=,BwggE5e9Nqj/a/4KiPtY/GF0Qyo=
90,97,aAu5R8Pvwz4WuUiLY5BaJcgGaGE=,BwggE5e9Nqj/a/4KiPtY/GF0Qyo=
85,98,aAu5R8Pvwz4WuUiLY5BaJcgGaGE=,BwggE5e9Nqj/a/4KiPtY/GF0Qyo=
88,98,aAu5R8Pvwz4WuUiLY5BaJcgGaGE=,BwggE5e9Nqj/a/4KiPtY/GF0Qyo=
88,97,aAu5R8Pvwz4WuUiLY5BaJcgGaGE=,BwggE5e9Nqj/a/4KiPtY/GF0Qyo=
87,98,aAu5R8Pvwz4WuUiLY5BaJcgGaGE=,BwggE5e9Nqj/a/4KiPtY/GF0Qyo=
89,98,aAu5R8Pvwz4WuUiLY5BaJcgGaGE=,BwggE5e9Nqj/a/4KiPtY/GF0Qyo=
89,97,aAu5R8Pvwz4WuUiLY5BaJcgGaGE=,BwggE5e9Nqj/a/4KiPtY/GF0Qyo=
90,98,aAu5R8Pvwz4WuUiLY5BaJcgGaGE=,BwggE5e9Nqj/a/4KiPtY/GF0Qyo=
87,97,TBxeVEyNwMi61v7DV0GBcyjIjUs=,BwggE5e9Nqj/a/4KiPtY/GF0Qyo=
85,97,TBxeVEyNwMi61v7DV0GBcyjIjUs=,BwggE5e9Nqj/a/4KiPtY/GF0Qyo=
86,98,TBxeVEyNwMi61v7DV0GBcyjIjUs=,BwggE5e9Nqj/a/4KiPtY/GF0Qyo=
86,97,TBxeVEyNwMi61v7DV0GBcyjIjUs=,BwggE5e9Nqj/a/4KiPtY/GF0Qyo=
84,98,TBxeVEyNwMi61v7DV0GBcyjIjUs=,BwggE5e9Nqj/a/4KiPtY/GF0Qyo=
81,97,TBxeVEyNwMi61v7DV0GBcyjIjUs=,BwggE5e9Nqj/a/4KiPtY/GF0Qyo=
81,98,TBxeVEyNwMi61v7DV0GBcyjIjUs=,BwggE5e9Nqj/a/4KiPtY/GF0Qyo=
82,99,TBxeVEyNwMi61v7DV0GBcyjIjUs=,BwggE5e9Nqj/a/4KiPtY/GF0Qyo=
82,98,TBxeVEyNwMi61v7DV0GBcyjIjUs=,BwggE5e9Nqj/a/4KiPtY/GF0Qyo=
83,98,TBxeVEyNwMi61v7DV0GBcyjIjUs=,BwggE5e9Nqj/a/4KiPtY/GF0Qyo=
82,97,TBxeVEyNwMi61v7DV0GBcyjIjUs=,BwggE5e9Nqj/a/4KiPtY/GF0Qyo=
83,97,TBxeVEyNwMi61v7DV0GBcyjIjUs=,BwggE5e9Nqj/a/4KiPtY/GF0Qyo=
81,99,TBxeVEyNwMi61v7DV0GBcyjIjUs=,BwggE5e9Nqj/a/4KiPtY/GF0Qyo=
84,97,TBxeVEyNwMi61v7DV0GBcyjIjUs=,BwggE5e9Nqj/a/4KiPtY/GF0Qyo=
94,99,TBxeVEyNwMi61v7DV0GBcyjIjUs=,EX44qKFXfwwljXFy6WYxsU9ZlQc=
91,97,TBxeVEyNwMi61v7DV0GBcyjIjUs=,BwggE5e9Nqj/a/4KiPtY/GF0Qyo=
93,98,TBxeVEyNwMi61v7DV0GBcyjIjUs=,EX44qKFXfwwljXFy6WYxsU9ZlQc=
92,98,TBxeVEyNwMi61v7DV0GBcyjIjUs=,EX44qKFXfwwljXFy6WYxsU9ZlQc=
92,97,TBxeVEyNwMi61v7DV0GBcyjIjUs=,EX44qKFXfwwljXFy6WYxsU9ZlQc=
93,97,TBxeVEyNwMi61v7DV0GBcyjIjUs=,EX44qKFXfwwljXFy6WYxsU9ZlQc=
91,98,TBxeVEyNwMi61v7DV0GBcyjIjUs=,BwggE5e9Nqj/a/4KiPtY/GF0Qyo=
94,97,TBxeVEyNwMi61v7DV0GBcyjIjUs=,EX44qKFXfwwljXFy6WYxsU9ZlQc=
94,98,TBxeVEyNwMi61v7DV0GBcyjIjUs=,EX44qKFXfwwljXFy6WYxsU9ZlQc=
93,99,TBxeVEyNwMi61v7DV0GBcyjIjUs=,EX44qKFXfwwljXFy6WYxsU9ZlQc=
90,96,TBxeVEyNwMi61v7DV0GBcyjIjUs=,BwggE5e9Nqj/a/4KiPtY/GF0Qyo=
89,96,TBxeVEyNwMi61v7DV0GBcyjIjUs=,BwggE5e9Nqj/a/4KiPtY/GF0Qyo=
95,98,TBxeVEyNwMi61v7DV0GBcyjIjUs=,EX44qKFXfwwljXFy6WYxsU9ZlQc=
95,97,TBxeVEyNwMi61v7DV0GBcyjIjUs=,EX44qKFXfwwljXFy6WYxsU9ZlQc=
95,99,TBxeVEyNwMi61v7DV0GBcyjIjUs=,EX44qKFXfwwljXFy6WYxsU9ZlQc=
91,96,TBxeVEyNwMi61v7DV0GBcyjIjUs=,BwggE5e9Nqj/a/4KiPtY/GF0Qyo=
94,96,TBxeVEyNwMi61v7DV0GBcyjIjUs=,EX44qKFXfwwljXFy6WYxsU9ZlQc=
92,96,TBxeVEyNwMi61v7DV0GBcyjIjUs=,EX44qKFXfwwljXFy6WYxsU9ZlQc=
93,96,TBxeVEyNwMi61v7DV0GBcyjIjUs=,EX44qKFXfwwljXFy6WYxsU9ZlQc=
85,96,TBxeVEyNwMi61v7DV0GBcyjIjUs=,BwggE5e9Nqj/a/4KiPtY/GF0Qyo=
86,96,TBxeVEyNwMi61v7DV0GBcyjIjUs=,BwggE5e9Nqj/a/4KiPtY/GF0Qyo=
87,96,TBxeVEyNwMi61v7DV0GBcyjIjUs=,BwggE5e9Nqj/a/4KiPtY/GF0Qyo=
88,96,TBxeVEyNwMi61v7DV0GBcyjIjUs=,BwggE5e9Nqj/a/4KiPtY/GF0Qyo=
84,99,TBxeVEyNwMi61v7DV0GBcyjIjUs=,BwggE5e9Nqj/a/4KiPtY/GF0Qyo=
85,99,TBxeVEyNwMi61v7DV0GBcyjIjUs=,BwggE5e9Nqj/a/4KiPtY/GF0Qyo=
86,99,TBxeVEyNwMi61v7DV0GBcyjIjUs=,BwggE5e9Nqj/a/4KiPtY/GF0Qyo=
83,99,TBxeVEyNwMi61v7DV0GBcyjIjUs=,BwggE5e9Nqj/a/4KiPtY/GF0Qyo=
88,99,TBxeVEyNwMi61v7DV0GBcyjIjUs=,BwggE5e9Nqj/a/4KiPtY/GF0Qyo=
89,99,TBxeVEyNwMi61v7DV0GBcyjIjUs=,BwggE5e9Nqj/a/4KiPtY/GF0Qyo=
90,99,TBxeVEyNwMi61v7DV0GBcyjIjUs=,BwggE5e9Nqj/a/4KiPtY/GF0Qyo=
91,99,TBxeVEyNwMi61v7DV0GBcyjIjUs=,BwggE5e9Nqj/a/4KiPtY/GF0Qyo=
92,99,TBxeVEyNwMi61v7DV0GBcyjIjUs=,EX44qKFXfwwljXFy6WYxsU9ZlQc=
87,99,TBxeVEyNwMi61v7DV0GBcyjIjUs=,BwggE5e9Nqj/a/4KiPtY/GF0Qyo=
80,97,TBxeVEyNwMi61v7DV0GBcyjIjUs=,BwggE5e9Nqj/a/4KiPtY/GF0Qyo=
80,98,TBxeVEyNwMi61v7DV0GBcyjIjUs=,BwggE5e9Nqj/a/4KiPtY/GF0Qyo=
80,99,TBxeVEyNwMi61v7DV0GBcyjIjUs=,BwggE5e9Nqj/a/4KiPtY/GF0Qyo=
95,96,TBxeVEyNwMi61v7DV0GBcyjIjUs=,EX44qKFXfwwljXFy6WYxsU9ZlQc=
82,96,TBxeVEyNwMi61v7DV0GBcyjIjUs=,BwggE5e9Nqj/a/4KiPtY/GF0Qyo=
84,96,TBxeVEyNwMi61v7DV0GBcyjIjUs=,BwggE5e9Nqj/a/4KiPtY/GF0Qyo=
81,96,TBxeVEyNwMi61v7DV0GBcyjIjUs=,BwggE5e9Nqj/a/4KiPtY/GF0Qyo=
83,96,TBxeVEyNwMi61v7DV0GBcyjIjUs=,BwggE5e9Nqj/a/4KiPtY/GF0Qyo=
80,96,TBxeVEyNwMi61v7DV0GBcyjIjUs=,BwggE5e9Nqj/a/4KiPtY/GF0Qyo=
