-79,-33,lG+uRqQeMC6loBOR/qtHffncHvw=,qOKvmF8Y9UVmEXzxPKd3186cIsA=
-76,-35,KvFLZVDycp9s1gtnoFSzIoYoTUs=,weAI4LboW6KnBvO/cx0ZTjiuJFc=
-76,-36,KvFLZVDycp9s1gtnoFSzIoYoTUs=,weAI4LboW6KnBvO/cx0ZTjiuJFc=
-76,-37,VQ/lSSlgK9Vf8s1CZtR3acZykxA=,oayAH1cjAL86Uehzsa3RNdPNkMg=
-78,-38,VQ/lSSlgK9Vf8s1CZtR3acZykxA=,dBubeHG4+Yoyy9J3lCxZ4aUi+cI=
-78,-37,VQ/lSSlgK9Vf8s1CZtR3acZykxA=,dBubeHG4+Yoyy9J3lCxZ4aUi+cI=
-78,-35,VQ/lSSlgK9Vf8s1CZtR3acZykxA=,qOKvmF8Y9UVmEXzxPKd3186cIsA=
-75,-36,VQ/lSSlgK9Vf8s1CZtR3acZykxA=,weAI4LboW6KnBvO/cx0ZTjiuJFc=
-77,-37,VQ/lSSlgK9Vf8s1CZtR3acZykxA=,dBubeHG4+Yoyy9J3lCxZ4aUi+cI=
-75,-35,VQ/lSSlgK9Vf8s1CZtR3acZykxA=,weAI4LboW6KnBvO/cx0ZTjiuJFc=
-77,-38,VQ/lSSlgK9Vf8s1CZtR3acZykxA=,dBubeHG4+Yoyy9J3lCxZ4aUi+cI=
-76,-38,VQ/lSSlgK9Vf8s1CZtR3acZykxA=,oayAH1cjAL86Uehzsa3RNdPNkMg=
-75,-38,VQ/lSSlgK9Vf8s1CZtR3acZykxA=,oayAH1cjAL86Uehzsa3RNdPNkMg=
-75,-37,VQ/lSSlgK9Vf8s1CZtR3acZykxA=,oayAH1cjAL86Uehzsa3RNdPNkMg=
-77,-35,VQ/lSSlgK9Vf8s1CZtR3acZykxA=,qOKvmF8Y9UVmEXzxPKd3186cIsA=
-77,-36,VQ/lSSlgK9Vf8s1CZtR3acZykxA=,qOKvmF8Y9UVmEXzxPKd3186cIsA=
-78,-36,VQ/lSSlgK9Vf8s1CZtR3acZykxA=,qOKvmF8Y9UVmEXzxPKd3186cIsA=
-71,-39,VQ/lSSlgK9Vf8s1CZtR3acZykxA=,oayAH1cjAL86Uehzsa3RNdPNkMg=
-71,-38,VQ/lSSlgK9Vf8s1CZtR3acZykxA=,oayAH1cjAL86Uehzsa3RNdPNkMg=
-71,-37,VQ/lSSlgK9Vf8s1CZtR3acZykxA=,oayAH1cjAL86Uehzsa3RNdPNkMg=
-71,-36,VQ/lSSlgK9Vf8s1CZtR3acZykxA=,weAI4LboW6KnBvO/cx0ZTjiuJFc=
-72,-38,uWBxCw3NswSZSUKB5WtUC3jxnaM=,oayAH1cjAL86Uehzsa3RNdPNkMg=
-72,-36,uWBxCw3NswSZSUKB5WtUC3jxnaM=,weAI4LboW6KnBvO/cx0ZTjiuJFc=
-71,-35,uWBxCw3NswSZSUKB5WtUC3jxnaM=,weAI4LboW6KnBvO/cx0ZTjiuJFc=
-72,-37,uWBxCw3NswSZSUKB5WtUC3jxnaM=,oayAH1cjAL86Uehzsa3RNdPNkMg=
-72,-35,uWBxCw3NswSZSUKB5WtUC3jxnaM=,weAI4LboW6KnBvO/cx0ZTjiuJFc=
-73,-36,uWBxCw3NswSZSUKB5WtUC3jxnaM=,weAI4LboW6KnBvO/cx0ZTjiuJFc=
-74,-36,haLX3WOXCh+wmZXVHq4LCQL5l3Q=,weAI4LboW6KnBvO/cx0ZTjiuJFc=
-73,-35,haLX3WOXCh+wmZXVHq4LCQL5l3Q=,weAI4LboW6KnBvO/cx0ZTjiuJFc=
-73,-38,haLX3WOXCh+wmZXVHq4LCQL5l3Q=,oayAH1cjAL86Uehzsa3RNdPNkMg=
-73,-37,haLX3WOXCh+wmZXVHq4LCQL5l3Q=,oayAH1cjAL86Uehzsa3RNdPNkMg=
-74,-35,haLX3WOXCh+wmZXVHq4LCQL5l3Q=,weAI4LboW6KnBvO/cx0ZTjiuJFc=
-74,-38,haLX3WOXCh+wmZXVHq4LCQL5l3Q=,oayAH1cjAL86Uehzsa3RNdPNkMg=
-74,-37,haLX3WOXCh+wmZXVHq4LCQL5l3Q=,oayAH1cjAL86Uehzsa3RNdPNkMg=
-73,-40,my6p85qPXCCgj0eoifx5K32XBG0=,oayAH1cjAL86Uehzsa3RNdPNkMg=
-72,-39,my6p85qPXCCgj0eoifx5K32XBG0=,oayAH1cjAL86Uehzsa3RNdPNkMg=
-74,-40,my6p85qPXCCgj0eoifx5K32XBG0=,oayAH1cjAL86Uehzsa3RNdPNkMg=
-72,-40,my6p85qPXCCgj0eoifx5K32XBG0=,oayAH1cjAL86Uehzsa3RNdPNkMg=
-73,-39,mMLMUJ3ZI0sqOicofxtQMq/X+OY=,oayAH1cjAL86Uehzsa3RNdPNkMg=
-68,-39,mMLMUJ3ZI0sqOicofxtQMq/X+OY=,b13k0m4HYKPed8sfH2b5G6Z9FsQ=
-71,-40,mMLMUJ3ZI0sqOicofxtQMq/X+OY=,oayAH1cjAL86Uehzsa3RNdPNkMg=
-74,-39,mMLMUJ3ZI0sqOicofxtQMq/X+OY=,oayAH1cjAL86Uehzsa3RNdPNkMg=
-73,-41,KdwyKUN0ObQFeJsm6FOnrxBSaPA=,oayAH1cjAL86Uehzsa3RNdPNkMg=
-68,-42,KdwyKUN0ObQFeJsm6FOnrxBSaPA=,oayAH1cjAL86Uehzsa3RNdPNkMg=
-69,-40,KdwyKUN0ObQFeJsm6FOnrxBSaPA=,oayAH1cjAL86Uehzsa3RNdPNkMg=
-69,-42,KdwyKUN0ObQFeJsm6FOnrxBSaPA=,oayAH1cjAL86Uehzsa3RNdPNkMg=
-69,-39,KdwyKUN0ObQFeJsm6FOnrxBSaPA=,oayAH1cjAL86Uehzsa3RNdPNkMg=
-67,-42,KdwyKUN0ObQFeJsm6FOnrxBSaPA=,oayAH1cjAL86Uehzsa3RNdPNkMg=
-68,-41,KdwyKUN0ObQFeJsm6FOnrxBSaPA=,oayAH1cjAL86Uehzsa3RNdPNkMg=
-67,-39,FWAAGVfTFPM5tcXTTaBqbzHwSqQ=,b13k0m4HYKPed8sfH2b5G6Z9FsQ=
-67,-40,FWAAGVfTFPM5tcXTTaBqbzHwSqQ=,b13k0m4HYKPed8sfH2b5G6Z9FsQ=
-67,-41,FWAAGVfTFPM5tcXTTaBqbzHwSqQ=,oayAH1cjAL86Uehzsa3RNdPNkMg=
-69,-41,FWAAGVfTFPM5tcXTTaBqbzHwSqQ=,oayAH1cjAL86Uehzsa3RNdPNkMg=
-73,-42,FWAAGVfTFPM5tcXTTaBqbzHwSqQ=,oayAH1cjAL86Uehzsa3RNdPNkMg=
-72,-41,FWAAGVfTFPM5tcXTTaBqbzHwSqQ=,oayAH1cjAL86Uehzsa3RNdPNkMg=
-71,-42,FWAAGVfTFPM5tcXTTaBqbzHwSqQ=,oayAH1cjAL86Uehzsa3RNdPNkMg=
-74,-41,FWAAGVfTFPM5tcXTTaBqbzHwSqQ=,oayAH1cjAL86Uehzsa3RNdPNkMg=
-75,-46,FWAAGVfTFPM5tcXTTaBqbzHwSqQ=,BwggE5e9Nqj/a/4KiPtY/GF0Qyo=
-74,-46,FWAAGVfTFPM5tcXTTaBqbzHwSqQ=,BwggE5e9Nqj/a/4KiPtY/GF0Qyo=
-75,-45,FWAAGVfTFPM5tcXTTaBqbzHwSqQ=,BwggE5e9Nqj/a/4KiPtY/GF0Qyo=
-74,-45,FWAAGVfTFPM5tcXTTaBqbzHwSqQ=,BwggE5e9Nqj/a/4KiPtY/GF0Qyo=
-75,-47,FWAAGVfTFPM5tcXTTaBqbzHwSqQ=,BwggE5e9Nqj/a/4KiPtY/GF0Qyo=
-74,-47,FWAAGVfTFPM5tcXTTaBqbzHwSqQ=,BwggE5e9Nqj/a/4KiPtY/GF0Qyo=
-74,-42,OITuJUoZEVDmEzZzjIBuCqsDOXQ=,oayAH1cjAL86Uehzsa3RNdPNkMg=
-70,-39,OITuJUoZEVDmEzZzjIBuCqsDOXQ=,oayAH1cjAL86Uehzsa3RNdPNkMg=
-68,-40,OITuJUoZEVDmEzZzjIBuCqsDOXQ=,b13k0m4HYKPed8sfH2b5G6Z9FsQ=
-72,-42,OITuJUoZEVDmEzZzjIBuCqsDOXQ=,oayAH1cjAL86Uehzsa3RNdPNkMg=
-76,-46,OITuJUoZEVDmEzZzjIBuCqsDOXQ=,BwggE5e9Nqj/a/4KiPtY/GF0Qyo=
-79,-47,OITuJUoZEVDmEzZzjIBuCqsDOXQ=,oayAH1cjAL86Uehzsa3RNdPNkMg=
-78,-47,OITuJUoZEVDmEzZzjIBuCqsDOXQ=,oayAH1cjAL86Uehzsa3RNdPNkMg=
-77,-47,OITuJUoZEVDmEzZzjIBuCqsDOXQ=,oayAH1cjAL86Uehzsa3RNdPNkMg=
-76,-47,OITuJUoZEVDmEzZzjIBuCqsDOXQ=,BwggE5e9Nqj/a/4KiPtY/GF0Qyo=
-79,-46,OITuJUoZEVDmEzZzjIBuCqsDOXQ=,oayAH1cjAL86Uehzsa3RNdPNkMg=
-78,-46,OITuJUoZEVDmEzZzjIBuCqsDOXQ=,oayAH1cjAL86Uehzsa3RNdPNkMg=
-77,-46,OITuJUoZEVDmEzZzjIBuCqsDOXQ=,oayAH1cjAL86Uehzsa3RNdPNkMg=
-66,-46,OITuJUoZEVDmEzZzjIBuCqsDOXQ=,BwggE5e9Nqj/a/4KiPtY/GF0Qyo=
-66,-47,OITuJUoZEVDmEzZzjIBuCqsDOXQ=,BwggE5e9Nqj/a/4KiPtY/GF0Qyo=
-67,-45,OITuJUoZEVDmEzZzjIBuCqsDOXQ=,BwggE5e9Nqj/a/4KiPtY/GF0Qyo=
-67,-46,OITuJUoZEVDmEzZzjIBuCqsDOXQ=,BwggE5e9Nqj/a/4KiPtY/GF0Qyo=
-66,-45,OITuJUoZEVDmEzZzjIBuCqsDOXQ=,BwggE5e9Nqj/a/4KiPtY/GF0Qyo=
-67,-47,OITuJUoZEVDmEzZzjIBuCqsDOXQ=,BwggE5e9Nqj/a/4KiPtY/GF0Qyo=
-71,-41,OITuJUoZEVDmEzZzjIBuCqsDOXQ=,oayAH1cjAL86Uehzsa3RNdPNkMg=
-70,-40,OITuJUoZEVDmEzZzjIBuCqsDOXQ=,oayAH1cjAL86Uehzsa3RNdPNkMg=
-70,-41,vQHk+KkvkOnWwUsp5V90D61ly0s=,oayAH1cjAL86Uehzsa3RNdPNkMg=
-70,-42,vQHk+KkvkOnWwUsp5V90D61ly0s=,oayAH1cjAL86Uehzsa3RNdPNkMg=
-68,-45,vQHk+KkvkOnWwUsp5V90D61ly0s=,BwggE5e9Nqj/a/4KiPtY/GF0Qyo=
-73,-46,vQHk+KkvkOnWwUsp5V90D61ly0s=,BwggE5e9Nqj/a/4KiPtY/GF0Qyo=
-73,-45,CAnu0m/h9OL0VsOWJS/jf1bZHtg=,BwggE5e9Nqj/a/4KiPtY/GF0Qyo=
-72,-45,CAnu0m/h9OL0VsOWJS/jf1bZHtg=,BwggE5e9Nqj/a/4KiPtY/GF0Qyo=
-71,-45,CAnu0m/h9OL0VsOWJS/jf1bZHtg=,BwggE5e9Nqj/a/4KiPtY/GF0Qyo=
-70,-45,CAnu0m/h9OL0VsOWJS/jf1bZHtg=,BwggE5e9Nqj/a/4KiPtY/GF0Qyo=
-73,-47,CAnu0m/h9OL0VsOWJS/jf1bZHtg=,BwggE5e9Nqj/a/4KiPtY/GF0Qyo=
-68,-46,CAnu0m/h9OL0VsOWJS/jf1bZHtg=,BwggE5e9Nqj/a/4KiPtY/GF0Qyo=
-68,-47,CAnu0m/h9OL0VsOWJS/jf1bZHtg=,BwggE5e9Nqj/a/4KiPtY/GF0Qyo=
-69,-45,CAnu0m/h9OL0VsOWJS/jf1bZHtg=,BwggE5e9Nqj/a/4KiPtY/GF0Qyo=
-68,-44,CAnu0m/h9OL0VsOWJS/jf1bZHtg=,oayAH1cjAL86Uehzsa3RNdPNkMg=
-67,-44,CAnu0m/h9OL0VsOWJS/jf1bZHtg=,oayAH1cjAL86Uehzsa3RNdPNkMg=
-69,-46,CAnu0m/h9OL0VsOWJS/jf1bZHtg=,BwggE5e9Nqj/a/4KiPtY/GF0Qyo=
-68,-43,CAnu0m/h9OL0VsOWJS/jf1bZHtg=,oayAH1cjAL86Uehzsa3RNdPNkMg=
-72,-44,CAnu0m/h9OL0VsOWJS/jf1bZHtg=,oayAH1cjAL86Uehzsa3RNdPNkMg=
-67,-43,o1s/Gy9T2F4LbOIc3q58Vs2K4RU=,oayAH1cjAL86Uehzsa3RNdPNkMg=
-72,-46,o1s/Gy9T2F4LbOIc3q58Vs2K4RU=,BwggE5e9Nqj/a/4KiPtY/GF0Qyo=
-70,-46,o1s/Gy9T2F4LbOIc3q58Vs2K4RU=,BwggE5e9Nqj/a/4KiPtY/GF0Qyo=
-70,-43,o1s/Gy9T2F4LbOIc3q58Vs2K4RU=,oayAH1cjAL86Uehzsa3RNdPNkMg=
-69,-43,o1s/Gy9T2F4LbOIc3q58Vs2K4RU=,oayAH1cjAL86Uehzsa3RNdPNkMg=
-71,-44,o1s/Gy9T2F4LbOIc3q58Vs2K4RU=,oayAH1cjAL86Uehzsa3RNdPNkMg=
-70,-44,o1s/Gy9T2F4LbOIc3q58Vs2K4RU=,oayAH1cjAL86Uehzsa3RNdPNkMg=
-71,-43,o1s/Gy9T2F4LbOIc3q58Vs2K4RU=,oayAH1cjAL86Uehzsa3RNdPNkMg=
-69,-44,o1s/Gy9T2F4LbOIc3q58Vs2K4RU=,oayAH1cjAL86Uehzsa3RNdPNkMg=
-78,-40,o1s/Gy9T2F4LbOIc3q58Vs2K4RU=,dBubeHG4+Yoyy9J3lCxZ4aUi+cI=
-79,-45,o1s/Gy9T2F4LbOIc3q58Vs2K4RU=,oayAH1cjAL86Uehzsa3RNdPNkMg=
-78,-45,o1s/Gy9T2F4LbOIc3q58Vs2K4RU=,oayAH1cjAL86Uehzsa3RNdPNkMg=
-77,-45,o1s/Gy9T2F4LbOIc3q58Vs2K4RU=,oayAH1cjAL86Uehzsa3RNdPNkMg=
-79,-44,o1s/Gy9T2F4LbOIc3q58Vs2K4RU=,oayAH1cjAL86Uehzsa3RNdPNkMg=
-78,-44,o1s/Gy9T2F4LbOIc3q58Vs2K4RU=,oayAH1cjAL86Uehzsa3RNdPNkMg=
-76,-45,agkNWPTKknYwW/py05S6Qjxuc+k=,BwggE5e9Nqj/a/4KiPtY/GF0Qyo=
-77,-44,agkNWPTKknYwW/py05S6Qjxuc+k=,oayAH1cjAL86Uehzsa3RNdPNkMg=
-79,-43,agkNWPTKknYwW/py05S6Qjxuc+k=,oayAH1cjAL86Uehzsa3RNdPNkMg=
-78,-43,agkNWPTKknYwW/py05S6Qjxuc+k=,oayAH1cjAL86Uehzsa3RNdPNkMg=
-79,-42,agkNWPTKknYwW/py05S6Qjxuc+k=,oayAH1cjAL86Uehzsa3RNdPNkMg=
-78,-42,agkNWPTKknYwW/py05S6Qjxuc+k=,oayAH1cjAL86Uehzsa3RNdPNkMg=
-78,-41,agkNWPTKknYwW/py05S6Qjxuc+k=,oayAH1cjAL86Uehzsa3RNdPNkMg=
-76,-44,agkNWPTKknYwW/py05S6Qjxuc+k=,oayAH1cjAL86Uehzsa3RNdPNkMg=
-77,-40,agkNWPTKknYwW/py05S6Qjxuc+k=,dBubeHG4+Yoyy9J3lCxZ4aUi+cI=
-74,-43,agkNWPTKknYwW/py05S6Qjxuc+k=,oayAH1cjAL86Uehzsa3RNdPNkMg=
-71,-46,agkNWPTKknYwW/py05S6Qjxuc+k=,BwggE5e9Nqj/a/4KiPtY/GF0Qyo=
-77,-43,agkNWPTKknYwW/py05S6Qjxuc+k=,oayAH1cjAL86Uehzsa3RNdPNkMg=
-74,-44,agkNWPTKknYwW/py05S6Qjxuc+k=,oayAH1cjAL86Uehzsa3RNdPNkMg=
-78,-39,agkNWPTKknYwW/py05S6Qjxuc+k=,dBubeHG4+Yoyy9J3lCxZ4aUi+cI=
-77,-41,agkNWPTKknYwW/py05S6Qjxuc+k=,oayAH1cjAL86Uehzsa3RNdPNkMg=
-77,-42,agkNWPTKknYwW/py05S6Qjxuc+k=,oayAH1cjAL86Uehzsa3RNdPNkMg=
-72,-43,agkNWPTKknYwW/py05S6Qjxuc+k=,oayAH1cjAL86Uehzsa3RNdPNkMg=
-73,-44,agkNWPTKknYwW/py05S6Qjxuc+k=,oayAH1cjAL86Uehzsa3RNdPNkMg=
-73,-43,agkNWPTKknYwW/py05S6Qjxuc+k=,oayAH1cjAL86Uehzsa3RNdPNkMg=
-75,-40,agkNWPTKknYwW/py05S6Qjxuc+k=,oayAH1cjAL86Uehzsa3RNdPNkMg=
-79,-48,agkNWPTKknYwW/py05S6Qjxuc+k=,oayAH1cjAL86Uehzsa3RNdPNkMg=
-78,-48,agkNWPTKknYwW/py05S6Qjxuc+k=,oayAH1cjAL86Uehzsa3RNdPNkMg=
-76,-39,agkNWPTKknYwW/py05S6Qjxuc+k=,oayAH1cjAL86Uehzsa3RNdPNkMg=
-76,-41,agkNWPTKknYwW/py05S6Qjxuc+k=,oayAH1cjAL86Uehzsa3RNdPNkMg=
-76,-40,agkNWPTKknYwW/py05S6Qjxuc+k=,oayAH1cjAL86Uehzsa3RNdPNkMg=
-75,-39,agkNWPTKknYwW/py05S6Qjxuc+k=,oayAH1cjAL86Uehzsa3RNdPNkMg=
-75,-43,agkNWPTKknYwW/py05S6Qjxuc+k=,oayAH1cjAL86Uehzsa3RNdPNkMg=
-77,-39,agkNWPTKknYwW/py05S6Qjxuc+k=,dBubeHG4+Yoyy9J3lCxZ4aUi+cI=
-75,-44,agkNWPTKknYwW/py05S6Qjxuc+k=,oayAH1cjAL86Uehzsa3RNdPNkMg=
-75,-42,agkNWPTKknYwW/py05S6Qjxuc+k=,oayAH1cjAL86Uehzsa3RNdPNkMg=
-76,-42,agkNWPTKknYwW/py05S6Qjxuc+k=,oayAH1cjAL86Uehzsa3RNdPNkMg=
-65,-45,agkNWPTKknYwW/py05S6Qjxuc+k=,BwggE5e9Nqj/a/4KiPtY/GF0Qyo=
-65,-47,agkNWPTKknYwW/py05S6Qjxuc+k=,BwggE5e9Nqj/a/4KiPtY/GF0Qyo=
-65,-44,agkNWPTKknYwW/py05S6Qjxuc+k=,oayAH1cjAL86Uehzsa3RNdPNkMg=
-65,-46,agkNWPTKknYwW/py05S6Qjxuc+k=,BwggE5e9Nqj/a/4KiPtY/GF0Qyo=
-75,-41,agkNWPTKknYwW/py05S6Qjxuc+k=,oayAH1cjAL86Uehzsa3RNdPNkMg=
-66,-44,agkNWPTKknYwW/py05S6Qjxuc+k=,oayAH1cjAL86Uehzsa3RNdPNkMg=
-80,-34,agkNWPTKknYwW/py05S6Qjxuc+k=,qOKvmF8Y9UVmEXzxPKd3186cIsA=
-80,-33,Ve7R/W/w5enE9Ig1tcvx37Zea2Y=,qOKvmF8Y9UVmEXzxPKd3186cIsA=
-65,-43,Ve7R/W/w5enE9Ig1tcvx37Zea2Y=,oayAH1cjAL86Uehzsa3RNdPNkMg=
-76,-43,Ve7R/W/w5enE9Ig1tcvx37Zea2Y=,oayAH1cjAL86Uehzsa3RNdPNkMg=
-79,-34,Ve7R/W/w5enE9Ig1tcvx37Zea2Y=,qOKvmF8Y9UVmEXzxPKd3186cIsA=
-68,-48,Ve7R/W/w5enE9Ig1tcvx37Zea2Y=,BwggE5e9Nqj/a/4KiPtY/GF0Qyo=
-65,-48,Ve7R/W/w5enE9Ig1tcvx37Zea2Y=,BwggE5e9Nqj/a/4KiPtY/GF0Qyo=
-66,-48,Ve7R/W/w5enE9Ig1tcvx37Zea2Y=,BwggE5e9Nqj/a/4KiPtY/GF0Qyo=
-67,-48,Ve7R/W/w5enE9Ig1tcvx37Zea2Y=,BwggE5e9Nqj/a/4KiPtY/GF0Qyo=
-66,-43,Ve7R/W/w5enE9Ig1tcvx37Zea2Y=,oayAH1cjAL86Uehzsa3RNdPNkMg=
-69,-48,Ve7R/W/w5enE9Ig1tcvx37Zea2Y=,BwggE5e9Nqj/a/4KiPtY/GF0Qyo=
-70,-48,Ve7R/W/w5enE9Ig1tcvx37Zea2Y=,BwggE5e9Nqj/a/4KiPtY/GF0Qyo=
-69,-47,Ve7R/W/w5enE9Ig1tcvx37Zea2Y=,BwggE5e9Nqj/a/4KiPtY/GF0Qyo=
-77,-48,Ve7R/W/w5enE9Ig1tcvx37Zea2Y=,oayAH1cjAL86Uehzsa3RNdPNkMg=
-76,-48,Ve7R/W/w5enE9Ig1tcvx37Zea2Y=,BwggE5e9Nqj/a/4KiPtY/GF0Qyo=
-75,-48,Ve7R/W/w5enE9Ig1tcvx37Zea2Y=,BwggE5e9Nqj/a/4KiPtY/GF0Qyo=
-70,-47,Ve7R/W/w5enE9Ig1tcvx37Zea2Y=,BwggE5e9Nqj/a/4KiPtY/GF0Qyo=
-74,-48,Ve7R/W/w5enE9Ig1tcvx37Zea2Y=,BwggE5e9Nqj/a/4KiPtY/GF0Qyo=
-73,-48,Ve7R/W/w5enE9Ig1tcvx37Zea2Y=,BwggE5e9Nqj/a/4KiPtY/GF0Qyo=
-72,-47,Ve7R/W/w5enE9Ig1tcvx37Zea2Y=,BwggE5e9Nqj/a/4KiPtY/GF0Qyo=
-72,-48,Ve7R/W/w5enE9Ig1tcvx37Zea2Y=,BwggE5e9Nqj/a/4KiPtY/GF0Qyo=
-71,-48,Ve7R/W/w5enE9Ig1tcvx37Zea2Y=,BwggE5e9Nqj/a/4KiPtY/GF0Qyo=
-71,-47,Ve7R/W/w5enE9Ig1tcvx37Zea2Y=,BwggE5e9Nqj/a/4KiPtY/GF0Qyo=
-65,-40,Ve7R/W/w5enE9Ig1tcvx37Zea2Y=,b13k0m4HYKPed8sfH2b5G6Z9FsQ=
-65,-42,Ve7R/W/w5enE9Ig1tcvx37Zea2Y=,oayAH1cjAL86Uehzsa3RNdPNkMg=
-65,-41,Ve7R/W/w5enE9Ig1tcvx37Zea2Y=,oayAH1cjAL86Uehzsa3RNdPNkMg=
-79,-41,Ve7R/W/w5enE9Ig1tcvx37Zea2Y=,oayAH1cjAL86Uehzsa3RNdPNkMg=
-65,-39,bJErbHalfnLBjeviFwx06UEbEx8=,b13k0m4HYKPed8sfH2b5G6Z9FsQ=
-66,-41,bJErbHalfnLBjeviFwx06UEbEx8=,oayAH1cjAL86Uehzsa3RNdPNkMg=
-66,-39,bJErbHalfnLBjeviFwx06UEbEx8=,b13k0m4HYKPed8sfH2b5G6Z9FsQ=
-66,-42,bJErbHalfnLBjeviFwx06UEbEx8=,oayAH1cjAL86Uehzsa3RNdPNkMg=
-66,-40,bJErbHalfnLBjeviFwx06UEbEx8=,b13k0m4HYKPed8sfH2b5G6Z9FsQ=
-80,-42,bJErbHalfnLBjeviFwx06UEbEx8=,oayAH1cjAL86Uehzsa3RNdPNkMg=
-80,-41,bJErbHalfnLBjeviFwx06UEbEx8=,oayAH1cjAL86Uehzsa3RNdPNkMg=
-77,-34,bJErbHalfnLBjeviFwx06UEbEx8=,qOKvmF8Y9UVmEXzxPKd3186cIsA=
-79,-35,bJErbHalfnLBjeviFwx06UEbEx8=,qOKvmF8Y9UVmEXzxPKd3186cIsA=
-80,-38,bJErbHalfnLBjeviFwx06UEbEx8=,dBubeHG4+Yoyy9J3lCxZ4aUi+cI=
-77,-33,bJErbHalfnLBjeviFwx06UEbEx8=,qOKvmF8Y9UVmEXzxPKd3186cIsA=
-80,-39,bJErbHalfnLBjeviFwx06UEbEx8=,dBubeHG4+Yoyy9J3lCxZ4aUi+cI=
-79,-37,bJErbHalfnLBjeviFwx06UEbEx8=,dBubeHG4+Yoyy9J3lCxZ4aUi+cI=
-78,-33,bJErbHalfnLBjeviFwx06UEbEx8=,qOKvmF8Y9UVmEXzxPKd3186cIsA=
-80,-36,bJErbHalfnLBjeviFwx06UEbEx8=,qOKvmF8Y9UVmEXzxPKd3186cIsA=
-73,-33,Ea7ReW6ARFtdpi7B81hHzbuk3tE=,weAI4LboW6KnBvO/cx0ZTjiuJFc=
-69,-38,Ea7ReW6ARFtdpi7B81hHzbuk3tE=,oayAH1cjAL86Uehzsa3RNdPNkMg=
-75,-34,Ea7ReW6ARFtdpi7B81hHzbuk3tE=,weAI4LboW6KnBvO/cx0ZTjiuJFc=
-76,-34,Ea7ReW6ARFtdpi7B81hHzbuk3tE=,weAI4LboW6KnBvO/cx0ZTjiuJFc=
-72,-34,Ea7ReW6ARFtdpi7B81hHzbuk3tE=,weAI4LboW6KnBvO/cx0ZTjiuJFc=
-70,-37,Ea7ReW6ARFtdpi7B81hHzbuk3tE=,oayAH1cjAL86Uehzsa3RNdPNkMg=
-70,-38,Ea7ReW6ARFtdpi7B81hHzbuk3tE=,oayAH1cjAL86Uehzsa3RNdPNkMg=
-78,-34,Ea7ReW6ARFtdpi7B81hHzbuk3tE=,qOKvmF8Y9UVmEXzxPKd3186cIsA=
-80,-37,Ea7ReW6ARFtdpi7B81hHzbuk3tE=,dBubeHG4+Yoyy9J3lCxZ4aUi+cI=
-74,-34,Ea7ReW6ARFtdpi7B81hHzbuk3tE=,weAI4LboW6KnBvO/cx0ZTjiuJFc=
-71,-34,Ea7ReW6ARFtdpi7B81hHzbuk3tE=,weAI4LboW6KnBvO/cx0ZTjiuJFc=
-74,-33,EfvNIgAgptpB2Tn+gizqsY+ZTpo=,weAI4LboW6KnBvO/cx0ZTjiuJFc=
-79,-36,EfvNIgAgptpB2Tn+gizqsY+ZTpo=,qOKvmF8Y9UVmEXzxPKd3186cIsA=
-70,-33,EfvNIgAgptpB2Tn+gizqsY+ZTpo=,weAI4LboW6KnBvO/cx0ZTjiuJFc=
-69,-34,EfvNIgAgptpB2Tn+gizqsY+ZTpo=,weAI4LboW6KnBvO/cx0ZTjiuJFc=
-79,-39,EfvNIgAgptpB2Tn+gizqsY+ZTpo=,dBubeHG4+Yoyy9J3lCxZ4aUi+cI=
-75,-33,EfvNIgAgptpB2Tn+gizqsY+ZTpo=,weAI4LboW6KnBvO/cx0ZTjiuJFc=
-80,-40,EfvNIgAgptpB2Tn+gizqsY+ZTpo=,dBubeHG4+Yoyy9J3lCxZ4aUi+cI=
-76,-33,EfvNIgAgptpB2Tn+gizqsY+ZTpo=,weAI4LboW6KnBvO/cx0ZTjiuJFc=
-79,-40,EfvNIgAgptpB2Tn+gizqsY+ZTpo=,dBubeHG4+Yoyy9J3lCxZ4aUi+cI=
-69,-35,EfvNIgAgptpB2Tn+gizqsY+ZTpo=,weAI4LboW6KnBvO/cx0ZTjiuJFc=
-79,-38,EfvNIgAgptpB2Tn+gizqsY+ZTpo=,dBubeHG4+Yoyy9J3lCxZ4aUi+cI=
-73,-34,EfvNIgAgptpB2Tn+gizqsY+ZTpo=,weAI4LboW6KnBvO/cx0ZTjiuJFc=
-80,-35,zpez2p1Z5y+mZOoLIcdhSmupQpM=,qOKvmF8Y9UVmEXzxPKd3186cIsA=
-71,-33,zpez2p1Z5y+mZOoLIcdhSmupQpM=,weAI4LboW6KnBvO/cx0ZTjiuJFc=
-70,-36,zpez2p1Z5y+mZOoLIcdhSmupQpM=,weAI4LboW6KnBvO/cx0ZTjiuJFc=
-69,-36,zpez2p1Z5y+mZOoLIcdhSmupQpM=,weAI4LboW6KnBvO/cx0ZTjiuJFc=
-72,-33,zpez2p1Z5y+mZOoLIcdhSmupQpM=,weAI4LboW6KnBvO/cx0ZTjiuJFc=
-69,-37,zpez2p1Z5y+mZOoLIcdhSmupQpM=,oayAH1cjAL86Uehzsa3RNdPNkMg=
-66,-37,zpez2p1Z5y+mZOoLIcdhSmupQpM=,b13k0m4HYKPed8sfH2b5G6Z9FsQ=
-67,-35,zpez2p1Z5y+mZOoLIcdhSmupQpM=,THUqQ9wbG3iSzoQ4N53cmHo8h/0=
-68,-35,zpez2p1Z5y+mZOoLIcdhSmupQpM=,THUqQ9wbG3iSzoQ4N53cmHo8h/0=
-69,-33,zpez2p1Z5y+mZOoLIcdhSmupQpM=,weAI4LboW6KnBvO/cx0ZTjiuJFc=
-70,-35,zpez2p1Z5y+mZOoLIcdhSmupQpM=,weAI4LboW6KnBvO/cx0ZTjiuJFc=
-65,-37,zpez2p1Z5y+mZOoLIcdhSmupQpM=,b13k0m4HYKPed8sfH2b5G6Z9FsQ=
-68,-38,zpez2p1Z5y+mZOoLIcdhSmupQpM=,b13k0m4HYKPed8sfH2b5G6Z9FsQ=
-66,-38,zpez2p1Z5y+mZOoLIcdhSmupQpM=,b13k0m4HYKPed8sfH2b5G6Z9FsQ=
-67,-38,zpez2p1Z5y+mZOoLIcdhSmupQpM=,b13k0m4HYKPed8sfH2b5G6Z9FsQ=
-70,-34,zpez2p1Z5y+mZOoLIcdhSmupQpM=,weAI4LboW6KnBvO/cx0ZTjiuJFc=
-65,-38,zpez2p1Z5y+mZOoLIcdhSmupQpM=,b13k0m4HYKPed8sfH2b5G6Z9FsQ=
-68,-36,zpez2p1Z5y+mZOoLIcdhSmupQpM=,THUqQ9wbG3iSzoQ4N53cmHo8h/0=
-67,-37,zpez2p1Z5y+mZOoLIcdhSmupQpM=,b13k0m4HYKPed8sfH2b5G6Z9FsQ=
-68,-37,zpez2p1Z5y+mZOoLIcdhSmupQpM=,b13k0m4HYKPed8sfH2b5G6Z9FsQ=
-67,-36,+qd2iQjAF3RMKCpIJQVlLv8I80c=,THUqQ9wbG3iSzoQ4N53cmHo8h/0=
-66,-34,+qd2iQjAF3RMKCpIJQVlLv8I80c=,THUqQ9wbG3iSzoQ4N53cmHo8h/0=
-67,-34,+qd2iQjAF3RMKCpIJQVlLv8I80c=,THUqQ9wbG3iSzoQ4N53cmHo8h/0=
-65,-36,+qd2iQjAF3RMKCpIJQVlLv8I80c=,THUqQ9wbG3iSzoQ4N53cmHo8h/0=
-68,-34,+qd2iQjAF3RMKCpIJQVlLv8I80c=,THUqQ9wbG3iSzoQ4N53cmHo8h/0=
-68,-33,8Sq0Qf25X3uFd6z3Dmp3WYcsB1w=,THUqQ9wbG3iSzoQ4N53cmHo8h/0=
-66,-36,8Sq0Qf25X3uFd6z3Dmp3WYcsB1w=,THUqQ9wbG3iSzoQ4N53cmHo8h/0=
-65,-34,8Sq0Qf25X3uFd6z3Dmp3WYcsB1w=,THUqQ9wbG3iSzoQ4N53cmHo8h/0=
-80,-48,8Sq0Qf25X3uFd6z3Dmp3WYcsB1w=,oayAH1cjAL86Uehzsa3RNdPNkMg=
-67,-33,8Sq0Qf25X3uFd6z3Dmp3WYcsB1w=,THUqQ9wbG3iSzoQ4N53cmHo8h/0=
-80,-45,8Sq0Qf25X3uFd6z3Dmp3WYcsB1w=,oayAH1cjAL86Uehzsa3RNdPNkMg=
-80,-47,8Sq0Qf25X3uFd6z3Dmp3WYcsB1w=,oayAH1cjAL86Uehzsa3RNdPNkMg=
-80,-46,8Sq0Qf25X3uFd6z3Dmp3WYcsB1w=,oayAH1cjAL86Uehzsa3RNdPNkMg=
-80,-44,8Sq0Qf25X3uFd6z3Dmp3WYcsB1w=,oayAH1cjAL86Uehzsa3RNdPNkMg=
-80,-43,8Sq0Qf25X3uFd6z3Dmp3WYcsB1w=,oayAH1cjAL86Uehzsa3RNdPNkMg=
-65,-33,8Sq0Qf25X3uFd6z3Dmp3WYcsB1w=,THUqQ9wbG3iSzoQ4N53cmHo8h/0=
-66,-33,8Sq0Qf25X3uFd6z3Dmp3WYcsB1w=,THUqQ9wbG3iSzoQ4N53cmHo8h/0=
-66,-35,8Sq0Qf25X3uFd6z3Dmp3WYcsB1w=,THUqQ9wbG3iSzoQ4N53cmHo8h/0=
-65,-35,8Sq0Qf25X3uFd6z3Dmp3WYcsB1w=,THUqQ9wbG3iSzoQ4N53cmHo8h/0=
-79,-51,o8gdmHaFC3iWUVPTTQAKNdwBOMQ=,BwggE5e9Nqj/a/4KiPtY/GF0Qyo=
-79,-49,o8gdmHaFC3iWUVPTTQAKNdwBOMQ=,BwggE5e9Nqj/a/4KiPtY/GF0Qyo=
-78,-49,o8gdmHaFC3iWUVPTTQAKNdwBOMQ=,BwggE5e9Nqj/a/4KiPtY/GF0Qyo=
-78,-50,o8gdmHaFC3iWUVPTTQAKNdwBOMQ=,BwggE5e9Nqj/a/4KiPtY/GF0Qyo=
-79,-50,o8gdmHaFC3iWUVPTTQAKNdwBOMQ=,BwggE5e9Nqj/a/4KiPtY/GF0Qyo=
-78,-51,o8gdmHaFC3iWUVPTTQAKNdwBOMQ=,BwggE5e9Nqj/a/4KiPtY/GF0Qyo=
-70,-54,o8gdmHaFC3iWUVPTTQAKNdwBOMQ=,BwggE5e9Nqj/a/4KiPtY/GF0Qyo=
-71,-54,o8gdmHaFC3iWUVPTTQAKNdwBOMQ=,BwggE5e9Nqj/a/4KiPtY/GF0Qyo=
-70,-55,o8gdmHaFC3iWUVPTTQAKNdwBOMQ=,BwggE5e9Nqj/a/4KiPtY/GF0Qyo=
-71,-55,o8gdmHaFC3iWUVPTTQAKNdwBOMQ=,BwggE5e9Nqj/a/4KiPtY/GF0Qyo=
-77,-51,O1rxmq/I1iYLINC4Y605ZhLEM9w=,BwggE5e9Nqj/a/4KiPtY/GF0Qyo=
-76,-50,O1rxmq/I1iYLINC4Y605ZhLEM9w=,BwggE5e9Nqj/a/4KiPtY/GF0Qyo=
-77,-50,O1rxmq/I1iYLINC4Y605ZhLEM9w=,BwggE5e9Nqj/a/4KiPtY/GF0Qyo=
-72,-55,O1rxmq/I1iYLINC4Y605ZhLEM9w=,BwggE5e9Nqj/a/4KiPtY/GF0Qyo=
-72,-54,O1rxmq/I1iYLINC4Y605ZhLEM9w=,BwggE5e9Nqj/a/4KiPtY/GF0Qyo=
-73,-55,O1rxmq/I1iYLINC4Y605ZhLEM9w=,BwggE5e9Nqj/a/4KiPtY/GF0Qyo=
-74,-55,O1rxmq/I1iYLINC4Y605ZhLEM9w=,BwggE5e9Nqj/a/4KiPtY/GF0Qyo=
-75,-59,cvOGr7rpGphJmEIRv9EQHvadQvw=,BwggE5e9Nqj/a/4KiPtY/GF0Qyo=
-74,-56,cvOGr7rpGphJmEIRv9EQHvadQvw=,BwggE5e9Nqj/a/4KiPtY/GF0Qyo=
-75,-56,cvOGr7rpGphJmEIRv9EQHvadQvw=,BwggE5e9Nqj/a/4KiPtY/GF0Qyo=
-74,-57,cvOGr7rpGphJmEIRv9EQHvadQvw=,BwggE5e9Nqj/a/4KiPtY/GF0Qyo=
-75,-57,cvOGr7rpGphJmEIRv9EQHvadQvw=,BwggE5e9Nqj/a/4KiPtY/GF0Qyo=
-74,-58,cvOGr7rpGphJmEIRv9EQHvadQvw=,BwggE5e9Nqj/a/4KiPtY/GF0Qyo=
-75,-58,cvOGr7rpGphJmEIRv9EQHvadQvw=,BwggE5e9Nqj/a/4KiPtY/GF0Qyo=
-76,-59,cvOGr7rpGphJmEIRv9EQHvadQvw=,BwggE5e9Nqj/a/4KiPtY/GF0Qyo=
-76,-58,cvOGr7rpGphJmEIRv9EQHvadQvw=,BwggE5e9Nqj/a/4KiPtY/GF0Qyo=
-79,-59,cvOGr7rpGphJmEIRv9EQHvadQvw=,BwggE5e9Nqj/a/4KiPtY/GF0Qyo=
-78,-59,cvOGr7rpGphJmEIRv9EQHvadQvw=,BwggE5e9Nqj/a/4KiPtY/GF0Qyo=
-77,-59,lGcco7iaQWlvz9gAc+KYQtn6S2U=,BwggE5e9Nqj/a/4KiPtY/GF0Qyo=
-79,-58,lGcco7iaQWlvz9gAc+KYQtn6S2U=,BwggE5e9Nqj/a/4KiPtY/GF0Qyo=
-78,-58,lGcco7iaQWlvz9gAc+KYQtn6S2U=,BwggE5e9Nqj/a/4KiPtY/GF0Qyo=
-77,-58,lGcco7iaQWlvz9gAc+KYQtn6S2U=,BwggE5e9Nqj/a/4KiPtY/GF0Qyo=
-74,-59,lGcco7iaQWlvz9gAc+KYQtn6S2U=,BwggE5e9Nqj/a/4KiPtY/GF0Qyo=
-79,-52,lGcco7iaQWlvz9gAc+KYQtn6S2U=,BwggE5e9Nqj/a/4KiPtY/GF0Qyo=
-76,-57,Ya1151I4IRF5wQnH2E843cQC+so=,BwggE5e9Nqj/a/4KiPtY/GF0Qyo=
-76,-56,Ya1151I4IRF5wQnH2E843cQC+so=,BwggE5e9Nqj/a/4KiPtY/GF0Qyo=
-77,-57,Ya1151I4IRF5wQnH2E843cQC+so=,BwggE5e9Nqj/a/4KiPtY/GF0Qyo=
-78,-57,Ya1151I4IRF5wQnH2E843cQC+so=,BwggE5e9Nqj/a/4KiPtY/GF0Qyo=
-76,-51,Ya1151I4IRF5wQnH2E843cQC+so=,BwggE5e9Nqj/a/4KiPtY/GF0Qyo=
-75,-55,Ya1151I4IRF5wQnH2E843cQC+so=,BwggE5e9Nqj/a/4KiPtY/GF0Qyo=
-70,-52,Ya1151I4IRF5wQnH2E843cQC+so=,BwggE5e9Nqj/a/4KiPtY/GF0Qyo=
-77,-56,Ya1151I4IRF5wQnH2E843cQC+so=,BwggE5e9Nqj/a/4KiPtY/GF0Qyo=
-78,-54,Ya1151I4IRF5wQnH2E843cQC+so=,BwggE5e9Nqj/a/4KiPtY/GF0Qyo=
-77,-53,Ya1151I4IRF5wQnH2E843cQC+so=,BwggE5e9Nqj/a/4KiPtY/GF0Qyo=
-75,-51,Ya1151I4IRF5wQnH2E843cQC+so=,BwggE5e9Nqj/a/4KiPtY/GF0Qyo=
-77,-54,Ya1151I4IRF5wQnH2E843cQC+so=,BwggE5e9Nqj/a/4KiPtY/GF0Qyo=
-77,-55,Ya1151I4IRF5wQnH2E843cQC+so=,BwggE5e9Nqj/a/4KiPtY/GF0Qyo=
-78,-52,Ya1151I4IRF5wQnH2E843cQC+so=,BwggE5e9Nqj/a/4KiPtY/GF0Qyo=
-74,-54,Ya1151I4IRF5wQnH2E843cQC+so=,BwggE5e9Nqj/a/4KiPtY/GF0Qyo=
-73,-54,Ya1151I4IRF5wQnH2E843cQC+so=,BwggE5e9Nqj/a/4KiPtY/GF0Qyo=
-78,-56,Ya1151I4IRF5wQnH2E843cQC+so=,BwggE5e9Nqj/a/4KiPtY/GF0Qyo=
-78,-53,Ya1151I4IRF5wQnH2E843cQC+so=,BwggE5e9Nqj/a/4KiPtY/GF0Qyo=
-77,-52,Ya1151I4IRF5wQnH2E843cQC+so=,BwggE5e9Nqj/a/4KiPtY/GF0Qyo=
-76,-52,Ya1151I4IRF5wQnH2E843cQC+so=,BwggE5e9Nqj/a/4KiPtY/GF0Qyo=
-75,-52,Ya1151I4IRF5wQnH2E843cQC+so=,BwggE5e9Nqj/a/4KiPtY/GF0Qyo=
-71,-53,Ya1151I4IRF5wQnH2E843cQC+so=,BwggE5e9Nqj/a/4KiPtY/GF0Qyo=
-70,-53,Ya1151I4IRF5wQnH2E843cQC+so=,BwggE5e9Nqj/a/4KiPtY/GF0Qyo=
-72,-53,Ya1151I4IRF5wQnH2E843cQC+so=,BwggE5e9Nqj/a/4KiPtY/GF0Qyo=
-75,-54,Ya1151I4IRF5wQnH2E843cQC+so=,BwggE5e9Nqj/a/4KiPtY/GF0Qyo=
-71,-52,Ya1151I4IRF5wQnH2E843cQC+so=,BwggE5e9Nqj/a/4KiPtY/GF0Qyo=
-76,-55,Ya1151I4IRF5wQnH2E843cQC+so=,BwggE5e9Nqj/a/4KiPtY/GF0Qyo=
-75,-53,wzmGwoco6JH98ojjBP1/yT/JPpI=,BwggE5e9Nqj/a/4KiPtY/GF0Qyo=
-74,-53,wzmGwoco6JH98ojjBP1/yT/JPpI=,BwggE5e9Nqj/a/4KiPtY/GF0Qyo=
-72,-52,wzmGwoco6JH98ojjBP1/yT/JPpI=,BwggE5e9Nqj/a/4KiPtY/GF0Qyo=
-73,-53,wzmGwoco6JH98ojjBP1/yT/JPpI=,BwggE5e9Nqj/a/4KiPtY/GF0Qyo=
-73,-51,wzmGwoco6JH98ojjBP1/yT/JPpI=,BwggE5e9Nqj/a/4KiPtY/GF0Qyo=
-76,-54,wzmGwoco6JH98ojjBP1/yT/JPpI=,BwggE5e9Nqj/a/4KiPtY/GF0Qyo=
-74,-51,wzmGwoco6JH98ojjBP1/yT/JPpI=,BwggE5e9Nqj/a/4KiPtY/GF0Qyo=
-78,-55,wzmGwoco6JH98ojjBP1/yT/JPpI=,BwggE5e9Nqj/a/4KiPtY/GF0Qyo=
-66,-50,wzmGwoco6JH98ojjBP1/yT/JPpI=,BwggE5e9Nqj/a/4KiPtY/GF0Qyo=
-68,-50,wzmGwoco6JH98ojjBP1/yT/JPpI=,BwggE5e9Nqj/a/4KiPtY/GF0Qyo=
-69,-51,wzmGwoco6JH98ojjBP1/yT/JPpI=,BwggE5e9Nqj/a/4KiPtY/GF0Qyo=
-68,-51,wzmGwoco6JH98ojjBP1/yT/JPpI=,BwggE5e9Nqj/a/4KiPtY/GF0Qyo=
-67,-51,wzmGwoco6JH98ojjBP1/yT/JPpI=,BwggE5e9Nqj/a/4KiPtY/GF0Qyo=
-66,-51,wzmGwoco6JH98ojjBP1/yT/JPpI=,BwggE5e9Nqj/a/4KiPtY/GF0Qyo=
-67,-50,wzmGwoco6JH98ojjBP1/yT/JPpI=,BwggE5e9Nqj/a/4KiPtY/GF0Qyo=
-74,-52,BmSJcft6PQPmKZzb8emWRZ+9yGs=,BwggE5e9Nqj/a/4KiPtY/GF0Qyo=
-72,-51,BmSJcft6PQPmKZzb8emWRZ+9yGs=,BwggE5e9Nqj/a/4KiPtY/GF0Qyo=
-76,-53,BmSJcft6PQPmKZzb8emWRZ+9yGs=,BwggE5e9Nqj/a/4KiPtY/GF0Qyo=
-73,-52,BmSJcft6PQPmKZzb8emWRZ+9yGs=,BwggE5e9Nqj/a/4KiPtY/GF0Qyo=
-71,-51,BmSJcft6PQPmKZzb8emWRZ+9yGs=,BwggE5e9Nqj/a/4KiPtY/GF0Qyo=
-68,-52,BmSJcft6PQPmKZzb8emWRZ+9yGs=,BwggE5e9Nqj/a/4KiPtY/GF0Qyo=
-68,-54,BmSJcft6PQPmKZzb8emWRZ+9yGs=,BwggE5e9Nqj/a/4KiPtY/GF0Qyo=
-66,-52,BmSJcft6PQPmKZzb8emWRZ+9yGs=,BwggE5e9Nqj/a/4KiPtY/GF0Qyo=
-69,-52,BmSJcft6PQPmKZzb8emWRZ+9yGs=,BwggE5e9Nqj/a/4KiPtY/GF0Qyo=
-68,-55,BmSJcft6PQPmKZzb8emWRZ+9yGs=,BwggE5e9Nqj/a/4KiPtY/GF0Qyo=
-67,-54,BmSJcft6PQPmKZzb8emWRZ+9yGs=,BwggE5e9Nqj/a/4KiPtY/GF0Qyo=
-69,-55,BmSJcft6PQPmKZzb8emWRZ+9yGs=,BwggE5e9Nqj/a/4KiPtY/GF0Qyo=
-67,-53,BmSJcft6PQPmKZzb8emWRZ+9yGs=,BwggE5e9Nqj/a/4KiPtY/GF0Qyo=
-69,-53,BmSJcft6PQPmKZzb8emWRZ+9yGs=,BwggE5e9Nqj/a/4KiPtY/GF0Qyo=
-69,-54,BmSJcft6PQPmKZzb8emWRZ+9yGs=,BwggE5e9Nqj/a/4KiPtY/GF0Qyo=
-68,-53,BmSJcft6PQPmKZzb8emWRZ+9yGs=,BwggE5e9Nqj/a/4KiPtY/GF0Qyo=
-67,-52,BmSJcft6PQPmKZzb8emWRZ+9yGs=,BwggE5e9Nqj/a/4KiPtY/GF0Qyo=
-70,-51,BmSJcft6PQPmKZzb8emWRZ+9yGs=,BwggE5e9Nqj/a/4KiPtY/GF0Qyo=
-71,-63,BmSJcft6PQPmKZzb8emWRZ+9yGs=,BwggE5e9Nqj/a/4KiPtY/GF0Qyo=
-70,-63,BmSJcft6PQPmKZzb8emWRZ+9yGs=,BwggE5e9Nqj/a/4KiPtY/GF0Qyo=
-66,-61,BmSJcft6PQPmKZzb8emWRZ+9yGs=,BwggE5e9Nqj/a/4KiPtY/GF0Qyo=
-66,-60,BmSJcft6PQPmKZzb8emWRZ+9yGs=,BwggE5e9Nqj/a/4KiPtY/GF0Qyo=
-67,-61,g0gDL6K52DOPLJ8WrVFWcKBiKuk=,BwggE5e9Nqj/a/4KiPtY/GF0Qyo=
-69,-63,g0gDL6K52DOPLJ8WrVFWcKBiKuk=,BwggE5e9Nqj/a/4KiPtY/GF0Qyo=
-68,-63,g0gDL6K52DOPLJ8WrVFWcKBiKuk=,BwggE5e9Nqj/a/4KiPtY/GF0Qyo=
-67,-63,g0gDL6K52DOPLJ8WrVFWcKBiKuk=,BwggE5e9Nqj/a/4KiPtY/GF0Qyo=
-66,-63,g0gDL6K52DOPLJ8WrVFWcKBiKuk=,BwggE5e9Nqj/a/4KiPtY/GF0Qyo=
-66,-62,16q+lat/tOKKljGahdfc5f1UFjA=,BwggE5e9Nqj/a/4KiPtY/GF0Qyo=
-68,-62,Lxl5RQByHjppPpuGiNN9q8PKqBw=,BwggE5e9Nqj/a/4KiPtY/GF0Qyo=
-67,-62,Lxl5RQByHjppPpuGiNN9q8PKqBw=,BwggE5e9Nqj/a/4KiPtY/GF0Qyo=
-73,-59,Lxl5RQByHjppPpuGiNN9q8PKqBw=,BwggE5e9Nqj/a/4KiPtY/GF0Qyo=
-72,-56,Lxl5RQByHjppPpuGiNN9q8PKqBw=,BwggE5e9Nqj/a/4KiPtY/GF0Qyo=
-73,-58,Lxl5RQByHjppPpuGiNN9q8PKqBw=,BwggE5e9Nqj/a/4KiPtY/GF0Qyo=
-71,-56,Lxl5RQByHjppPpuGiNN9q8PKqBw=,BwggE5e9Nqj/a/4KiPtY/GF0Qyo=
-73,-57,Lxl5RQByHjppPpuGiNN9q8PKqBw=,BwggE5e9Nqj/a/4KiPtY/GF0Qyo=
-70,-57,Lxl5RQByHjppPpuGiNN9q8PKqBw=,BwggE5e9Nqj/a/4KiPtY/GF0Qyo=
-71,-57,Lxl5RQByHjppPpuGiNN9q8PKqBw=,BwggE5e9Nqj/a/4KiPtY/GF0Qyo=
-67,-56,Lxl5RQByHjppPpuGiNN9q8PKqBw=,BwggE5e9Nqj/a/4KiPtY/GF0Qyo=
-72,-57,Lxl5RQByHjppPpuGiNN9q8PKqBw=,BwggE5e9Nqj/a/4KiPtY/GF0Qyo=
-68,-57,NJhXbeEp+4qnZNfBdHusRb6ZEJQ=,BwggE5e9Nqj/a/4KiPtY/GF0Qyo=
-69,-56,NJhXbeEp+4qnZNfBdHusRb6ZEJQ=,BwggE5e9Nqj/a/4KiPtY/GF0Qyo=
-67,-57,NJhXbeEp+4qnZNfBdHusRb6ZEJQ=,BwggE5e9Nqj/a/4KiPtY/GF0Qyo=
-71,-58,6+ozIewD1Xq5lT3O5ZOd8qUYRIE=,BwggE5e9Nqj/a/4KiPtY/GF0Qyo=
-72,-58,6+ozIewD1Xq5lT3O5ZOd8qUYRIE=,BwggE5e9Nqj/a/4KiPtY/GF0Qyo=
-67,-60,6+ozIewD1Xq5lT3O5ZOd8qUYRIE=,BwggE5e9Nqj/a/4KiPtY/GF0Qyo=
-68,-56,6+ozIewD1Xq5lT3O5ZOd8qUYRIE=,BwggE5e9Nqj/a/4KiPtY/GF0Qyo=
-73,-56,6+ozIewD1Xq5lT3O5ZOd8qUYRIE=,BwggE5e9Nqj/a/4KiPtY/GF0Qyo=
-67,-55,6+ozIewD1Xq5lT3O5ZOd8qUYRIE=,BwggE5e9Nqj/a/4KiPtY/GF0Qyo=
-70,-56,6+ozIewD1Xq5lT3O5ZOd8qUYRIE=,BwggE5e9Nqj/a/4KiPtY/GF0Qyo=
-67,-58,6+ozIewD1Xq5lT3O5ZOd8qUYRIE=,BwggE5e9Nqj/a/4KiPtY/GF0Qyo=
-70,-58,6+ozIewD1Xq5lT3O5ZOd8qUYRIE=,BwggE5e9Nqj/a/4KiPtY/GF0Qyo=
-68,-58,6+ozIewD1Xq5lT3O5ZOd8qUYRIE=,BwggE5e9Nqj/a/4KiPtY/GF0Qyo=
-67,-59,dKN0gRwyuSuxPNtF2mcWiD6b9QM=,BwggE5e9Nqj/a/4KiPtY/GF0Qyo=
-68,-61,dKN0gRwyuSuxPNtF2mcWiD6b9QM=,BwggE5e9Nqj/a/4KiPtY/GF0Qyo=
-69,-62,dKN0gRwyuSuxPNtF2mcWiD6b9QM=,BwggE5e9Nqj/a/4KiPtY/GF0Qyo=
-68,-59,TxBRHXuDIqskObG21M8zMTkpdqQ=,BwggE5e9Nqj/a/4KiPtY/GF0Qyo=
-70,-62,TxBRHXuDIqskObG21M8zMTkpdqQ=,BwggE5e9Nqj/a/4KiPtY/GF0Qyo=
-69,-57,TxBRHXuDIqskObG21M8zMTkpdqQ=,BwggE5e9Nqj/a/4KiPtY/GF0Qyo=
-68,-60,TxBRHXuDIqskObG21M8zMTkpdqQ=,BwggE5e9Nqj/a/4KiPtY/GF0Qyo=
-70,-59,TxBRHXuDIqskObG21M8zMTkpdqQ=,BwggE5e9Nqj/a/4KiPtY/GF0Qyo=
-69,-58,TFxgb13/20uTLwXztP4GvoWBqko=,BwggE5e9Nqj/a/4KiPtY/GF0Qyo=
-69,-59,TFxgb13/20uTLwXztP4GvoWBqko=,BwggE5e9Nqj/a/4KiPtY/GF0Qyo=
-70,-61,TFxgb13/20uTLwXztP4GvoWBqko=,BwggE5e9Nqj/a/4KiPtY/GF0Qyo=
-69,-60,TFxgb13/20uTLwXztP4GvoWBqko=,BwggE5e9Nqj/a/4KiPtY/GF0Qyo=
-70,-60,TFxgb13/20uTLwXztP4GvoWBqko=,BwggE5e9Nqj/a/4KiPtY/GF0Qyo=
-79,-61,TFxgb13/20uTLwXztP4GvoWBqko=,BwggE5e9Nqj/a/4KiPtY/GF0Qyo=
-79,-60,TFxgb13/20uTLwXztP4GvoWBqko=,BwggE5e9Nqj/a/4KiPtY/GF0Qyo=
-78,-60,TFxgb13/20uTLwXztP4GvoWBqko=,BwggE5e9Nqj/a/4KiPtY/GF0Qyo=
-69,-61,TFxgb13/20uTLwXztP4GvoWBqko=,BwggE5e9Nqj/a/4KiPtY/GF0Qyo=
-74,-64,TFxgb13/20uTLwXztP4GvoWBqko=,BwggE5e9Nqj/a/4KiPtY/GF0Qyo=
-77,-60,TFxgb13/20uTLwXztP4GvoWBqko=,BwggE5e9Nqj/a/4KiPtY/GF0Qyo=
-75,-64,TFxgb13/20uTLwXztP4GvoWBqko=,BwggE5e9Nqj/a/4KiPtY/GF0Qyo=
-76,-60,TFxgb13/20uTLwXztP4GvoWBqko=,BwggE5e9Nqj/a/4KiPtY/GF0Qyo=
-78,-61,TFxgb13/20uTLwXztP4GvoWBqko=,BwggE5e9Nqj/a/4KiPtY/GF0Qyo=
-80,-51,TFxgb13/20uTLwXztP4GvoWBqko=,BwggE5e9Nqj/a/4KiPtY/GF0Qyo=
-80,-50,TFxgb13/20uTLwXztP4GvoWBqko=,BwggE5e9Nqj/a/4KiPtY/GF0Qyo=
-70,-64,TFxgb13/20uTLwXztP4GvoWBqko=,BwggE5e9Nqj/a/4KiPtY/GF0Qyo=
-76,-64,TFxgb13/20uTLwXztP4GvoWBqko=,BwggE5e9Nqj/a/4KiPtY/GF0Qyo=
-76,-63,TFxgb13/20uTLwXztP4GvoWBqko=,BwggE5e9Nqj/a/4KiPtY/GF0Qyo=
-72,-61,TFxgb13/20uTLwXztP4GvoWBqko=,BwggE5e9Nqj/a/4KiPtY/GF0Qyo=
-78,-64,TFxgb13/20uTLwXztP4GvoWBqko=,BwggE5e9Nqj/a/4KiPtY/GF0Qyo=
-77,-61,TFxgb13/20uTLwXztP4GvoWBqko=,BwggE5e9Nqj/a/4KiPtY/GF0Qyo=
-74,-63,TFxgb13/20uTLwXztP4GvoWBqko=,BwggE5e9Nqj/a/4KiPtY/GF0Qyo=
-78,-62,TFxgb13/20uTLwXztP4GvoWBqko=,BwggE5e9Nqj/a/4KiPtY/GF0Qyo=
-73,-60,TFxgb13/20uTLwXztP4GvoWBqko=,BwggE5e9Nqj/a/4KiPtY/GF0Qyo=
-75,-62,TFxgb13/20uTLwXztP4GvoWBqko=,BwggE5e9Nqj/a/4KiPtY/GF0Qyo=
-74,-60,TFxgb13/20uTLwXztP4GvoWBqko=,BwggE5e9Nqj/a/4KiPtY/GF0Qyo=
-75,-60,TFxgb13/20uTLwXztP4GvoWBqko=,BwggE5e9Nqj/a/4KiPtY/GF0Qyo=
-77,-63,TFxgb13/20uTLwXztP4GvoWBqko=,BwggE5e9Nqj/a/4KiPtY/GF0Qyo=
-76,-62,TFxgb13/20uTLwXztP4GvoWBqko=,BwggE5e9Nqj/a/4KiPtY/GF0Qyo=
-78,-63,TFxgb13/20uTLwXztP4GvoWBqko=,BwggE5e9Nqj/a/4KiPtY/GF0Qyo=
-72,-59,TFxgb13/20uTLwXztP4GvoWBqko=,BwggE5e9Nqj/a/4KiPtY/GF0Qyo=
-76,-61,TFxgb13/20uTLwXztP4GvoWBqko=,BwggE5e9Nqj/a/4KiPtY/GF0Qyo=
-72,-60,TFxgb13/20uTLwXztP4GvoWBqko=,BwggE5e9Nqj/a/4KiPtY/GF0Qyo=
-72,-63,206SAfnZf8OA7H5JMmDAKZr8xhg=,BwggE5e9Nqj/a/4KiPtY/GF0Qyo=
-75,-63,206SAfnZf8OA7H5JMmDAKZr8xhg=,BwggE5e9Nqj/a/4KiPtY/GF0Qyo=
-73,-61,206SAfnZf8OA7H5JMmDAKZr8xhg=,BwggE5e9Nqj/a/4KiPtY/GF0Qyo=
-72,-64,206SAfnZf8OA7H5JMmDAKZr8xhg=,BwggE5e9Nqj/a/4KiPtY/GF0Qyo=
-71,-64,206SAfnZf8OA7H5JMmDAKZr8xhg=,BwggE5e9Nqj/a/4KiPtY/GF0Qyo=
-73,-64,206SAfnZf8OA7H5JMmDAKZr8xhg=,BwggE5e9Nqj/a/4KiPtY/GF0Qyo=
-80,-60,206SAfnZf8OA7H5JMmDAKZr8xhg=,BwggE5e9Nqj/a/4KiPtY/GF0Qyo=
-80,-61,206SAfnZf8OA7H5JMmDAKZr8xhg=,BwggE5e9Nqj/a/4KiPtY/GF0Qyo=
-80,-59,206SAfnZf8OA7H5JMmDAKZr8xhg=,BwggE5e9Nqj/a/4KiPtY/GF0Qyo=
-80,-58,206SAfnZf8OA7H5JMmDAKZr8xhg=,BwggE5e9Nqj/a/4KiPtY/GF0Qyo=
-71,-62,206SAfnZf8OA7H5JMmDAKZr8xhg=,BwggE5e9Nqj/a/4KiPtY/GF0Qyo=
-72,-62,206SAfnZf8OA7H5JMmDAKZr8xhg=,BwggE5e9Nqj/a/4KiPtY/GF0Qyo=
-73,-63,206SAfnZf8OA7H5JMmDAKZr8xhg=,BwggE5e9Nqj/a/4KiPtY/GF0Qyo=
-77,-62,206SAfnZf8OA7H5JMmDAKZr8xhg=,BwggE5e9Nqj/a/4KiPtY/GF0Qyo=
-71,-59,206SAfnZf8OA7H5JMmDAKZr8xhg=,BwggE5e9Nqj/a/4KiPtY/GF0Qyo=
-71,-61,206SAfnZf8OA7H5JMmDAKZr8xhg=,BwggE5e9Nqj/a/4KiPtY/GF0Qyo=
-75,-61,206SAfnZf8OA7H5JMmDAKZr8xhg=,BwggE5e9Nqj/a/4KiPtY/GF0Qyo=
-71,-60,206SAfnZf8OA7H5JMmDAKZr8xhg=,BwggE5e9Nqj/a/4KiPtY/GF0Qyo=
-77,-64,206SAfnZf8OA7H5JMmDAKZr8xhg=,BwggE5e9Nqj/a/4KiPtY/GF0Qyo=
-74,-61,206SAfnZf8OA7H5JMmDAKZr8xhg=,BwggE5e9Nqj/a/4KiPtY/GF0Qyo=
-65,-59,206SAfnZf8OA7H5JMmDAKZr8xhg=,BwggE5e9Nqj/a/4KiPtY/GF0Qyo=
-73,-62,206SAfnZf8OA7H5JMmDAKZr8xhg=,BwggE5e9Nqj/a/4KiPtY/GF0Qyo=
-65,-61,206SAfnZf8OA7H5JMmDAKZr8xhg=,BwggE5e9Nqj/a/4KiPtY/GF0Qyo=
-65,-60,206SAfnZf8OA7H5JMmDAKZr8xhg=,BwggE5e9Nqj/a/4KiPtY/GF0Qyo=
-65,-63,206SAfnZf8OA7H5JMmDAKZr8xhg=,BwggE5e9Nqj/a/4KiPtY/GF0Qyo=
-65,-62,206SAfnZf8OA7H5JMmDAKZr8xhg=,BwggE5e9Nqj/a/4KiPtY/GF0Qyo=
-69,-64,206SAfnZf8OA7H5JMmDAKZr8xhg=,BwggE5e9Nqj/a/4KiPtY/GF0Qyo=
-68,-64,206SAfnZf8OA7H5JMmDAKZr8xhg=,BwggE5e9Nqj/a/4KiPtY/GF0Qyo=
-67,-64,206SAfnZf8OA7H5JMmDAKZr8xhg=,BwggE5e9Nqj/a/4KiPtY/GF0Qyo=
-66,-64,206SAfnZf8OA7H5JMmDAKZr8xhg=,BwggE5e9Nqj/a/4KiPtY/GF0Qyo=
-66,-49,206SAfnZf8OA7H5JMmDAKZr8xhg=,BwggE5e9Nqj/a/4KiPtY/GF0Qyo=
-67,-49,206SAfnZf8OA7H5JMmDAKZr8xhg=,BwggE5e9Nqj/a/4KiPtY/GF0Qyo=
-74,-62,206SAfnZf8OA7H5JMmDAKZr8xhg=,BwggE5e9Nqj/a/4KiPtY/GF0Qyo=
-79,-62,206SAfnZf8OA7H5JMmDAKZr8xhg=,BwggE5e9Nqj/a/4KiPtY/GF0Qyo=
-68,-49,206SAfnZf8OA7H5JMmDAKZr8xhg=,BwggE5e9Nqj/a/4KiPtY/GF0Qyo=
-66,-59,206SAfnZf8OA7H5JMmDAKZr8xhg=,BwggE5e9Nqj/a/4KiPtY/GF0Qyo=
-76,-49,206SAfnZf8OA7H5JMmDAKZr8xhg=,BwggE5e9Nqj/a/4KiPtY/GF0Qyo=
-80,-62,206SAfnZf8OA7H5JMmDAKZr8xhg=,BwggE5e9Nqj/a/4KiPtY/GF0Qyo=
-77,-49,206SAfnZf8OA7H5JMmDAKZr8xhg=,BwggE5e9Nqj/a/4KiPtY/GF0Qyo=
-75,-50,206SAfnZf8OA7H5JMmDAKZr8xhg=,BwggE5e9Nqj/a/4KiPtY/GF0Qyo=
-69,-50,206SAfnZf8OA7H5JMmDAKZr8xhg=,BwggE5e9Nqj/a/4KiPtY/GF0Qyo=
-69,-49,206SAfnZf8OA7H5JMmDAKZr8xhg=,BwggE5e9Nqj/a/4KiPtY/GF0Qyo=
-65,-64,206SAfnZf8OA7H5JMmDAKZr8xhg=,BwggE5e9Nqj/a/4KiPtY/GF0Qyo=
-75,-49,206SAfnZf8OA7H5JMmDAKZr8xhg=,BwggE5e9Nqj/a/4KiPtY/GF0Qyo=
-74,-49,206SAfnZf8OA7H5JMmDAKZr8xhg=,BwggE5e9Nqj/a/4KiPtY/GF0Qyo=
-70,-50,206SAfnZf8OA7H5JMmDAKZr8xhg=,BwggE5e9Nqj/a/4KiPtY/GF0Qyo=
-74,-50,206SAfnZf8OA7H5JMmDAKZr8xhg=,BwggE5e9Nqj/a/4KiPtY/GF0Qyo=
-70,-49,206SAfnZf8OA7H5JMmDAKZr8xhg=,BwggE5e9Nqj/a/4KiPtY/GF0Qyo=
-80,-49,206SAfnZf8OA7H5JMmDAKZr8xhg=,BwggE5e9Nqj/a/4KiPtY/GF0Qyo=
-73,-50,206SAfnZf8OA7H5JMmDAKZr8xhg=,BwggE5e9Nqj/a/4KiPtY/GF0Qyo=
-73,-49,206SAfnZf8OA7H5JMmDAKZr8xhg=,BwggE5e9Nqj/a/4KiPtY/GF0Qyo=
-72,-49,206SAfnZf8OA7H5JMmDAKZr8xhg=,BwggE5e9Nqj/a/4KiPtY/GF0Qyo=
-72,-50,206SAfnZf8OA7H5JMmDAKZr8xhg=,BwggE5e9Nqj/a/4KiPtY/GF0Qyo=
-71,-50,206SAfnZf8OA7H5JMmDAKZr8xhg=,BwggE5e9Nqj/a/4KiPtY/GF0Qyo=
-71,-49,206SAfnZf8OA7H5JMmDAKZr8xhg=,BwggE5e9Nqj/a/4KiPtY/GF0Qyo=
-80,-52,206SAfnZf8OA7H5JMmDAKZr8xhg=,BwggE5e9Nqj/a/4KiPtY/GF0Qyo=
-79,-64,206SAfnZf8OA7H5JMmDAKZr8xhg=,BwggE5e9Nqj/a/4KiPtY/GF0Qyo=
-65,-50,206SAfnZf8OA7H5JMmDAKZr8xhg=,BwggE5e9Nqj/a/4KiPtY/GF0Qyo=
-65,-49,206SAfnZf8OA7H5JMmDAKZr8xhg=,BwggE5e9Nqj/a/4KiPtY/GF0Qyo=
-79,-57,206SAfnZf8OA7H5JMmDAKZr8xhg=,BwggE5e9Nqj/a/4KiPtY/GF0Qyo=
-79,-63,206SAfnZf8OA7H5JMmDAKZr8xhg=,BwggE5e9Nqj/a/4KiPtY/GF0Qyo=
-80,-53,206SAfnZf8OA7H5JMmDAKZr8xhg=,BwggE5e9Nqj/a/4KiPtY/GF0Qyo=
-80,-64,206SAfnZf8OA7H5JMmDAKZr8xhg=,BwggE5e9Nqj/a/4KiPtY/GF0Qyo=
-80,-57,206SAfnZf8OA7H5JMmDAKZr8xhg=,BwggE5e9Nqj/a/4KiPtY/GF0Qyo=
-80,-63,206SAfnZf8OA7H5JMmDAKZr8xhg=,BwggE5e9Nqj/a/4KiPtY/GF0Qyo=
-79,-53,206SAfnZf8OA7H5JMmDAKZr8xhg=,BwggE5e9Nqj/a/4KiPtY/GF0Qyo=
-79,-56,206SAfnZf8OA7H5JMmDAKZr8xhg=,BwggE5e9Nqj/a/4KiPtY/GF0Qyo=
-66,-53,206SAfnZf8OA7H5JMmDAKZr8xhg=,BwggE5e9Nqj/a/4KiPtY/GF0Qyo=
-80,-54,206SAfnZf8OA7H5JMmDAKZr8xhg=,BwggE5e9Nqj/a/4KiPtY/GF0Qyo=
-65,-58,206SAfnZf8OA7H5JMmDAKZr8xhg=,BwggE5e9Nqj/a/4KiPtY/GF0Qyo=
-66,-54,206SAfnZf8OA7H5JMmDAKZr8xhg=,BwggE5e9Nqj/a/4KiPtY/GF0Qyo=
-80,-55,206SAfnZf8OA7H5JMmDAKZr8xhg=,BwggE5e9Nqj/a/4KiPtY/GF0Qyo=
-65,-53,206SAfnZf8OA7H5JMmDAKZr8xhg=,BwggE5e9Nqj/a/4KiPtY/GF0Qyo=
-80,-56,206SAfnZf8OA7H5JMmDAKZr8xhg=,BwggE5e9Nqj/a/4KiPtY/GF0Qyo=
-79,-55,206SAfnZf8OA7H5JMmDAKZr8xhg=,BwggE5e9Nqj/a/4KiPtY/GF0Qyo=
-66,-58,206SAfnZf8OA7H5JMmDAKZr8xhg=,BwggE5e9Nqj/a/4KiPtY/GF0Qyo=
-79,-54,206SAfnZf8OA7H5JMmDAKZr8xhg=,BwggE5e9Nqj/a/4KiPtY/GF0Qyo=
-65,-51,206SAfnZf8OA7H5JMmDAKZr8xhg=,BwggE5e9Nqj/a/4KiPtY/GF0Qyo=
-65,-54,206SAfnZf8OA7H5JMmDAKZr8xhg=,BwggE5e9Nqj/a/4KiPtY/GF0Qyo=
-65,-52,206SAfnZf8OA7H5JMmDAKZr8xhg=,BwggE5e9Nqj/a/4KiPtY/GF0Qyo=
-65,-57,206SAfnZf8OA7H5JMmDAKZr8xhg=,BwggE5e9Nqj/a/4KiPtY/GF0Qyo=
-66,-57,206SAfnZf8OA7H5JMmDAKZr8xhg=,BwggE5e9Nqj/a/4KiPtY/GF0Qyo=
-66,-55,206SAfnZf8OA7H5JMmDAKZr8xhg=,BwggE5e9Nqj/a/4KiPtY/GF0Qyo=
-66,-56,206SAfnZf8OA7H5JMmDAKZr8xhg=,BwggE5e9Nqj/a/4KiPtY/GF0Qyo=
-65,-56,206SAfnZf8OA7H5JMmDAKZr8xhg=,BwggE5e9Nqj/a/4KiPtY/GF0Qyo=
-65,-55,206SAfnZf8OA7H5JMmDAKZr8xhg=,BwggE5e9Nqj/a/4KiPtY/GF0Qyo=
-91,-50,5wzYbiJzjg+9vw9N4fwgC8rSrX4=,m0fcIBkhNz29J+drJDfaB4WpGsI=
-91,-51,5wzYbiJzjg+9vw9N4fwgC8rSrX4=,m0fcIBkhNz29J+drJDfaB4WpGsI=
-90,-50,5wzYbiJzjg+9vw9N4fwgC8rSrX4=,m0fcIBkhNz29J+drJDfaB4WpGsI=
-86,-55,Xe9jaknviUE/Qtu1uG7+Oguv17k=,BwggE5e9Nqj/a/4KiPtY/GF0Qyo=
-85,-54,Xe9jaknviUE/Qtu1uG7+Oguv17k=,BwggE5e9Nqj/a/4KiPtY/GF0Qyo=
-84,-54,Xe9jaknviUE/Qtu1uG7+Oguv17k=,BwggE5e9Nqj/a/4KiPtY/GF0Qyo=
-85,-55,Xe9jaknviUE/Qtu1uG7+Oguv17k=,BwggE5e9Nqj/a/4KiPtY/GF0Qyo=
-91,-52,Xe9jaknviUE/Qtu1uG7+Oguv17k=,m0fcIBkhNz29J+drJDfaB4WpGsI=
-90,-51,Xe9jaknviUE/Qtu1uG7+Oguv17k=,m0fcIBkhNz29J+drJDfaB4WpGsI=
-90,-52,WOt9gXB7LAjjO+zOBjQdopgP3t8=,m0fcIBkhNz29J+drJDfaB4WpGsI=
-90,-54,zgocwysZyfbE+FkqTNSutdSiXCg=,m0fcIBkhNz29J+drJDfaB4WpGsI=
-89,-54,zgocwysZyfbE+FkqTNSutdSiXCg=,m0fcIBkhNz29J+drJDfaB4WpGsI=
-89,-51,zgocwysZyfbE+FkqTNSutdSiXCg=,m0fcIBkhNz29J+drJDfaB4WpGsI=
-87,-54,zgocwysZyfbE+FkqTNSutdSiXCg=,BwggE5e9Nqj/a/4KiPtY/GF0Qyo=
-88,-53,zgocwysZyfbE+FkqTNSutdSiXCg=,BwggE5e9Nqj/a/4KiPtY/GF0Qyo=
-90,-53,zgocwysZyfbE+FkqTNSutdSiXCg=,m0fcIBkhNz29J+drJDfaB4WpGsI=
-88,-54,zgocwysZyfbE+FkqTNSutdSiXCg=,BwggE5e9Nqj/a/4KiPtY/GF0Qyo=
-87,-53,zgocwysZyfbE+FkqTNSutdSiXCg=,BwggE5e9Nqj/a/4KiPtY/GF0Qyo=
-88,-52,zgocwysZyfbE+FkqTNSutdSiXCg=,m0fcIBkhNz29J+drJDfaB4WpGsI=
-88,-51,zgocwysZyfbE+FkqTNSutdSiXCg=,m0fcIBkhNz29J+drJDfaB4WpGsI=
-87,-52,wNfHNyHG0OAblk92z/LCJbErhAY=,m0fcIBkhNz29J+drJDfaB4WpGsI=
-87,-51,wNfHNyHG0OAblk92z/LCJbErhAY=,m0fcIBkhNz29J+drJDfaB4WpGsI=
-89,-53,wNfHNyHG0OAblk92z/LCJbErhAY=,m0fcIBkhNz29J+drJDfaB4WpGsI=
-83,-50,wNfHNyHG0OAblk92z/LCJbErhAY=,BwggE5e9Nqj/a/4KiPtY/GF0Qyo=
-85,-52,wNfHNyHG0OAblk92z/LCJbErhAY=,m0fcIBkhNz29J+drJDfaB4WpGsI=
-82,-50,wNfHNyHG0OAblk92z/LCJbErhAY=,BwggE5e9Nqj/a/4KiPtY/GF0Qyo=
-84,-53,wNfHNyHG0OAblk92z/LCJbErhAY=,BwggE5e9Nqj/a/4KiPtY/GF0Qyo=
-83,-53,wNfHNyHG0OAblk92z/LCJbErhAY=,BwggE5e9Nqj/a/4KiPtY/GF0Qyo=
-85,-53,wNfHNyHG0OAblk92z/LCJbErhAY=,BwggE5e9Nqj/a/4KiPtY/GF0Qyo=
-83,-52,wNfHNyHG0OAblk92z/LCJbErhAY=,BwggE5e9Nqj/a/4KiPtY/GF0Qyo=
-82,-51,wNfHNyHG0OAblk92z/LCJbErhAY=,BwggE5e9Nqj/a/4KiPtY/GF0Qyo=
-83,-51,wNfHNyHG0OAblk92z/LCJbErhAY=,BwggE5e9Nqj/a/4KiPtY/GF0Qyo=
-84,-52,wNfHNyHG0OAblk92z/LCJbErhAY=,BwggE5e9Nqj/a/4KiPtY/GF0Qyo=
-82,-53,wNfHNyHG0OAblk92z/LCJbErhAY=,BwggE5e9Nqj/a/4KiPtY/GF0Qyo=
-82,-52,wNfHNyHG0OAblk92z/LCJbErhAY=,BwggE5e9Nqj/a/4KiPtY/GF0Qyo=
-86,-54,wNfHNyHG0OAblk92z/LCJbErhAY=,BwggE5e9Nqj/a/4KiPtY/GF0Qyo=
-83,-54,wNfHNyHG0OAblk92z/LCJbErhAY=,BwggE5e9Nqj/a/4KiPtY/GF0Qyo=
-89,-52,wNfHNyHG0OAblk92z/LCJbErhAY=,m0fcIBkhNz29J+drJDfaB4WpGsI=
-84,-51,wNfHNyHG0OAblk92z/LCJbErhAY=,BwggE5e9Nqj/a/4KiPtY/GF0Qyo=
-86,-53,wNfHNyHG0OAblk92z/LCJbErhAY=,BwggE5e9Nqj/a/4KiPtY/GF0Qyo=
-85,-51,wNfHNyHG0OAblk92z/LCJbErhAY=,m0fcIBkhNz29J+drJDfaB4WpGsI=
-86,-52,wNfHNyHG0OAblk92z/LCJbErhAY=,m0fcIBkhNz29J+drJDfaB4WpGsI=
-86,-51,ksDjFjCdMLdS8v11yIVZJmwZOlQ=,m0fcIBkhNz29J+drJDfaB4WpGsI=
-93,-62,4CGnQPSQBi3zDkEREG/UIQ1beWY=,BwggE5e9Nqj/a/4KiPtY/GF0Qyo=
-92,-60,BB/gQzxJJkIXGcRjdeHSzywkwS4=,BwggE5e9Nqj/a/4KiPtY/GF0Qyo=
-94,-62,BB/gQzxJJkIXGcRjdeHSzywkwS4=,BwggE5e9Nqj/a/4KiPtY/GF0Qyo=
-91,-61,BB/gQzxJJkIXGcRjdeHSzywkwS4=,FE1vbWA6jLTOsJh8C3c7ZRpVfFA=
-92,-62,BB/gQzxJJkIXGcRjdeHSzywkwS4=,FE1vbWA6jLTOsJh8C3c7ZRpVfFA=
-94,-61,9Won/dbIpi4adKt/+qv0BTVuJ3M=,BwggE5e9Nqj/a/4KiPtY/GF0Qyo=
-91,-62,9Won/dbIpi4adKt/+qv0BTVuJ3M=,FE1vbWA6jLTOsJh8C3c7ZRpVfFA=
-91,-60,9Won/dbIpi4adKt/+qv0BTVuJ3M=,BwggE5e9Nqj/a/4KiPtY/GF0Qyo=
-94,-59,9Won/dbIpi4adKt/+qv0BTVuJ3M=,kmxKzMZq1bZSKZF+mEkvXLo0FyM=
-93,-61,9Won/dbIpi4adKt/+qv0BTVuJ3M=,BwggE5e9Nqj/a/4KiPtY/GF0Qyo=
-82,-62,9Won/dbIpi4adKt/+qv0BTVuJ3M=,BwggE5e9Nqj/a/4KiPtY/GF0Qyo=
-83,-63,9Won/dbIpi4adKt/+qv0BTVuJ3M=,BwggE5e9Nqj/a/4KiPtY/GF0Qyo=
-82,-63,9Won/dbIpi4adKt/+qv0BTVuJ3M=,BwggE5e9Nqj/a/4KiPtY/GF0Qyo=
-83,-62,9Won/dbIpi4adKt/+qv0BTVuJ3M=,BwggE5e9Nqj/a/4KiPtY/GF0Qyo=
-92,-61,9Won/dbIpi4adKt/+qv0BTVuJ3M=,FE1vbWA6jLTOsJh8C3c7ZRpVfFA=
-94,-60,9Won/dbIpi4adKt/+qv0BTVuJ3M=,kmxKzMZq1bZSKZF+mEkvXLo0FyM=
-93,-60,9Won/dbIpi4adKt/+qv0BTVuJ3M=,kmxKzMZq1bZSKZF+mEkvXLo0FyM=
-91,-59,9Won/dbIpi4adKt/+qv0BTVuJ3M=,BwggE5e9Nqj/a/4KiPtY/GF0Qyo=
-92,-59,K2NI3aONoemtoOyPnPJcFkg8FA8=,BwggE5e9Nqj/a/4KiPtY/GF0Qyo=
-93,-59,yDhIyBvGx139MbT5WBCh83dXEO4=,kmxKzMZq1bZSKZF+mEkvXLo0FyM=
-83,-64,yDhIyBvGx139MbT5WBCh83dXEO4=,BwggE5e9Nqj/a/4KiPtY/GF0Qyo=
-82,-64,yDhIyBvGx139MbT5WBCh83dXEO4=,BwggE5e9Nqj/a/4KiPtY/GF0Qyo=
-81,-62,yDhIyBvGx139MbT5WBCh83dXEO4=,BwggE5e9Nqj/a/4KiPtY/GF0Qyo=
-82,-59,yDhIyBvGx139MbT5WBCh83dXEO4=,BwggE5e9Nqj/a/4KiPtY/GF0Qyo=
-83,-61,yDhIyBvGx139MbT5WBCh83dXEO4=,BwggE5e9Nqj/a/4KiPtY/GF0Qyo=
-82,-61,yDhIyBvGx139MbT5WBCh83dXEO4=,BwggE5e9Nqj/a/4KiPtY/GF0Qyo=
-81,-61,yDhIyBvGx139MbT5WBCh83dXEO4=,BwggE5e9Nqj/a/4KiPtY/GF0Qyo=
-81,-59,yDhIyBvGx139MbT5WBCh83dXEO4=,BwggE5e9Nqj/a/4KiPtY/GF0Qyo=
-83,-60,yDhIyBvGx139MbT5WBCh83dXEO4=,BwggE5e9Nqj/a/4KiPtY/GF0Qyo=
-82,-60,yDhIyBvGx139MbT5WBCh83dXEO4=,BwggE5e9Nqj/a/4KiPtY/GF0Qyo=
-81,-60,yDhIyBvGx139MbT5WBCh83dXEO4=,BwggE5e9Nqj/a/4KiPtY/GF0Qyo=
-82,-58,yDhIyBvGx139MbT5WBCh83dXEO4=,BwggE5e9Nqj/a/4KiPtY/GF0Qyo=
-83,-59,yDhIyBvGx139MbT5WBCh83dXEO4=,BwggE5e9Nqj/a/4KiPtY/GF0Qyo=
-81,-58,yDhIyBvGx139MbT5WBCh83dXEO4=,BwggE5e9Nqj/a/4KiPtY/GF0Qyo=
-81,-50,HVps2zCBE2KZ/BAcBJ5MiF/Xh8M=,BwggE5e9Nqj/a/4KiPtY/GF0Qyo=
-81,-51,HVps2zCBE2KZ/BAcBJ5MiF/Xh8M=,BwggE5e9Nqj/a/4KiPtY/GF0Qyo=
-92,-63,HVps2zCBE2KZ/BAcBJ5MiF/Xh8M=,FE1vbWA6jLTOsJh8C3c7ZRpVfFA=
-92,-64,HVps2zCBE2KZ/BAcBJ5MiF/Xh8M=,FE1vbWA6jLTOsJh8C3c7ZRpVfFA=
-93,-63,HVps2zCBE2KZ/BAcBJ5MiF/Xh8M=,BwggE5e9Nqj/a/4KiPtY/GF0Qyo=
-81,-57,va7gqEu0nzRIMejjvC3Ma0l5UqA=,BwggE5e9Nqj/a/4KiPtY/GF0Qyo=
-91,-63,va7gqEu0nzRIMejjvC3Ma0l5UqA=,FE1vbWA6jLTOsJh8C3c7ZRpVfFA=
-81,-53,va7gqEu0nzRIMejjvC3Ma0l5UqA=,BwggE5e9Nqj/a/4KiPtY/GF0Qyo=
-82,-54,va7gqEu0nzRIMejjvC3Ma0l5UqA=,BwggE5e9Nqj/a/4KiPtY/GF0Qyo=
-91,-64,va7gqEu0nzRIMejjvC3Ma0l5UqA=,FE1vbWA6jLTOsJh8C3c7ZRpVfFA=
-81,-52,va7gqEu0nzRIMejjvC3Ma0l5UqA=,BwggE5e9Nqj/a/4KiPtY/GF0Qyo=
-93,-64,va7gqEu0nzRIMejjvC3Ma0l5UqA=,BwggE5e9Nqj/a/4KiPtY/GF0Qyo=
-82,-57,va7gqEu0nzRIMejjvC3Ma0l5UqA=,BwggE5e9Nqj/a/4KiPtY/GF0Qyo=
-94,-64,xRt273uMp4MWThNg9Xk8JcEjwTU=,BwggE5e9Nqj/a/4KiPtY/GF0Qyo=
-94,-63,xRt273uMp4MWThNg9Xk8JcEjwTU=,BwggE5e9Nqj/a/4KiPtY/GF0Qyo=
-82,-55,xRt273uMp4MWThNg9Xk8JcEjwTU=,BwggE5e9Nqj/a/4KiPtY/GF0Qyo=
-81,-54,xRt273uMp4MWThNg9Xk8JcEjwTU=,BwggE5e9Nqj/a/4KiPtY/GF0Qyo=
-82,-56,MixcPLVwV18eReDZuvhTsF1sUto=,BwggE5e9Nqj/a/4KiPtY/GF0Qyo=
-84,-64,MixcPLVwV18eReDZuvhTsF1sUto=,BwggE5e9Nqj/a/4KiPtY/GF0Qyo=
-86,-63,MixcPLVwV18eReDZuvhTsF1sUto=,BwggE5e9Nqj/a/4KiPtY/GF0Qyo=
-85,-63,IAVcbN+Bv+xz7fo06v41OBdHpiA=,BwggE5e9Nqj/a/4KiPtY/GF0Qyo=
-84,-63,IAVcbN+Bv+xz7fo06v41OBdHpiA=,BwggE5e9Nqj/a/4KiPtY/GF0Qyo=
-86,-62,IAVcbN+Bv+xz7fo06v41OBdHpiA=,BwggE5e9Nqj/a/4KiPtY/GF0Qyo=
-85,-62,IAVcbN+Bv+xz7fo06v41OBdHpiA=,BwggE5e9Nqj/a/4KiPtY/GF0Qyo=
-86,-64,IAVcbN+Bv+xz7fo06v41OBdHpiA=,BwggE5e9Nqj/a/4KiPtY/GF0Qyo=
-84,-62,IAVcbN+Bv+xz7fo06v41OBdHpiA=,BwggE5e9Nqj/a/4KiPtY/GF0Qyo=
-85,-64,IAVcbN+Bv+xz7fo06v41OBdHpiA=,BwggE5e9Nqj/a/4KiPtY/GF0Qyo=
-81,-56,IAVcbN+Bv+xz7fo06v41OBdHpiA=,BwggE5e9Nqj/a/4KiPtY/GF0Qyo=
-81,-55,IAVcbN+Bv+xz7fo06v41OBdHpiA=,BwggE5e9Nqj/a/4KiPtY/GF0Qyo=
-90,-64,IAVcbN+Bv+xz7fo06v41OBdHpiA=,FE1vbWA6jLTOsJh8C3c7ZRpVfFA=
-89,-64,QRbfnUOocGkr11hgYVkvbtPmO1I=,FE1vbWA6jLTOsJh8C3c7ZRpVfFA=
-87,-64,QRbfnUOocGkr11hgYVkvbtPmO1I=,BwggE5e9Nqj/a/4KiPtY/GF0Qyo=
-90,-63,QRbfnUOocGkr11hgYVkvbtPmO1I=,FE1vbWA6jLTOsJh8C3c7ZRpVfFA=
-88,-63,QRbfnUOocGkr11hgYVkvbtPmO1I=,BwggE5e9Nqj/a/4KiPtY/GF0Qyo=
-89,-63,QRbfnUOocGkr11hgYVkvbtPmO1I=,FE1vbWA6jLTOsJh8C3c7ZRpVfFA=
-91,-49,QRbfnUOocGkr11hgYVkvbtPmO1I=,m0fcIBkhNz29J+drJDfaB4WpGsI=
-90,-49,QRbfnUOocGkr11hgYVkvbtPmO1I=,m0fcIBkhNz29J+drJDfaB4WpGsI=
-92,-51,QRbfnUOocGkr11hgYVkvbtPmO1I=,m0fcIBkhNz29J+drJDfaB4WpGsI=
-92,-50,QRbfnUOocGkr11hgYVkvbtPmO1I=,m0fcIBkhNz29J+drJDfaB4WpGsI=
-81,-49,QRbfnUOocGkr11hgYVkvbtPmO1I=,BwggE5e9Nqj/a/4KiPtY/GF0Qyo=
-92,-49,QRbfnUOocGkr11hgYVkvbtPmO1I=,m0fcIBkhNz29J+drJDfaB4WpGsI=
-82,-49,/eL1MciwB+/bYDy1EZGNXDYPIck=,BwggE5e9Nqj/a/4KiPtY/GF0Qyo=
-88,-64,/eL1MciwB+/bYDy1EZGNXDYPIck=,BwggE5e9Nqj/a/4KiPtY/GF0Qyo=
-81,-64,/eL1MciwB+/bYDy1EZGNXDYPIck=,BwggE5e9Nqj/a/4KiPtY/GF0Qyo=
-81,-63,/eL1MciwB+/bYDy1EZGNXDYPIck=,BwggE5e9Nqj/a/4KiPtY/GF0Qyo=
-87,-63,/eL1MciwB+/bYDy1EZGNXDYPIck=,BwggE5e9Nqj/a/4KiPtY/GF0Qyo=
-84,-59,/eL1MciwB+/bYDy1EZGNXDYPIck=,BwggE5e9Nqj/a/4KiPtY/GF0Qyo=
-85,-60,/eL1MciwB+/bYDy1EZGNXDYPIck=,BwggE5e9Nqj/a/4KiPtY/GF0Qyo=
-86,-61,aFJ01MBx+3qOf6W8p+OpKxz6W30=,BwggE5e9Nqj/a/4KiPtY/GF0Qyo=
-85,-61,aFJ01MBx+3qOf6W8p+OpKxz6W30=,BwggE5e9Nqj/a/4KiPtY/GF0Qyo=
-84,-60,aFJ01MBx+3qOf6W8p+OpKxz6W30=,BwggE5e9Nqj/a/4KiPtY/GF0Qyo=
-87,-61,aFJ01MBx+3qOf6W8p+OpKxz6W30=,BwggE5e9Nqj/a/4KiPtY/GF0Qyo=
-88,-61,aFJ01MBx+3qOf6W8p+OpKxz6W30=,BwggE5e9Nqj/a/4KiPtY/GF0Qyo=
-89,-60,aFJ01MBx+3qOf6W8p+OpKxz6W30=,BwggE5e9Nqj/a/4KiPtY/GF0Qyo=
-84,-58,aFJ01MBx+3qOf6W8p+OpKxz6W30=,BwggE5e9Nqj/a/4KiPtY/GF0Qyo=
-87,-62,aFJ01MBx+3qOf6W8p+OpKxz6W30=,BwggE5e9Nqj/a/4KiPtY/GF0Qyo=
-89,-59,aFJ01MBx+3qOf6W8p+OpKxz6W30=,BwggE5e9Nqj/a/4KiPtY/GF0Qyo=
-90,-55,aFJ01MBx+3qOf6W8p+OpKxz6W30=,m0fcIBkhNz29J+drJDfaB4WpGsI=
-84,-55,aFJ01MBx+3qOf6W8p+OpKxz6W30=,BwggE5e9Nqj/a/4KiPtY/GF0Qyo=
-87,-55,aFJ01MBx+3qOf6W8p+OpKxz6W30=,BwggE5e9Nqj/a/4KiPtY/GF0Qyo=
-89,-61,aFJ01MBx+3qOf6W8p+OpKxz6W30=,FE1vbWA6jLTOsJh8C3c7ZRpVfFA=
-89,-55,aFJ01MBx+3qOf6W8p+OpKxz6W30=,m0fcIBkhNz29J+drJDfaB4WpGsI=
-85,-57,nfuhfE1sE3lpshXaX+HIZjfK6L0=,BwggE5e9Nqj/a/4KiPtY/GF0Qyo=
-86,-56,nfuhfE1sE3lpshXaX+HIZjfK6L0=,BwggE5e9Nqj/a/4KiPtY/GF0Qyo=
-83,-58,nfuhfE1sE3lpshXaX+HIZjfK6L0=,BwggE5e9Nqj/a/4KiPtY/GF0Qyo=
-89,-57,nfuhfE1sE3lpshXaX+HIZjfK6L0=,BwggE5e9Nqj/a/4KiPtY/GF0Qyo=
-87,-56,nfuhfE1sE3lpshXaX+HIZjfK6L0=,BwggE5e9Nqj/a/4KiPtY/GF0Qyo=
-83,-55,nfuhfE1sE3lpshXaX+HIZjfK6L0=,BwggE5e9Nqj/a/4KiPtY/GF0Qyo=
-87,-59,nfuhfE1sE3lpshXaX+HIZjfK6L0=,BwggE5e9Nqj/a/4KiPtY/GF0Qyo=
-88,-56,nfuhfE1sE3lpshXaX+HIZjfK6L0=,BwggE5e9Nqj/a/4KiPtY/GF0Qyo=
-86,-60,nfuhfE1sE3lpshXaX+HIZjfK6L0=,BwggE5e9Nqj/a/4KiPtY/GF0Qyo=
-87,-60,nfuhfE1sE3lpshXaX+HIZjfK6L0=,BwggE5e9Nqj/a/4KiPtY/GF0Qyo=
-84,-61,nfuhfE1sE3lpshXaX+HIZjfK6L0=,BwggE5e9Nqj/a/4KiPtY/GF0Qyo=
-88,-60,nfuhfE1sE3lpshXaX+HIZjfK6L0=,BwggE5e9Nqj/a/4KiPtY/GF0Qyo=
-83,-57,nfuhfE1sE3lpshXaX+HIZjfK6L0=,BwggE5e9Nqj/a/4KiPtY/GF0Qyo=
-85,-59,nfuhfE1sE3lpshXaX+HIZjfK6L0=,BwggE5e9Nqj/a/4KiPtY/GF0Qyo=
-85,-56,nfuhfE1sE3lpshXaX+HIZjfK6L0=,BwggE5e9Nqj/a/4KiPtY/GF0Qyo=
-88,-55,nfuhfE1sE3lpshXaX+HIZjfK6L0=,BwggE5e9Nqj/a/4KiPtY/GF0Qyo=
-88,-59,nfuhfE1sE3lpshXaX+HIZjfK6L0=,BwggE5e9Nqj/a/4KiPtY/GF0Qyo=
-84,-57,nfuhfE1sE3lpshXaX+HIZjfK6L0=,BwggE5e9Nqj/a/4KiPtY/GF0Qyo=
-88,-62,nfuhfE1sE3lpshXaX+HIZjfK6L0=,BwggE5e9Nqj/a/4KiPtY/GF0Qyo=
-84,-56,nfuhfE1sE3lpshXaX+HIZjfK6L0=,BwggE5e9Nqj/a/4KiPtY/GF0Qyo=
-86,-59,nfuhfE1sE3lpshXaX+HIZjfK6L0=,BwggE5e9Nqj/a/4KiPtY/GF0Qyo=
-83,-56,nfuhfE1sE3lpshXaX+HIZjfK6L0=,BwggE5e9Nqj/a/4KiPtY/GF0Qyo=
-90,-61,nfuhfE1sE3lpshXaX+HIZjfK6L0=,FE1vbWA6jLTOsJh8C3c7ZRpVfFA=
-88,-58,nfuhfE1sE3lpshXaX+HIZjfK6L0=,BwggE5e9Nqj/a/4KiPtY/GF0Qyo=
-90,-62,nfuhfE1sE3lpshXaX+HIZjfK6L0=,FE1vbWA6jLTOsJh8C3c7ZRpVfFA=
-89,-56,nfuhfE1sE3lpshXaX+HIZjfK6L0=,m0fcIBkhNz29J+drJDfaB4WpGsI=
-87,-58,nfuhfE1sE3lpshXaX+HIZjfK6L0=,BwggE5e9Nqj/a/4KiPtY/GF0Qyo=
-89,-62,nfuhfE1sE3lpshXaX+HIZjfK6L0=,FE1vbWA6jLTOsJh8C3c7ZRpVfFA=
-87,-57,nfuhfE1sE3lpshXaX+HIZjfK6L0=,BwggE5e9Nqj/a/4KiPtY/GF0Qyo=
-89,-58,nfuhfE1sE3lpshXaX+HIZjfK6L0=,BwggE5e9Nqj/a/4KiPtY/GF0Qyo=
-86,-57,nfuhfE1sE3lpshXaX+HIZjfK6L0=,BwggE5e9Nqj/a/4KiPtY/GF0Qyo=
-88,-57,nfuhfE1sE3lpshXaX+HIZjfK6L0=,BwggE5e9Nqj/a/4KiPtY/GF0Qyo=
-85,-58,nfuhfE1sE3lpshXaX+HIZjfK6L0=,BwggE5e9Nqj/a/4KiPtY/GF0Qyo=
-90,-60,nfuhfE1sE3lpshXaX+HIZjfK6L0=,BwggE5e9Nqj/a/4KiPtY/GF0Qyo=
-86,-58,nfuhfE1sE3lpshXaX+HIZjfK6L0=,BwggE5e9Nqj/a/4KiPtY/GF0Qyo=
-90,-59,nfuhfE1sE3lpshXaX+HIZjfK6L0=,BwggE5e9Nqj/a/4KiPtY/GF0Qyo=
-83,-49,nfuhfE1sE3lpshXaX+HIZjfK6L0=,BwggE5e9Nqj/a/4KiPtY/GF0Qyo=
-89,-50,nfuhfE1sE3lpshXaX+HIZjfK6L0=,m0fcIBkhNz29J+drJDfaB4WpGsI=
-84,-49,nfuhfE1sE3lpshXaX+HIZjfK6L0=,BwggE5e9Nqj/a/4KiPtY/GF0Qyo=
-90,-56,nfuhfE1sE3lpshXaX+HIZjfK6L0=,m0fcIBkhNz29J+drJDfaB4WpGsI=
-93,-53,nfuhfE1sE3lpshXaX+HIZjfK6L0=,qOKvmF8Y9UVmEXzxPKd3186cIsA=
-93,-54,nfuhfE1sE3lpshXaX+HIZjfK6L0=,qOKvmF8Y9UVmEXzxPKd3186cIsA=
-94,-53,nfuhfE1sE3lpshXaX+HIZjfK6L0=,qOKvmF8Y9UVmEXzxPKd3186cIsA=
-92,-55,nfuhfE1sE3lpshXaX+HIZjfK6L0=,m0fcIBkhNz29J+drJDfaB4WpGsI=
-92,-52,nfuhfE1sE3lpshXaX+HIZjfK6L0=,m0fcIBkhNz29J+drJDfaB4WpGsI=
-94,-56,nfuhfE1sE3lpshXaX+HIZjfK6L0=,qOKvmF8Y9UVmEXzxPKd3186cIsA=
-92,-54,nfuhfE1sE3lpshXaX+HIZjfK6L0=,m0fcIBkhNz29J+drJDfaB4WpGsI=
-94,-54,nfuhfE1sE3lpshXaX+HIZjfK6L0=,qOKvmF8Y9UVmEXzxPKd3186cIsA=
-92,-53,nfuhfE1sE3lpshXaX+HIZjfK6L0=,m0fcIBkhNz29J+drJDfaB4WpGsI=
-92,-56,nfuhfE1sE3lpshXaX+HIZjfK6L0=,m0fcIBkhNz29J+drJDfaB4WpGsI=
-90,-57,nfuhfE1sE3lpshXaX+HIZjfK6L0=,BwggE5e9Nqj/a/4KiPtY/GF0Qyo=
-89,-49,nfuhfE1sE3lpshXaX+HIZjfK6L0=,m0fcIBkhNz29J+drJDfaB4WpGsI=
-90,-58,nfuhfE1sE3lpshXaX+HIZjfK6L0=,BwggE5e9Nqj/a/4KiPtY/GF0Qyo=
-93,-57,nfuhfE1sE3lpshXaX+HIZjfK6L0=,kmxKzMZq1bZSKZF+mEkvXLo0FyM=
-88,-50,nfuhfE1sE3lpshXaX+HIZjfK6L0=,m0fcIBkhNz29J+drJDfaB4WpGsI=
-85,-49,nfuhfE1sE3lpshXaX+HIZjfK6L0=,m0fcIBkhNz29J+drJDfaB4WpGsI=
-84,-50,nfuhfE1sE3lpshXaX+HIZjfK6L0=,BwggE5e9Nqj/a/4KiPtY/GF0Qyo=
-86,-49,nfuhfE1sE3lpshXaX+HIZjfK6L0=,m0fcIBkhNz29J+drJDfaB4WpGsI=
-87,-50,nfuhfE1sE3lpshXaX+HIZjfK6L0=,m0fcIBkhNz29J+drJDfaB4WpGsI=
-91,-56,nfuhfE1sE3lpshXaX+HIZjfK6L0=,m0fcIBkhNz29J+drJDfaB4WpGsI=
-85,-50,nfuhfE1sE3lpshXaX+HIZjfK6L0=,m0fcIBkhNz29J+drJDfaB4WpGsI=
-93,-56,nfuhfE1sE3lpshXaX+HIZjfK6L0=,qOKvmF8Y9UVmEXzxPKd3186cIsA=
-94,-55,nfuhfE1sE3lpshXaX+HIZjfK6L0=,qOKvmF8Y9UVmEXzxPKd3186cIsA=
-91,-53,nfuhfE1sE3lpshXaX+HIZjfK6L0=,m0fcIBkhNz29J+drJDfaB4WpGsI=
-93,-55,nfuhfE1sE3lpshXaX+HIZjfK6L0=,qOKvmF8Y9UVmEXzxPKd3186cIsA=
-92,-57,nfuhfE1sE3lpshXaX+HIZjfK6L0=,BwggE5e9Nqj/a/4KiPtY/GF0Qyo=
-86,-50,nfuhfE1sE3lpshXaX+HIZjfK6L0=,m0fcIBkhNz29J+drJDfaB4WpGsI=
-92,-58,nfuhfE1sE3lpshXaX+HIZjfK6L0=,BwggE5e9Nqj/a/4KiPtY/GF0Qyo=
-94,-57,nfuhfE1sE3lpshXaX+HIZjfK6L0=,kmxKzMZq1bZSKZF+mEkvXLo0FyM=
-91,-55,nfuhfE1sE3lpshXaX+HIZjfK6L0=,m0fcIBkhNz29J+drJDfaB4WpGsI=
-91,-54,nfuhfE1sE3lpshXaX+HIZjfK6L0=,m0fcIBkhNz29J+drJDfaB4WpGsI=
-93,-58,nfuhfE1sE3lpshXaX+HIZjfK6L0=,kmxKzMZq1bZSKZF+mEkvXLo0FyM=
-94,-58,nfuhfE1sE3lpshXaX+HIZjfK6L0=,kmxKzMZq1bZSKZF+mEkvXLo0FyM=
-88,-49,nfuhfE1sE3lpshXaX+HIZjfK6L0=,m0fcIBkhNz29J+drJDfaB4WpGsI=
-87,-49,nfuhfE1sE3lpshXaX+HIZjfK6L0=,m0fcIBkhNz29J+drJDfaB4WpGsI=
-91,-58,nfuhfE1sE3lpshXaX+HIZjfK6L0=,BwggE5e9Nqj/a/4KiPtY/GF0Qyo=
-91,-57,nfuhfE1sE3lpshXaX+HIZjfK6L0=,BwggE5e9Nqj/a/4KiPtY/GF0Qyo=
-86,-42,/mFLzSoLHZSbTD2HaqQst5ckwPo=,qOKvmF8Y9UVmEXzxPKd3186cIsA=
-87,-42,/mFLzSoLHZSbTD2HaqQst5ckwPo=,qOKvmF8Y9UVmEXzxPKd3186cIsA=
-87,-43,/mFLzSoLHZSbTD2HaqQst5ckwPo=,qOKvmF8Y9UVmEXzxPKd3186cIsA=
-86,-43,/mFLzSoLHZSbTD2HaqQst5ckwPo=,qOKvmF8Y9UVmEXzxPKd3186cIsA=
-90,-46,/mFLzSoLHZSbTD2HaqQst5ckwPo=,m0fcIBkhNz29J+drJDfaB4WpGsI=
-91,-46,+CttxT7ymk1Ftsq2KWcVV2Lcetg=,m0fcIBkhNz29J+drJDfaB4WpGsI=
-91,-47,+CttxT7ymk1Ftsq2KWcVV2Lcetg=,m0fcIBkhNz29J+drJDfaB4WpGsI=
-90,-47,+CttxT7ymk1Ftsq2KWcVV2Lcetg=,m0fcIBkhNz29J+drJDfaB4WpGsI=
-87,-45,+CttxT7ymk1Ftsq2KWcVV2Lcetg=,m0fcIBkhNz29J+drJDfaB4WpGsI=
-86,-45,+CttxT7ymk1Ftsq2KWcVV2Lcetg=,m0fcIBkhNz29J+drJDfaB4WpGsI=
-88,-46,+CttxT7ymk1Ftsq2KWcVV2Lcetg=,m0fcIBkhNz29J+drJDfaB4WpGsI=
-86,-44,+CttxT7ymk1Ftsq2KWcVV2Lcetg=,qOKvmF8Y9UVmEXzxPKd3186cIsA=
-89,-47,+CttxT7ymk1Ftsq2KWcVV2Lcetg=,m0fcIBkhNz29J+drJDfaB4WpGsI=
-87,-46,+CttxT7ymk1Ftsq2KWcVV2Lcetg=,m0fcIBkhNz29J+drJDfaB4WpGsI=
-86,-46,+CttxT7ymk1Ftsq2KWcVV2Lcetg=,m0fcIBkhNz29J+drJDfaB4WpGsI=
-89,-46,e8G6JAiMulFkHWMbSo8nvoqkHG0=,m0fcIBkhNz29J+drJDfaB4WpGsI=
-88,-47,e8G6JAiMulFkHWMbSo8nvoqkHG0=,m0fcIBkhNz29J+drJDfaB4WpGsI=
-87,-47,e8G6JAiMulFkHWMbSo8nvoqkHG0=,m0fcIBkhNz29J+drJDfaB4WpGsI=
-87,-44,e8G6JAiMulFkHWMbSo8nvoqkHG0=,qOKvmF8Y9UVmEXzxPKd3186cIsA=
-83,-35,e8G6JAiMulFkHWMbSo8nvoqkHG0=,qOKvmF8Y9UVmEXzxPKd3186cIsA=
-82,-35,e8G6JAiMulFkHWMbSo8nvoqkHG0=,qOKvmF8Y9UVmEXzxPKd3186cIsA=
-83,-34,e8G6JAiMulFkHWMbSo8nvoqkHG0=,qOKvmF8Y9UVmEXzxPKd3186cIsA=
-82,-34,e8G6JAiMulFkHWMbSo8nvoqkHG0=,qOKvmF8Y9UVmEXzxPKd3186cIsA=
-87,-41,e8G6JAiMulFkHWMbSo8nvoqkHG0=,qOKvmF8Y9UVmEXzxPKd3186cIsA=
-86,-41,e8G6JAiMulFkHWMbSo8nvoqkHG0=,qOKvmF8Y9UVmEXzxPKd3186cIsA=
-81,-47,Pt1k0sBpMbiZA95qFSYJbACIxo0=,qOKvmF8Y9UVmEXzxPKd3186cIsA=
-81,-46,Pt1k0sBpMbiZA95qFSYJbACIxo0=,qOKvmF8Y9UVmEXzxPKd3186cIsA=
-84,-35,Pt1k0sBpMbiZA95qFSYJbACIxo0=,qOKvmF8Y9UVmEXzxPKd3186cIsA=
-84,-34,Pt1k0sBpMbiZA95qFSYJbACIxo0=,qOKvmF8Y9UVmEXzxPKd3186cIsA=
-84,-36,Pt1k0sBpMbiZA95qFSYJbACIxo0=,qOKvmF8Y9UVmEXzxPKd3186cIsA=
-83,-36,Pt1k0sBpMbiZA95qFSYJbACIxo0=,qOKvmF8Y9UVmEXzxPKd3186cIsA=
-84,-38,KwdKZYrXOGPP+JbQQXtxWQSvLp4=,qOKvmF8Y9UVmEXzxPKd3186cIsA=
-83,-38,KwdKZYrXOGPP+JbQQXtxWQSvLp4=,qOKvmF8Y9UVmEXzxPKd3186cIsA=
-84,-37,KwdKZYrXOGPP+JbQQXtxWQSvLp4=,qOKvmF8Y9UVmEXzxPKd3186cIsA=
-84,-39,KwdKZYrXOGPP+JbQQXtxWQSvLp4=,qOKvmF8Y9UVmEXzxPKd3186cIsA=
-83,-39,KwdKZYrXOGPP+JbQQXtxWQSvLp4=,qOKvmF8Y9UVmEXzxPKd3186cIsA=
-83,-37,KwdKZYrXOGPP+JbQQXtxWQSvLp4=,qOKvmF8Y9UVmEXzxPKd3186cIsA=
-83,-33,KwdKZYrXOGPP+JbQQXtxWQSvLp4=,qOKvmF8Y9UVmEXzxPKd3186cIsA=
-82,-33,KwdKZYrXOGPP+JbQQXtxWQSvLp4=,qOKvmF8Y9UVmEXzxPKd3186cIsA=
-88,-45,KwdKZYrXOGPP+JbQQXtxWQSvLp4=,m0fcIBkhNz29J+drJDfaB4WpGsI=
-90,-45,KwdKZYrXOGPP+JbQQXtxWQSvLp4=,m0fcIBkhNz29J+drJDfaB4WpGsI=
-89,-45,KwdKZYrXOGPP+JbQQXtxWQSvLp4=,m0fcIBkhNz29J+drJDfaB4WpGsI=
-88,-42,KwdKZYrXOGPP+JbQQXtxWQSvLp4=,qOKvmF8Y9UVmEXzxPKd3186cIsA=
-88,-44,KwdKZYrXOGPP+JbQQXtxWQSvLp4=,qOKvmF8Y9UVmEXzxPKd3186cIsA=
-88,-43,KwdKZYrXOGPP+JbQQXtxWQSvLp4=,qOKvmF8Y9UVmEXzxPKd3186cIsA=
-91,-45,KwdKZYrXOGPP+JbQQXtxWQSvLp4=,m0fcIBkhNz29J+drJDfaB4WpGsI=
-92,-47,KwdKZYrXOGPP+JbQQXtxWQSvLp4=,m0fcIBkhNz29J+drJDfaB4WpGsI=
-92,-46,KwdKZYrXOGPP+JbQQXtxWQSvLp4=,m0fcIBkhNz29J+drJDfaB4WpGsI=
-81,-35,KwdKZYrXOGPP+JbQQXtxWQSvLp4=,qOKvmF8Y9UVmEXzxPKd3186cIsA=
-81,-33,KwdKZYrXOGPP+JbQQXtxWQSvLp4=,qOKvmF8Y9UVmEXzxPKd3186cIsA=
-81,-34,KwdKZYrXOGPP+JbQQXtxWQSvLp4=,qOKvmF8Y9UVmEXzxPKd3186cIsA=
-82,-36,KwdKZYrXOGPP+JbQQXtxWQSvLp4=,qOKvmF8Y9UVmEXzxPKd3186cIsA=
-82,-37,KwdKZYrXOGPP+JbQQXtxWQSvLp4=,qOKvmF8Y9UVmEXzxPKd3186cIsA=
-81,-36,KwdKZYrXOGPP+JbQQXtxWQSvLp4=,qOKvmF8Y9UVmEXzxPKd3186cIsA=
-82,-38,KwdKZYrXOGPP+JbQQXtxWQSvLp4=,qOKvmF8Y9UVmEXzxPKd3186cIsA=
-91,-48,pzWe2Lm9hy18Di/iJ8vCei83UCs=,m0fcIBkhNz29J+drJDfaB4WpGsI=
-90,-48,pzWe2Lm9hy18Di/iJ8vCei83UCs=,m0fcIBkhNz29J+drJDfaB4WpGsI=
-92,-45,pzWe2Lm9hy18Di/iJ8vCei83UCs=,m0fcIBkhNz29J+drJDfaB4WpGsI=
-84,-33,pzWe2Lm9hy18Di/iJ8vCei83UCs=,qOKvmF8Y9UVmEXzxPKd3186cIsA=
-92,-48,pzWe2Lm9hy18Di/iJ8vCei83UCs=,m0fcIBkhNz29J+drJDfaB4WpGsI=
-88,-41,pzWe2Lm9hy18Di/iJ8vCei83UCs=,qOKvmF8Y9UVmEXzxPKd3186cIsA=
-81,-48,pzWe2Lm9hy18Di/iJ8vCei83UCs=,qOKvmF8Y9UVmEXzxPKd3186cIsA=
-85,-42,pzWe2Lm9hy18Di/iJ8vCei83UCs=,qOKvmF8Y9UVmEXzxPKd3186cIsA=
-88,-48,pzWe2Lm9hy18Di/iJ8vCei83UCs=,m0fcIBkhNz29J+drJDfaB4WpGsI=
-89,-48,pzWe2Lm9hy18Di/iJ8vCei83UCs=,m0fcIBkhNz29J+drJDfaB4WpGsI=
-85,-45,pzWe2Lm9hy18Di/iJ8vCei83UCs=,m0fcIBkhNz29J+drJDfaB4WpGsI=
-84,-40,pzWe2Lm9hy18Di/iJ8vCei83UCs=,qOKvmF8Y9UVmEXzxPKd3186cIsA=
-81,-37,pzWe2Lm9hy18Di/iJ8vCei83UCs=,qOKvmF8Y9UVmEXzxPKd3186cIsA=
-81,-38,pzWe2Lm9hy18Di/iJ8vCei83UCs=,qOKvmF8Y9UVmEXzxPKd3186cIsA=
-83,-40,pzWe2Lm9hy18Di/iJ8vCei83UCs=,qOKvmF8Y9UVmEXzxPKd3186cIsA=
-84,-47,pzWe2Lm9hy18Di/iJ8vCei83UCs=,qOKvmF8Y9UVmEXzxPKd3186cIsA=
-85,-44,pzWe2Lm9hy18Di/iJ8vCei83UCs=,qOKvmF8Y9UVmEXzxPKd3186cIsA=
-85,-43,pzWe2Lm9hy18Di/iJ8vCei83UCs=,qOKvmF8Y9UVmEXzxPKd3186cIsA=
-84,-48,pzWe2Lm9hy18Di/iJ8vCei83UCs=,qOKvmF8Y9UVmEXzxPKd3186cIsA=
-85,-47,pzWe2Lm9hy18Di/iJ8vCei83UCs=,m0fcIBkhNz29J+drJDfaB4WpGsI=
-82,-47,pzWe2Lm9hy18Di/iJ8vCei83UCs=,qOKvmF8Y9UVmEXzxPKd3186cIsA=
-87,-48,pzWe2Lm9hy18Di/iJ8vCei83UCs=,m0fcIBkhNz29J+drJDfaB4WpGsI=
-82,-48,pzWe2Lm9hy18Di/iJ8vCei83UCs=,qOKvmF8Y9UVmEXzxPKd3186cIsA=
-85,-48,pzWe2Lm9hy18Di/iJ8vCei83UCs=,m0fcIBkhNz29J+drJDfaB4WpGsI=
-81,-40,pzWe2Lm9hy18Di/iJ8vCei83UCs=,qOKvmF8Y9UVmEXzxPKd3186cIsA=
-81,-39,pzWe2Lm9hy18Di/iJ8vCei83UCs=,qOKvmF8Y9UVmEXzxPKd3186cIsA=
-84,-46,pzWe2Lm9hy18Di/iJ8vCei83UCs=,qOKvmF8Y9UVmEXzxPKd3186cIsA=
-83,-48,pzWe2Lm9hy18Di/iJ8vCei83UCs=,qOKvmF8Y9UVmEXzxPKd3186cIsA=
-83,-47,pzWe2Lm9hy18Di/iJ8vCei83UCs=,qOKvmF8Y9UVmEXzxPKd3186cIsA=
-82,-40,pzWe2Lm9hy18Di/iJ8vCei83UCs=,qOKvmF8Y9UVmEXzxPKd3186cIsA=
-86,-47,pzWe2Lm9hy18Di/iJ8vCei83UCs=,m0fcIBkhNz29J+drJDfaB4WpGsI=
-85,-46,pzWe2Lm9hy18Di/iJ8vCei83UCs=,m0fcIBkhNz29J+drJDfaB4WpGsI=
-81,-44,pzWe2Lm9hy18Di/iJ8vCei83UCs=,qOKvmF8Y9UVmEXzxPKd3186cIsA=
-86,-48,pzWe2Lm9hy18Di/iJ8vCei83UCs=,m0fcIBkhNz29J+drJDfaB4WpGsI=
-81,-45,pzWe2Lm9hy18Di/iJ8vCei83UCs=,qOKvmF8Y9UVmEXzxPKd3186cIsA=
-83,-42,pzWe2Lm9hy18Di/iJ8vCei83UCs=,qOKvmF8Y9UVmEXzxPKd3186cIsA=
-84,-42,pzWe2Lm9hy18Di/iJ8vCei83UCs=,qOKvmF8Y9UVmEXzxPKd3186cIsA=
-82,-39,pzWe2Lm9hy18Di/iJ8vCei83UCs=,qOKvmF8Y9UVmEXzxPKd3186cIsA=
-83,-46,pzWe2Lm9hy18Di/iJ8vCei83UCs=,qOKvmF8Y9UVmEXzxPKd3186cIsA=
-82,-42,pzWe2Lm9hy18Di/iJ8vCei83UCs=,qOKvmF8Y9UVmEXzxPKd3186cIsA=
-83,-45,pzWe2Lm9hy18Di/iJ8vCei83UCs=,qOKvmF8Y9UVmEXzxPKd3186cIsA=
-85,-41,pzWe2Lm9hy18Di/iJ8vCei83UCs=,qOKvmF8Y9UVmEXzxPKd3186cIsA=
-84,-44,pzWe2Lm9hy18Di/iJ8vCei83UCs=,qOKvmF8Y9UVmEXzxPKd3186cIsA=
-84,-41,pzWe2Lm9hy18Di/iJ8vCei83UCs=,qOKvmF8Y9UVmEXzxPKd3186cIsA=
-83,-44,pzWe2Lm9hy18Di/iJ8vCei83UCs=,qOKvmF8Y9UVmEXzxPKd3186cIsA=
-82,-46,pzWe2Lm9hy18Di/iJ8vCei83UCs=,qOKvmF8Y9UVmEXzxPKd3186cIsA=
-82,-41,pzWe2Lm9hy18Di/iJ8vCei83UCs=,qOKvmF8Y9UVmEXzxPKd3186cIsA=
-83,-43,pzWe2Lm9hy18Di/iJ8vCei83UCs=,qOKvmF8Y9UVmEXzxPKd3186cIsA=
-82,-43,pzWe2Lm9hy18Di/iJ8vCei83UCs=,qOKvmF8Y9UVmEXzxPKd3186cIsA=
-84,-45,pzWe2Lm9hy18Di/iJ8vCei83UCs=,qOKvmF8Y9UVmEXzxPKd3186cIsA=
-82,-44,pzWe2Lm9hy18Di/iJ8vCei83UCs=,qOKvmF8Y9UVmEXzxPKd3186cIsA=
-81,-42,pzWe2Lm9hy18Di/iJ8vCei83UCs=,qOKvmF8Y9UVmEXzxPKd3186cIsA=
-83,-41,pzWe2Lm9hy18Di/iJ8vCei83UCs=,qOKvmF8Y9UVmEXzxPKd3186cIsA=
-81,-43,pzWe2Lm9hy18Di/iJ8vCei83UCs=,qOKvmF8Y9UVmEXzxPKd3186cIsA=
-84,-43,pzWe2Lm9hy18Di/iJ8vCei83UCs=,qOKvmF8Y9UVmEXzxPKd3186cIsA=
-81,-41,pzWe2Lm9hy18Di/iJ8vCei83UCs=,qOKvmF8Y9UVmEXzxPKd3186cIsA=
-82,-45,pzWe2Lm9hy18Di/iJ8vCei83UCs=,qOKvmF8Y9UVmEXzxPKd3186cIsA=
