13,42,twTBGvoxq2X85pXmARes1ZG+mrY=,ovD3L+6O7ZIEGzM/Q4YZLVJ5kds=
12,42,twTBGvoxq2X85pXmARes1ZG+mrY=,ovD3L+6O7ZIEGzM/Q4YZLVJ5kds=
10,44,BonwFeRvAnif3LcKkT3VxN3yl0Q=,zo4WBT5YA3XhTwbnntjQGvC0klY=
13,44,BonwFeRvAnif3LcKkT3VxN3yl0Q=,S4qNeQRt9yxKrB9u2q5k+mG9arM=
10,43,BonwFeRvAnif3LcKkT3VxN3yl0Q=,DdEG997eDnRaRe1hAINL5gz8Yec=
10,42,BonwFeRvAnif3LcKkT3VxN3yl0Q=,DdEG997eDnRaRe1hAINL5gz8Yec=
11,42,16rVhFO7oDviZh68zAvIhJLJKCE=,DdEG997eDnRaRe1hAINL5gz8Yec=
12,43,16rVhFO7oDviZh68zAvIhJLJKCE=,ovD3L+6O7ZIEGzM/Q4YZLVJ5kds=
10,45,16rVhFO7oDviZh68zAvIhJLJKCE=,zo4WBT5YA3XhTwbnntjQGvC0klY=
13,43,16rVhFO7oDviZh68zAvIhJLJKCE=,ovD3L+6O7ZIEGzM/Q4YZLVJ5kds=
11,43,16rVhFO7oDviZh68zAvIhJLJKCE=,DdEG997eDnRaRe1hAINL5gz8Yec=
12,45,16rVhFO7oDviZh68zAvIhJLJKCE=,S4qNeQRt9yxKrB9u2q5k+mG9arM=
13,45,16rVhFO7oDviZh68zAvIhJLJKCE=,S4qNeQRt9yxKrB9u2q5k+mG9arM=
11,45,16rVhFO7oDviZh68zAvIhJLJKCE=,zo4WBT5YA3XhTwbnntjQGvC0klY=
12,44,qqRNrEzyXwOz2YmOFFfBnFiQ7bE=,S4qNeQRt9yxKrB9u2q5k+mG9arM=
11,44,qqRNrEzyXwOz2YmOFFfBnFiQ7bE=,zo4WBT5YA3XhTwbnntjQGvC0klY=
8,44,UYAj2WURHjY/sqCNibWggBpphxA=,zo4WBT5YA3XhTwbnntjQGvC0klY=
9,42,UYAj2WURHjY/sqCNibWggBpphxA=,DdEG997eDnRaRe1hAINL5gz8Yec=
6,44,UYAj2WURHjY/sqCNibWggBpphxA=,zo4WBT5YA3XhTwbnntjQGvC0klY=
7,42,UYAj2WURHjY/sqCNibWggBpphxA=,Y+k6PIT/YWhpFU8eD8KePm3te7E=
7,43,UYAj2WURHjY/sqCNibWggBpphxA=,Y+k6PIT/YWhpFU8eD8KePm3te7E=
6,43,cI81NSXxuNz3iQIT4nEMRDT0zmI=,Y+k6PIT/YWhpFU8eD8KePm3te7E=
6,42,cI81NSXxuNz3iQIT4nEMRDT0zmI=,Y+k6PIT/YWhpFU8eD8KePm3te7E=
7,44,cI81NSXxuNz3iQIT4nEMRDT0zmI=,zo4WBT5YA3XhTwbnntjQGvC0klY=
9,45,cI81NSXxuNz3iQIT4nEMRDT0zmI=,zo4WBT5YA3XhTwbnntjQGvC0klY=
9,44,cI81NSXxuNz3iQIT4nEMRDT0zmI=,zo4WBT5YA3XhTwbnntjQGvC0klY=
6,45,cI81NSXxuNz3iQIT4nEMRDT0zmI=,zo4WBT5YA3XhTwbnntjQGvC0klY=
8,45,cI81NSXxuNz3iQIT4nEMRDT0zmI=,zo4WBT5YA3XhTwbnntjQGvC0klY=
9,43,cI81NSXxuNz3iQIT4nEMRDT0zmI=,DdEG997eDnRaRe1hAINL5gz8Yec=
7,45,eYNJ4ApSN7UT4aa8Io62FyKQkkM=,zo4WBT5YA3XhTwbnntjQGvC0klY=
8,42,eYNJ4ApSN7UT4aa8Io62FyKQkkM=,DdEG997eDnRaRe1hAINL5gz8Yec=
8,43,eYNJ4ApSN7UT4aa8Io62FyKQkkM=,DdEG997eDnRaRe1hAINL5gz8Yec=
4,44,/A5I2cLrVyoQ6abTCZDMdQBzuT8=,zo4WBT5YA3XhTwbnntjQGvC0klY=
2,44,/A5I2cLrVyoQ6abTCZDMdQBzuT8=,bEnaOpnLEzXoSBpiuFYr1NsWdiU=
5,45,/A5I2cLrVyoQ6abTCZDMdQBzuT8=,zo4WBT5YA3XhTwbnntjQGvC0klY=
3,45,/A5I2cLrVyoQ6abTCZDMdQBzuT8=,bEnaOpnLEzXoSBpiuFYr1NsWdiU=
4,43,/A5I2cLrVyoQ6abTCZDMdQBzuT8=,Y+k6PIT/YWhpFU8eD8KePm3te7E=
2,43,/A5I2cLrVyoQ6abTCZDMdQBzuT8=,Y+k6PIT/YWhpFU8eD8KePm3te7E=
3,43,/A5I2cLrVyoQ6abTCZDMdQBzuT8=,Y+k6PIT/YWhpFU8eD8KePm3te7E=
5,43,/Dc+WXYvWcPPFnlgG/GUZluDsCU=,Y+k6PIT/YWhpFU8eD8KePm3te7E=
2,42,/Dc+WXYvWcPPFnlgG/GUZluDsCU=,Y+k6PIT/YWhpFU8eD8KePm3te7E=
5,44,/Dc+WXYvWcPPFnlgG/GUZluDsCU=,zo4WBT5YA3XhTwbnntjQGvC0klY=
4,45,/Dc+WXYvWcPPFnlgG/GUZluDsCU=,zo4WBT5YA3XhTwbnntjQGvC0klY=
3,42,/Dc+WXYvWcPPFnlgG/GUZluDsCU=,Y+k6PIT/YWhpFU8eD8KePm3te7E=
2,45,3urkbEnOxB9z1id93y9wdPSDSnQ=,bEnaOpnLEzXoSBpiuFYr1NsWdiU=
4,42,3urkbEnOxB9z1id93y9wdPSDSnQ=,Y+k6PIT/YWhpFU8eD8KePm3te7E=
3,44,3urkbEnOxB9z1id93y9wdPSDSnQ=,bEnaOpnLEzXoSBpiuFYr1NsWdiU=
5,42,3urkbEnOxB9z1id93y9wdPSDSnQ=,Y+k6PIT/YWhpFU8eD8KePm3te7E=
4,35,woyopYR4tc+irkVZI7Z1p598e/k=,TjS/BSDcD7RAzi6O5ddu1HqzImU=
4,39,woyopYR4tc+irkVZI7Z1p598e/k=,dLRZf/Vn63A+g7sPTCvHXGY4AcU=
3,38,dIQ9Jc5aFtAHoKzoLLjNv8b8IYQ=,YN+WEWJMEKLm8GXA8d95NAdmXlM=
5,34,dIQ9Jc5aFtAHoKzoLLjNv8b8IYQ=,TjS/BSDcD7RAzi6O5ddu1HqzImU=
5,41,dIQ9Jc5aFtAHoKzoLLjNv8b8IYQ=,Y+k6PIT/YWhpFU8eD8KePm3te7E=
4,41,dIQ9Jc5aFtAHoKzoLLjNv8b8IYQ=,Y+k6PIT/YWhpFU8eD8KePm3te7E=
2,41,dIQ9Jc5aFtAHoKzoLLjNv8b8IYQ=,Y+k6PIT/YWhpFU8eD8KePm3te7E=
3,35,dIQ9Jc5aFtAHoKzoLLjNv8b8IYQ=,Qdo02Fq7uAq0nqkH/S8nwdOdhrQ=
5,40,dIQ9Jc5aFtAHoKzoLLjNv8b8IYQ=,Y+k6PIT/YWhpFU8eD8KePm3te7E=
3,41,501lCP4w7HgYLEW+EQeSuE9Vndw=,Y+k6PIT/YWhpFU8eD8KePm3te7E=
5,37,501lCP4w7HgYLEW+EQeSuE9Vndw=,dLRZf/Vn63A+g7sPTCvHXGY4AcU=
3,36,19JkMeybMeFzK4RIF34XoXy4Ea0=,YN+WEWJMEKLm8GXA8d95NAdmXlM=
3,40,19JkMeybMeFzK4RIF34XoXy4Ea0=,Y+k6PIT/YWhpFU8eD8KePm3te7E=
5,36,19JkMeybMeFzK4RIF34XoXy4Ea0=,dLRZf/Vn63A+g7sPTCvHXGY4AcU=
4,38,19JkMeybMeFzK4RIF34XoXy4Ea0=,dLRZf/Vn63A+g7sPTCvHXGY4AcU=
2,35,OPvAeECmkSoTrXqKQBKMYRiHxAI=,Qdo02Fq7uAq0nqkH/S8nwdOdhrQ=
4,40,OPvAeECmkSoTrXqKQBKMYRiHxAI=,Y+k6PIT/YWhpFU8eD8KePm3te7E=
2,34,OPvAeECmkSoTrXqKQBKMYRiHxAI=,Qdo02Fq7uAq0nqkH/S8nwdOdhrQ=
4,36,OPvAeECmkSoTrXqKQBKMYRiHxAI=,dLRZf/Vn63A+g7sPTCvHXGY4AcU=
2,38,OPvAeECmkSoTrXqKQBKMYRiHxAI=,YN+WEWJMEKLm8GXA8d95NAdmXlM=
2,36,OPvAeECmkSoTrXqKQBKMYRiHxAI=,YN+WEWJMEKLm8GXA8d95NAdmXlM=
3,37,OPvAeECmkSoTrXqKQBKMYRiHxAI=,YN+WEWJMEKLm8GXA8d95NAdmXlM=
5,35,OPvAeECmkSoTrXqKQBKMYRiHxAI=,TjS/BSDcD7RAzi6O5ddu1HqzImU=
2,37,OPvAeECmkSoTrXqKQBKMYRiHxAI=,YN+WEWJMEKLm8GXA8d95NAdmXlM=
2,40,OPvAeECmkSoTrXqKQBKMYRiHxAI=,Y+k6PIT/YWhpFU8eD8KePm3te7E=
4,37,OPvAeECmkSoTrXqKQBKMYRiHxAI=,dLRZf/Vn63A+g7sPTCvHXGY4AcU=
3,39,OPvAeECmkSoTrXqKQBKMYRiHxAI=,YN+WEWJMEKLm8GXA8d95NAdmXlM=
4,34,OPvAeECmkSoTrXqKQBKMYRiHxAI=,TjS/BSDcD7RAzi6O5ddu1HqzImU=
5,38,VdSqBwpZRxqFxXQ9j9mGajqZzs8=,dLRZf/Vn63A+g7sPTCvHXGY4AcU=
2,39,VdSqBwpZRxqFxXQ9j9mGajqZzs8=,YN+WEWJMEKLm8GXA8d95NAdmXlM=
3,34,VdSqBwpZRxqFxXQ9j9mGajqZzs8=,Qdo02Fq7uAq0nqkH/S8nwdOdhrQ=
5,39,VdSqBwpZRxqFxXQ9j9mGajqZzs8=,dLRZf/Vn63A+g7sPTCvHXGY4AcU=
6,39,TUGgd9lkaqT+VhVj2+3xFsWVhAA=,dLRZf/Vn63A+g7sPTCvHXGY4AcU=
7,39,TUGgd9lkaqT+VhVj2+3xFsWVhAA=,dLRZf/Vn63A+g7sPTCvHXGY4AcU=
8,34,SPytnGwwiNmGiE6t8osdhA2fSXs=,qN94TvGjsmGBH0Z2xqTp/W1bhKI=
7,35,SPytnGwwiNmGiE6t8osdhA2fSXs=,TjS/BSDcD7RAzi6O5ddu1HqzImU=
6,34,SPytnGwwiNmGiE6t8osdhA2fSXs=,TjS/BSDcD7RAzi6O5ddu1HqzImU=
9,35,SPytnGwwiNmGiE6t8osdhA2fSXs=,qN94TvGjsmGBH0Z2xqTp/W1bhKI=
9,34,3/4KOQhuSaKFQIpKVWGiN6u0Y50=,qN94TvGjsmGBH0Z2xqTp/W1bhKI=
6,36,3/4KOQhuSaKFQIpKVWGiN6u0Y50=,dLRZf/Vn63A+g7sPTCvHXGY4AcU=
8,35,3/4KOQhuSaKFQIpKVWGiN6u0Y50=,qN94TvGjsmGBH0Z2xqTp/W1bhKI=
6,37,NXcB6TRC/qH8BKRmEJFiJZaUYtU=,dLRZf/Vn63A+g7sPTCvHXGY4AcU=
6,40,NXcB6TRC/qH8BKRmEJFiJZaUYtU=,Y+k6PIT/YWhpFU8eD8KePm3te7E=
8,37,NXcB6TRC/qH8BKRmEJFiJZaUYtU=,RPYsnJOU0Rj7uUqssZIpoPsS2QY=
6,38,6bANSdCEfeEM9LwTXVA5BK7IYjc=,dLRZf/Vn63A+g7sPTCvHXGY4AcU=
9,38,6bANSdCEfeEM9LwTXVA5BK7IYjc=,RPYsnJOU0Rj7uUqssZIpoPsS2QY=
9,39,6bANSdCEfeEM9LwTXVA5BK7IYjc=,RPYsnJOU0Rj7uUqssZIpoPsS2QY=
6,41,3/pFTIU/IrDJy8LTnvgSGvQUSHU=,Y+k6PIT/YWhpFU8eD8KePm3te7E=
9,37,3/pFTIU/IrDJy8LTnvgSGvQUSHU=,RPYsnJOU0Rj7uUqssZIpoPsS2QY=
8,39,3/pFTIU/IrDJy8LTnvgSGvQUSHU=,RPYsnJOU0Rj7uUqssZIpoPsS2QY=
7,34,3/pFTIU/IrDJy8LTnvgSGvQUSHU=,TjS/BSDcD7RAzi6O5ddu1HqzImU=
8,38,3/pFTIU/IrDJy8LTnvgSGvQUSHU=,RPYsnJOU0Rj7uUqssZIpoPsS2QY=
9,40,3/pFTIU/IrDJy8LTnvgSGvQUSHU=,DdEG997eDnRaRe1hAINL5gz8Yec=
7,40,3/pFTIU/IrDJy8LTnvgSGvQUSHU=,Y+k6PIT/YWhpFU8eD8KePm3te7E=
7,41,3/pFTIU/IrDJy8LTnvgSGvQUSHU=,Y+k6PIT/YWhpFU8eD8KePm3te7E=
7,37,3/pFTIU/IrDJy8LTnvgSGvQUSHU=,dLRZf/Vn63A+g7sPTCvHXGY4AcU=
8,40,3/pFTIU/IrDJy8LTnvgSGvQUSHU=,DdEG997eDnRaRe1hAINL5gz8Yec=
7,38,swezq0e9Dkc+Ve/VesOsvYQoLVM=,dLRZf/Vn63A+g7sPTCvHXGY4AcU=
9,36,swezq0e9Dkc+Ve/VesOsvYQoLVM=,RPYsnJOU0Rj7uUqssZIpoPsS2QY=
6,35,swezq0e9Dkc+Ve/VesOsvYQoLVM=,TjS/BSDcD7RAzi6O5ddu1HqzImU=
13,32,FiO9lxlWyfw9NrhC/lwnAM2i88Y=,Z5jo/QjbFelCgeJAmLYLZRSvClc=
11,32,FiO9lxlWyfw9NrhC/lwnAM2i88Y=,qN94TvGjsmGBH0Z2xqTp/W1bhKI=
10,33,FiO9lxlWyfw9NrhC/lwnAM2i88Y=,qN94TvGjsmGBH0Z2xqTp/W1bhKI=
7,36,FiO9lxlWyfw9NrhC/lwnAM2i88Y=,dLRZf/Vn63A+g7sPTCvHXGY4AcU=
8,41,B79zkHZk0uG4Yy2xnj67ukVsnUY=,DdEG997eDnRaRe1hAINL5gz8Yec=
9,41,B79zkHZk0uG4Yy2xnj67ukVsnUY=,DdEG997eDnRaRe1hAINL5gz8Yec=
12,32,B79zkHZk0uG4Yy2xnj67ukVsnUY=,Z5jo/QjbFelCgeJAmLYLZRSvClc=
12,33,B79zkHZk0uG4Yy2xnj67ukVsnUY=,Z5jo/QjbFelCgeJAmLYLZRSvClc=
10,40,B79zkHZk0uG4Yy2xnj67ukVsnUY=,DdEG997eDnRaRe1hAINL5gz8Yec=
15,33,B79zkHZk0uG4Yy2xnj67ukVsnUY=,Z5jo/QjbFelCgeJAmLYLZRSvClc=
8,36,riaih6D12kHxlPjaj66JwHH9fnI=,RPYsnJOU0Rj7uUqssZIpoPsS2QY=
10,32,riaih6D12kHxlPjaj66JwHH9fnI=,qN94TvGjsmGBH0Z2xqTp/W1bhKI=
11,33,riaih6D12kHxlPjaj66JwHH9fnI=,qN94TvGjsmGBH0Z2xqTp/W1bhKI=
9,32,riaih6D12kHxlPjaj66JwHH9fnI=,qN94TvGjsmGBH0Z2xqTp/W1bhKI=
15,32,S7WrR9uheixJl5ojfh/2X4INSfk=,Z5jo/QjbFelCgeJAmLYLZRSvClc=
15,34,S7WrR9uheixJl5ojfh/2X4INSfk=,Z5jo/QjbFelCgeJAmLYLZRSvClc=
11,37,S7WrR9uheixJl5ojfh/2X4INSfk=,RPYsnJOU0Rj7uUqssZIpoPsS2QY=
11,35,S7WrR9uheixJl5ojfh/2X4INSfk=,qN94TvGjsmGBH0Z2xqTp/W1bhKI=
13,33,sXJGMQKaiLt463eSw6mycJ6LwdQ=,Z5jo/QjbFelCgeJAmLYLZRSvClc=
12,35,sXJGMQKaiLt463eSw6mycJ6LwdQ=,Z5jo/QjbFelCgeJAmLYLZRSvClc=
13,35,sXJGMQKaiLt463eSw6mycJ6LwdQ=,Z5jo/QjbFelCgeJAmLYLZRSvClc=
9,33,CKBCtPzHceztIfpyMyL11o4CE1Q=,qN94TvGjsmGBH0Z2xqTp/W1bhKI=
10,41,EQ2dwdNOjJFtopjWeL7oxkOzAU8=,DdEG997eDnRaRe1hAINL5gz8Yec=
13,38,EQ2dwdNOjJFtopjWeL7oxkOzAU8=,KrwLOFAlHp4qIbfDlT3uJamUFq4=
14,32,oVdISfjpfJ45QD6iXOJH++OSkGk=,Z5jo/QjbFelCgeJAmLYLZRSvClc=
13,36,oVdISfjpfJ45QD6iXOJH++OSkGk=,KrwLOFAlHp4qIbfDlT3uJamUFq4=
14,34,Qt5haDFaEqyHrGaP8c7ewluD41Q=,Z5jo/QjbFelCgeJAmLYLZRSvClc=
11,41,Qt5haDFaEqyHrGaP8c7ewluD41Q=,DdEG997eDnRaRe1hAINL5gz8Yec=
11,40,c0R/Zh5+vphU1jRQRSptoun+Ej0=,DdEG997eDnRaRe1hAINL5gz8Yec=
12,37,c0R/Zh5+vphU1jRQRSptoun+Ej0=,KrwLOFAlHp4qIbfDlT3uJamUFq4=
12,38,c0R/Zh5+vphU1jRQRSptoun+Ej0=,KrwLOFAlHp4qIbfDlT3uJamUFq4=
14,35,c0R/Zh5+vphU1jRQRSptoun+Ej0=,Z5jo/QjbFelCgeJAmLYLZRSvClc=
8,33,c0R/Zh5+vphU1jRQRSptoun+Ej0=,qN94TvGjsmGBH0Z2xqTp/W1bhKI=
14,33,c0R/Zh5+vphU1jRQRSptoun+Ej0=,Z5jo/QjbFelCgeJAmLYLZRSvClc=
12,36,y6nsANoUCrtHrza97j8XwNCi+HA=,KrwLOFAlHp4qIbfDlT3uJamUFq4=
11,36,y6nsANoUCrtHrza97j8XwNCi+HA=,RPYsnJOU0Rj7uUqssZIpoPsS2QY=
13,37,y6nsANoUCrtHrza97j8XwNCi+HA=,KrwLOFAlHp4qIbfDlT3uJamUFq4=
15,35,y6nsANoUCrtHrza97j8XwNCi+HA=,Z5jo/QjbFelCgeJAmLYLZRSvClc=
13,40,y6nsANoUCrtHrza97j8XwNCi+HA=,ovD3L+6O7ZIEGzM/Q4YZLVJ5kds=
11,38,L0Yfbn7fKs+3uIIZy2krwrVDxfI=,RPYsnJOU0Rj7uUqssZIpoPsS2QY=
12,39,L0Yfbn7fKs+3uIIZy2krwrVDxfI=,KrwLOFAlHp4qIbfDlT3uJamUFq4=
13,41,L0Yfbn7fKs+3uIIZy2krwrVDxfI=,ovD3L+6O7ZIEGzM/Q4YZLVJ5kds=
13,39,L0Yfbn7fKs+3uIIZy2krwrVDxfI=,KrwLOFAlHp4qIbfDlT3uJamUFq4=
12,41,tA3eGeYBF+sLCqptADXce/weZuU=,ovD3L+6O7ZIEGzM/Q4YZLVJ5kds=
12,40,tA3eGeYBF+sLCqptADXce/weZuU=,ovD3L+6O7ZIEGzM/Q4YZLVJ5kds=
11,39,tA3eGeYBF+sLCqptADXce/weZuU=,RPYsnJOU0Rj7uUqssZIpoPsS2QY=
8,32,tA3eGeYBF+sLCqptADXce/weZuU=,qN94TvGjsmGBH0Z2xqTp/W1bhKI=
15,36,tA3eGeYBF+sLCqptADXce/weZuU=,KrwLOFAlHp4qIbfDlT3uJamUFq4=
14,41,tA3eGeYBF+sLCqptADXce/weZuU=,ovD3L+6O7ZIEGzM/Q4YZLVJ5kds=
10,38,tA3eGeYBF+sLCqptADXce/weZuU=,RPYsnJOU0Rj7uUqssZIpoPsS2QY=
15,38,tA3eGeYBF+sLCqptADXce/weZuU=,KrwLOFAlHp4qIbfDlT3uJamUFq4=
10,36,tA3eGeYBF+sLCqptADXce/weZuU=,RPYsnJOU0Rj7uUqssZIpoPsS2QY=
10,35,tA3eGeYBF+sLCqptADXce/weZuU=,qN94TvGjsmGBH0Z2xqTp/W1bhKI=
15,41,a2jQ3cqaiW/088N2bP5ZHyTw754=,ovD3L+6O7ZIEGzM/Q4YZLVJ5kds=
12,34,0tb56HlqMR2IlyksFV9w0zfF8eQ=,Z5jo/QjbFelCgeJAmLYLZRSvClc=
15,39,0tb56HlqMR2IlyksFV9w0zfF8eQ=,KrwLOFAlHp4qIbfDlT3uJamUFq4=
4,32,0tb56HlqMR2IlyksFV9w0zfF8eQ=,TjS/BSDcD7RAzi6O5ddu1HqzImU=
10,34,Du9n06AOJLy5Q/l+nRwm/6RehH0=,qN94TvGjsmGBH0Z2xqTp/W1bhKI=
10,39,Du9n06AOJLy5Q/l+nRwm/6RehH0=,RPYsnJOU0Rj7uUqssZIpoPsS2QY=
14,37,Du9n06AOJLy5Q/l+nRwm/6RehH0=,KrwLOFAlHp4qIbfDlT3uJamUFq4=
13,34,Du9n06AOJLy5Q/l+nRwm/6RehH0=,Z5jo/QjbFelCgeJAmLYLZRSvClc=
10,37,Du9n06AOJLy5Q/l+nRwm/6RehH0=,RPYsnJOU0Rj7uUqssZIpoPsS2QY=
11,34,Du9n06AOJLy5Q/l+nRwm/6RehH0=,qN94TvGjsmGBH0Z2xqTp/W1bhKI=
15,40,Du9n06AOJLy5Q/l+nRwm/6RehH0=,ovD3L+6O7ZIEGzM/Q4YZLVJ5kds=
14,40,Du9n06AOJLy5Q/l+nRwm/6RehH0=,ovD3L+6O7ZIEGzM/Q4YZLVJ5kds=
3,32,Du9n06AOJLy5Q/l+nRwm/6RehH0=,Qdo02Fq7uAq0nqkH/S8nwdOdhrQ=
15,37,Du9n06AOJLy5Q/l+nRwm/6RehH0=,KrwLOFAlHp4qIbfDlT3uJamUFq4=
14,39,Du9n06AOJLy5Q/l+nRwm/6RehH0=,KrwLOFAlHp4qIbfDlT3uJamUFq4=
7,32,Du9n06AOJLy5Q/l+nRwm/6RehH0=,TjS/BSDcD7RAzi6O5ddu1HqzImU=
14,38,Du9n06AOJLy5Q/l+nRwm/6RehH0=,KrwLOFAlHp4qIbfDlT3uJamUFq4=
6,33,Du9n06AOJLy5Q/l+nRwm/6RehH0=,TjS/BSDcD7RAzi6O5ddu1HqzImU=
14,36,Du9n06AOJLy5Q/l+nRwm/6RehH0=,KrwLOFAlHp4qIbfDlT3uJamUFq4=
6,32,l9F+O/A7hAMSVgrgTjiMP1RtQk0=,TjS/BSDcD7RAzi6O5ddu1HqzImU=
5,33,l9F+O/A7hAMSVgrgTjiMP1RtQk0=,TjS/BSDcD7RAzi6O5ddu1HqzImU=
4,33,l9F+O/A7hAMSVgrgTjiMP1RtQk0=,TjS/BSDcD7RAzi6O5ddu1HqzImU=
2,32,l9F+O/A7hAMSVgrgTjiMP1RtQk0=,Qdo02Fq7uAq0nqkH/S8nwdOdhrQ=
2,33,l9F+O/A7hAMSVgrgTjiMP1RtQk0=,Qdo02Fq7uAq0nqkH/S8nwdOdhrQ=
5,32,TFFL354Su8UAOcP8owr4xHwSPgs=,TjS/BSDcD7RAzi6O5ddu1HqzImU=
7,33,TFFL354Su8UAOcP8owr4xHwSPgs=,TjS/BSDcD7RAzi6O5ddu1HqzImU=
3,33,TFFL354Su8UAOcP8owr4xHwSPgs=,Qdo02Fq7uAq0nqkH/S8nwdOdhrQ=
0,41,TFFL354Su8UAOcP8owr4xHwSPgs=,Y+k6PIT/YWhpFU8eD8KePm3te7E=
1,40,TFFL354Su8UAOcP8owr4xHwSPgs=,Y+k6PIT/YWhpFU8eD8KePm3te7E=
0,35,TFFL354Su8UAOcP8owr4xHwSPgs=,Qdo02Fq7uAq0nqkH/S8nwdOdhrQ=
1,36,TFFL354Su8UAOcP8owr4xHwSPgs=,YN+WEWJMEKLm8GXA8d95NAdmXlM=
1,41,TFFL354Su8UAOcP8owr4xHwSPgs=,Y+k6PIT/YWhpFU8eD8KePm3te7E=
0,37,TFFL354Su8UAOcP8owr4xHwSPgs=,YN+WEWJMEKLm8GXA8d95NAdmXlM=
1,35,TFFL354Su8UAOcP8owr4xHwSPgs=,Qdo02Fq7uAq0nqkH/S8nwdOdhrQ=
1,34,TFFL354Su8UAOcP8owr4xHwSPgs=,Qdo02Fq7uAq0nqkH/S8nwdOdhrQ=
0,34,TFFL354Su8UAOcP8owr4xHwSPgs=,Qdo02Fq7uAq0nqkH/S8nwdOdhrQ=
1,38,Dj83z264P3wcyqqn7ka303kMmI0=,YN+WEWJMEKLm8GXA8d95NAdmXlM=
1,39,Dj83z264P3wcyqqn7ka303kMmI0=,YN+WEWJMEKLm8GXA8d95NAdmXlM=
0,38,Dj83z264P3wcyqqn7ka303kMmI0=,YN+WEWJMEKLm8GXA8d95NAdmXlM=
0,40,Dj83z264P3wcyqqn7ka303kMmI0=,Y+k6PIT/YWhpFU8eD8KePm3te7E=
0,36,Dj83z264P3wcyqqn7ka303kMmI0=,YN+WEWJMEKLm8GXA8d95NAdmXlM=
0,39,Dj83z264P3wcyqqn7ka303kMmI0=,YN+WEWJMEKLm8GXA8d95NAdmXlM=
1,37,Dj83z264P3wcyqqn7ka303kMmI0=,YN+WEWJMEKLm8GXA8d95NAdmXlM=
1,43,Dj83z264P3wcyqqn7ka303kMmI0=,Y+k6PIT/YWhpFU8eD8KePm3te7E=
0,43,Dj83z264P3wcyqqn7ka303kMmI0=,Y+k6PIT/YWhpFU8eD8KePm3te7E=
1,42,Dj83z264P3wcyqqn7ka303kMmI0=,Y+k6PIT/YWhpFU8eD8KePm3te7E=
1,45,Dj83z264P3wcyqqn7ka303kMmI0=,bEnaOpnLEzXoSBpiuFYr1NsWdiU=
1,44,Dj83z264P3wcyqqn7ka303kMmI0=,bEnaOpnLEzXoSBpiuFYr1NsWdiU=
0,45,Dj83z264P3wcyqqn7ka303kMmI0=,bEnaOpnLEzXoSBpiuFYr1NsWdiU=
0,44,Dj83z264P3wcyqqn7ka303kMmI0=,bEnaOpnLEzXoSBpiuFYr1NsWdiU=
0,42,Dj83z264P3wcyqqn7ka303kMmI0=,Y+k6PIT/YWhpFU8eD8KePm3te7E=
3,46,Dj83z264P3wcyqqn7ka303kMmI0=,bEnaOpnLEzXoSBpiuFYr1NsWdiU=
3,47,Dj83z264P3wcyqqn7ka303kMmI0=,bEnaOpnLEzXoSBpiuFYr1NsWdiU=
2,46,Dj83z264P3wcyqqn7ka303kMmI0=,bEnaOpnLEzXoSBpiuFYr1NsWdiU=
4,46,S/LNlw0rqI5Us6NJgsfqEnKhP2w=,zo4WBT5YA3XhTwbnntjQGvC0klY=
5,47,S/LNlw0rqI5Us6NJgsfqEnKhP2w=,zo4WBT5YA3XhTwbnntjQGvC0klY=
2,47,S/LNlw0rqI5Us6NJgsfqEnKhP2w=,bEnaOpnLEzXoSBpiuFYr1NsWdiU=
5,46,S/LNlw0rqI5Us6NJgsfqEnKhP2w=,zo4WBT5YA3XhTwbnntjQGvC0klY=
4,47,S/LNlw0rqI5Us6NJgsfqEnKhP2w=,zo4WBT5YA3XhTwbnntjQGvC0klY=
9,47,S/LNlw0rqI5Us6NJgsfqEnKhP2w=,zo4WBT5YA3XhTwbnntjQGvC0klY=
9,46,S/LNlw0rqI5Us6NJgsfqEnKhP2w=,zo4WBT5YA3XhTwbnntjQGvC0klY=
8,47,S/LNlw0rqI5Us6NJgsfqEnKhP2w=,zo4WBT5YA3XhTwbnntjQGvC0klY=
8,46,S/LNlw0rqI5Us6NJgsfqEnKhP2w=,zo4WBT5YA3XhTwbnntjQGvC0klY=
7,47,sm6w5LlkK4iD9eQD62/pJwIqvKI=,zo4WBT5YA3XhTwbnntjQGvC0klY=
6,46,sm6w5LlkK4iD9eQD62/pJwIqvKI=,zo4WBT5YA3XhTwbnntjQGvC0klY=
6,47,sm6w5LlkK4iD9eQD62/pJwIqvKI=,zo4WBT5YA3XhTwbnntjQGvC0klY=
0,32,fgq0MMLHWBfnMa5QZZDl8hUZTpU=,Qdo02Fq7uAq0nqkH/S8nwdOdhrQ=
7,46,fgq0MMLHWBfnMa5QZZDl8hUZTpU=,zo4WBT5YA3XhTwbnntjQGvC0klY=
1,33,fgq0MMLHWBfnMa5QZZDl8hUZTpU=,Qdo02Fq7uAq0nqkH/S8nwdOdhrQ=
10,46,fgq0MMLHWBfnMa5QZZDl8hUZTpU=,zo4WBT5YA3XhTwbnntjQGvC0klY=
13,46,lPNdSSB+puZIvof0P1CJyxz2IXs=,S4qNeQRt9yxKrB9u2q5k+mG9arM=
10,47,lPNdSSB+puZIvof0P1CJyxz2IXs=,zo4WBT5YA3XhTwbnntjQGvC0klY=
11,47,lPNdSSB+puZIvof0P1CJyxz2IXs=,zo4WBT5YA3XhTwbnntjQGvC0klY=
12,47,lPNdSSB+puZIvof0P1CJyxz2IXs=,S4qNeQRt9yxKrB9u2q5k+mG9arM=
1,32,lPNdSSB+puZIvof0P1CJyxz2IXs=,Qdo02Fq7uAq0nqkH/S8nwdOdhrQ=
12,46,lPNdSSB+puZIvof0P1CJyxz2IXs=,S4qNeQRt9yxKrB9u2q5k+mG9arM=
13,47,N3MOPczImHiNX9wbIogl8fUutQg=,S4qNeQRt9yxKrB9u2q5k+mG9arM=
11,46,N3MOPczImHiNX9wbIogl8fUutQg=,zo4WBT5YA3XhTwbnntjQGvC0klY=
0,33,N3MOPczImHiNX9wbIogl8fUutQg=,Qdo02Fq7uAq0nqkH/S8nwdOdhrQ=
1,47,N3MOPczImHiNX9wbIogl8fUutQg=,bEnaOpnLEzXoSBpiuFYr1NsWdiU=
15,46,N3MOPczImHiNX9wbIogl8fUutQg=,S4qNeQRt9yxKrB9u2q5k+mG9arM=
15,43,N3MOPczImHiNX9wbIogl8fUutQg=,ovD3L+6O7ZIEGzM/Q4YZLVJ5kds=
0,47,N3MOPczImHiNX9wbIogl8fUutQg=,bEnaOpnLEzXoSBpiuFYr1NsWdiU=
14,42,N3MOPczImHiNX9wbIogl8fUutQg=,ovD3L+6O7ZIEGzM/Q4YZLVJ5kds=
0,46,N3MOPczImHiNX9wbIogl8fUutQg=,bEnaOpnLEzXoSBpiuFYr1NsWdiU=
1,46,N3MOPczImHiNX9wbIogl8fUutQg=,bEnaOpnLEzXoSBpiuFYr1NsWdiU=
15,42,N3MOPczImHiNX9wbIogl8fUutQg=,ovD3L+6O7ZIEGzM/Q4YZLVJ5kds=
15,47,N3MOPczImHiNX9wbIogl8fUutQg=,S4qNeQRt9yxKrB9u2q5k+mG9arM=
14,43,N3MOPczImHiNX9wbIogl8fUutQg=,ovD3L+6O7ZIEGzM/Q4YZLVJ5kds=
14,45,N3MOPczImHiNX9wbIogl8fUutQg=,S4qNeQRt9yxKrB9u2q5k+mG9arM=
14,47,7w8PWB90riOpeM7f76kzm6vNZOk=,S4qNeQRt9yxKrB9u2q5k+mG9arM=
14,46,7w8PWB90riOpeM7f76kzm6vNZOk=,S4qNeQRt9yxKrB9u2q5k+mG9arM=
15,44,7w8PWB90riOpeM7f76kzm6vNZOk=,S4qNeQRt9yxKrB9u2q5k+mG9arM=
15,45,7w8PWB90riOpeM7f76kzm6vNZOk=,S4qNeQRt9yxKrB9u2q5k+mG9arM=
14,44,7w8PWB90riOpeM7f76kzm6vNZOk=,S4qNeQRt9yxKrB9u2q5k+mG9arM=
10,52,xpi/8m38VL9aAIBO1BLnNz+lvYU=,zl1atlCCxIis2QPulH1bPUUX+Z8=
10,53,xpi/8m38VL9aAIBO1BLnNz+lvYU=,zl1atlCCxIis2QPulH1bPUUX+Z8=
13,50,xpi/8m38VL9aAIBO1BLnNz+lvYU=,nnftgu064Nx95pzEge30IUb3lJ4=
12,51,mR/xoe7rKhzOCusvj0pWgDaU4/o=,nnftgu064Nx95pzEge30IUb3lJ4=
12,50,mR/xoe7rKhzOCusvj0pWgDaU4/o=,nnftgu064Nx95pzEge30IUb3lJ4=
11,51,mR/xoe7rKhzOCusvj0pWgDaU4/o=,IeNOdW557ZyHfgslANascdyf/7M=
12,53,mR/xoe7rKhzOCusvj0pWgDaU4/o=,N47mSBFW4ceHExAa4fuiYUFzWfk=
13,53,mR/xoe7rKhzOCusvj0pWgDaU4/o=,N47mSBFW4ceHExAa4fuiYUFzWfk=
12,52,mR/xoe7rKhzOCusvj0pWgDaU4/o=,N47mSBFW4ceHExAa4fuiYUFzWfk=
11,53,mR/xoe7rKhzOCusvj0pWgDaU4/o=,zl1atlCCxIis2QPulH1bPUUX+Z8=
11,52,mR/xoe7rKhzOCusvj0pWgDaU4/o=,zl1atlCCxIis2QPulH1bPUUX+Z8=
13,52,mR/xoe7rKhzOCusvj0pWgDaU4/o=,N47mSBFW4ceHExAa4fuiYUFzWfk=
13,51,mR/xoe7rKhzOCusvj0pWgDaU4/o=,nnftgu064Nx95pzEge30IUb3lJ4=
10,51,mR/xoe7rKhzOCusvj0pWgDaU4/o=,IeNOdW557ZyHfgslANascdyf/7M=
10,50,XtZkP2vovZVXwz9sWG+ObMLp/WU=,IeNOdW557ZyHfgslANascdyf/7M=
11,50,XtZkP2vovZVXwz9sWG+ObMLp/WU=,IeNOdW557ZyHfgslANascdyf/7M=
9,52,XtZkP2vovZVXwz9sWG+ObMLp/WU=,zl1atlCCxIis2QPulH1bPUUX+Z8=
9,53,AXjBODazSvUzyo7uDd13HWD96Wc=,zl1atlCCxIis2QPulH1bPUUX+Z8=
9,51,AXjBODazSvUzyo7uDd13HWD96Wc=,IeNOdW557ZyHfgslANascdyf/7M=
8,53,AXjBODazSvUzyo7uDd13HWD96Wc=,zl1atlCCxIis2QPulH1bPUUX+Z8=
8,52,AXjBODazSvUzyo7uDd13HWD96Wc=,zl1atlCCxIis2QPulH1bPUUX+Z8=
6,50,M8eDdxJK8Dgatdgl3tvnnoYQMI0=,oFxib8FiBWlnp1UcHjjB+PXISOw=
9,50,M8eDdxJK8Dgatdgl3tvnnoYQMI0=,IeNOdW557ZyHfgslANascdyf/7M=
6,53,M8eDdxJK8Dgatdgl3tvnnoYQMI0=,BwggE5e9Nqj/a/4KiPtY/GF0Qyo=
6,52,M8eDdxJK8Dgatdgl3tvnnoYQMI0=,BwggE5e9Nqj/a/4KiPtY/GF0Qyo=
7,51,M8eDdxJK8Dgatdgl3tvnnoYQMI0=,oFxib8FiBWlnp1UcHjjB+PXISOw=
7,50,M8eDdxJK8Dgatdgl3tvnnoYQMI0=,oFxib8FiBWlnp1UcHjjB+PXISOw=
7,52,M8eDdxJK8Dgatdgl3tvnnoYQMI0=,BwggE5e9Nqj/a/4KiPtY/GF0Qyo=
7,53,M8eDdxJK8Dgatdgl3tvnnoYQMI0=,BwggE5e9Nqj/a/4KiPtY/GF0Qyo=
8,50,M8eDdxJK8Dgatdgl3tvnnoYQMI0=,IeNOdW557ZyHfgslANascdyf/7M=
6,51,M8eDdxJK8Dgatdgl3tvnnoYQMI0=,oFxib8FiBWlnp1UcHjjB+PXISOw=
8,51,M8eDdxJK8Dgatdgl3tvnnoYQMI0=,IeNOdW557ZyHfgslANascdyf/7M=
5,53,b5+IcY5a8j4r5Xmp85lU0MvGz1I=,BwggE5e9Nqj/a/4KiPtY/GF0Qyo=
4,52,b5+IcY5a8j4r5Xmp85lU0MvGz1I=,BwggE5e9Nqj/a/4KiPtY/GF0Qyo=
5,52,b5+IcY5a8j4r5Xmp85lU0MvGz1I=,BwggE5e9Nqj/a/4KiPtY/GF0Qyo=
2,51,kYQ8XyddFkRF2NWXPl2JGbMvb7k=,eC04VPqoFecuY9CSglLwNtXFewQ=
2,52,kYQ8XyddFkRF2NWXPl2JGbMvb7k=,1fOuOqlrMPOdu2s7ixvRLZRzGuw=
3,51,kYQ8XyddFkRF2NWXPl2JGbMvb7k=,eC04VPqoFecuY9CSglLwNtXFewQ=
4,51,kYQ8XyddFkRF2NWXPl2JGbMvb7k=,oFxib8FiBWlnp1UcHjjB+PXISOw=
3,53,kYQ8XyddFkRF2NWXPl2JGbMvb7k=,1fOuOqlrMPOdu2s7ixvRLZRzGuw=
4,53,kYQ8XyddFkRF2NWXPl2JGbMvb7k=,BwggE5e9Nqj/a/4KiPtY/GF0Qyo=
4,50,kYQ8XyddFkRF2NWXPl2JGbMvb7k=,oFxib8FiBWlnp1UcHjjB+PXISOw=
2,53,kYQ8XyddFkRF2NWXPl2JGbMvb7k=,1fOuOqlrMPOdu2s7ixvRLZRzGuw=
3,52,kYQ8XyddFkRF2NWXPl2JGbMvb7k=,1fOuOqlrMPOdu2s7ixvRLZRzGuw=
2,50,kYQ8XyddFkRF2NWXPl2JGbMvb7k=,eC04VPqoFecuY9CSglLwNtXFewQ=
5,50,kYQ8XyddFkRF2NWXPl2JGbMvb7k=,oFxib8FiBWlnp1UcHjjB+PXISOw=
5,51,kYQ8XyddFkRF2NWXPl2JGbMvb7k=,oFxib8FiBWlnp1UcHjjB+PXISOw=
3,50,kYQ8XyddFkRF2NWXPl2JGbMvb7k=,eC04VPqoFecuY9CSglLwNtXFewQ=
5,57,JaFUFmjG2EP2BKPI+FgAWGxV9Cs=,ISYurw4jKnnp1bBe8KhabsngncA=
5,54,JaFUFmjG2EP2BKPI+FgAWGxV9Cs=,BwggE5e9Nqj/a/4KiPtY/GF0Qyo=
2,56,JaFUFmjG2EP2BKPI+FgAWGxV9Cs=,dltoeAgrWfze9FS1wMf8jHpPsPY=
5,56,JaFUFmjG2EP2BKPI+FgAWGxV9Cs=,ISYurw4jKnnp1bBe8KhabsngncA=
3,55,JaFUFmjG2EP2BKPI+FgAWGxV9Cs=,1fOuOqlrMPOdu2s7ixvRLZRzGuw=
4,56,VVswVq5R7urAK8SpR8ZGrKu7Xjs=,ISYurw4jKnnp1bBe8KhabsngncA=
4,57,VVswVq5R7urAK8SpR8ZGrKu7Xjs=,ISYurw4jKnnp1bBe8KhabsngncA=
3,57,xpszA3Tt7PNbB1VmLbWMN9HCVWQ=,dltoeAgrWfze9FS1wMf8jHpPsPY=
4,54,xpszA3Tt7PNbB1VmLbWMN9HCVWQ=,BwggE5e9Nqj/a/4KiPtY/GF0Qyo=
3,56,xpszA3Tt7PNbB1VmLbWMN9HCVWQ=,dltoeAgrWfze9FS1wMf8jHpPsPY=
2,55,xpszA3Tt7PNbB1VmLbWMN9HCVWQ=,1fOuOqlrMPOdu2s7ixvRLZRzGuw=
3,54,xpszA3Tt7PNbB1VmLbWMN9HCVWQ=,1fOuOqlrMPOdu2s7ixvRLZRzGuw=
5,55,xpszA3Tt7PNbB1VmLbWMN9HCVWQ=,BwggE5e9Nqj/a/4KiPtY/GF0Qyo=
2,54,xpszA3Tt7PNbB1VmLbWMN9HCVWQ=,1fOuOqlrMPOdu2s7ixvRLZRzGuw=
4,55,xpszA3Tt7PNbB1VmLbWMN9HCVWQ=,BwggE5e9Nqj/a/4KiPtY/GF0Qyo=
2,57,hgK/7xBa219uVCDKGYYg7V/3SK8=,dltoeAgrWfze9FS1wMf8jHpPsPY=
6,57,hgK/7xBa219uVCDKGYYg7V/3SK8=,ISYurw4jKnnp1bBe8KhabsngncA=
8,57,Zks2h9Y+89aFhndt6/vLsmpFGXE=,dltoeAgrWfze9FS1wMf8jHpPsPY=
9,55,Zks2h9Y+89aFhndt6/vLsmpFGXE=,zl1atlCCxIis2QPulH1bPUUX+Z8=
9,54,Zks2h9Y+89aFhndt6/vLsmpFGXE=,zl1atlCCxIis2QPulH1bPUUX+Z8=
9,57,Zks2h9Y+89aFhndt6/vLsmpFGXE=,dltoeAgrWfze9FS1wMf8jHpPsPY=
8,54,Zks2h9Y+89aFhndt6/vLsmpFGXE=,zl1atlCCxIis2QPulH1bPUUX+Z8=
8,55,Zks2h9Y+89aFhndt6/vLsmpFGXE=,zl1atlCCxIis2QPulH1bPUUX+Z8=
7,55,Zks2h9Y+89aFhndt6/vLsmpFGXE=,BwggE5e9Nqj/a/4KiPtY/GF0Qyo=
6,55,Zks2h9Y+89aFhndt6/vLsmpFGXE=,BwggE5e9Nqj/a/4KiPtY/GF0Qyo=
6,56,Zks2h9Y+89aFhndt6/vLsmpFGXE=,ISYurw4jKnnp1bBe8KhabsngncA=
8,56,Zks2h9Y+89aFhndt6/vLsmpFGXE=,dltoeAgrWfze9FS1wMf8jHpPsPY=
7,56,Zks2h9Y+89aFhndt6/vLsmpFGXE=,ISYurw4jKnnp1bBe8KhabsngncA=
9,56,Zks2h9Y+89aFhndt6/vLsmpFGXE=,dltoeAgrWfze9FS1wMf8jHpPsPY=
6,54,Zks2h9Y+89aFhndt6/vLsmpFGXE=,BwggE5e9Nqj/a/4KiPtY/GF0Qyo=
7,57,Zks2h9Y+89aFhndt6/vLsmpFGXE=,ISYurw4jKnnp1bBe8KhabsngncA=
7,54,Zks2h9Y+89aFhndt6/vLsmpFGXE=,BwggE5e9Nqj/a/4KiPtY/GF0Qyo=
11,56,AraEOIA3t+k+eBidGU5kNpOQevs=,dltoeAgrWfze9FS1wMf8jHpPsPY=
12,56,AraEOIA3t+k+eBidGU5kNpOQevs=,8RlOcpfp1Eud5Fycj5qyovPtwXo=
11,55,2FYE9s6t7d8PiPAkHQRY3HIcWDs=,zl1atlCCxIis2QPulH1bPUUX+Z8=
10,57,2FYE9s6t7d8PiPAkHQRY3HIcWDs=,dltoeAgrWfze9FS1wMf8jHpPsPY=
10,55,hJ6+PjczBgnySpwyPnh4wBZ01kE=,zl1atlCCxIis2QPulH1bPUUX+Z8=
11,57,hJ6+PjczBgnySpwyPnh4wBZ01kE=,dltoeAgrWfze9FS1wMf8jHpPsPY=
13,56,hJ6+PjczBgnySpwyPnh4wBZ01kE=,8RlOcpfp1Eud5Fycj5qyovPtwXo=
13,54,3UwIxwaLDIFGyDX6/4eBu6eEe00=,N47mSBFW4ceHExAa4fuiYUFzWfk=
10,56,3UwIxwaLDIFGyDX6/4eBu6eEe00=,dltoeAgrWfze9FS1wMf8jHpPsPY=
12,55,3UwIxwaLDIFGyDX6/4eBu6eEe00=,N47mSBFW4ceHExAa4fuiYUFzWfk=
12,54,3UwIxwaLDIFGyDX6/4eBu6eEe00=,N47mSBFW4ceHExAa4fuiYUFzWfk=
13,57,3UwIxwaLDIFGyDX6/4eBu6eEe00=,8RlOcpfp1Eud5Fycj5qyovPtwXo=
13,55,3UwIxwaLDIFGyDX6/4eBu6eEe00=,N47mSBFW4ceHExAa4fuiYUFzWfk=
12,57,3UwIxwaLDIFGyDX6/4eBu6eEe00=,8RlOcpfp1Eud5Fycj5qyovPtwXo=
11,54,3UwIxwaLDIFGyDX6/4eBu6eEe00=,zl1atlCCxIis2QPulH1bPUUX+Z8=
10,54,3UwIxwaLDIFGyDX6/4eBu6eEe00=,zl1atlCCxIis2QPulH1bPUUX+Z8=
6,61,/n7Jc5jyExMGIxRY7vz/AnI+0v4=,rtsvg3tmHQnnHRAfQahHLEVpFY0=
6,60,/n7Jc5jyExMGIxRY7vz/AnI+0v4=,rtsvg3tmHQnnHRAfQahHLEVpFY0=
9,58,/n7Jc5jyExMGIxRY7vz/AnI+0v4=,dltoeAgrWfze9FS1wMf8jHpPsPY=
7,61,/n7Jc5jyExMGIxRY7vz/AnI+0v4=,rtsvg3tmHQnnHRAfQahHLEVpFY0=
6,59,/n7Jc5jyExMGIxRY7vz/AnI+0v4=,ISYurw4jKnnp1bBe8KhabsngncA=
8,58,/n7Jc5jyExMGIxRY7vz/AnI+0v4=,dltoeAgrWfze9FS1wMf8jHpPsPY=
8,60,IrJ2RkShDlZ3QPMHF5e+k9S27JM=,rtsvg3tmHQnnHRAfQahHLEVpFY0=
7,59,IrJ2RkShDlZ3QPMHF5e+k9S27JM=,ISYurw4jKnnp1bBe8KhabsngncA=
7,58,IrJ2RkShDlZ3QPMHF5e+k9S27JM=,ISYurw4jKnnp1bBe8KhabsngncA=
8,59,IrJ2RkShDlZ3QPMHF5e+k9S27JM=,dltoeAgrWfze9FS1wMf8jHpPsPY=
9,59,IrJ2RkShDlZ3QPMHF5e+k9S27JM=,dltoeAgrWfze9FS1wMf8jHpPsPY=
6,58,IrJ2RkShDlZ3QPMHF5e+k9S27JM=,ISYurw4jKnnp1bBe8KhabsngncA=
9,63,IrJ2RkShDlZ3QPMHF5e+k9S27JM=,rtsvg3tmHQnnHRAfQahHLEVpFY0=
10,63,IrJ2RkShDlZ3QPMHF5e+k9S27JM=,rtsvg3tmHQnnHRAfQahHLEVpFY0=
8,61,IrJ2RkShDlZ3QPMHF5e+k9S27JM=,rtsvg3tmHQnnHRAfQahHLEVpFY0=
7,60,IrJ2RkShDlZ3QPMHF5e+k9S27JM=,rtsvg3tmHQnnHRAfQahHLEVpFY0=
9,60,CZYYVLHQp1lnxLoEGtvTQHXYGAk=,rtsvg3tmHQnnHRAfQahHLEVpFY0=
9,61,CZYYVLHQp1lnxLoEGtvTQHXYGAk=,rtsvg3tmHQnnHRAfQahHLEVpFY0=
11,61,CZYYVLHQp1lnxLoEGtvTQHXYGAk=,rtsvg3tmHQnnHRAfQahHLEVpFY0=
13,61,blnMHRRvX7m47VMBcxRWcsY3ykg=,EecYr5xnzfTINFowqU17pnbr3Ok=
12,59,blnMHRRvX7m47VMBcxRWcsY3ykg=,8RlOcpfp1Eud5Fycj5qyovPtwXo=
10,61,blnMHRRvX7m47VMBcxRWcsY3ykg=,rtsvg3tmHQnnHRAfQahHLEVpFY0=
12,60,blnMHRRvX7m47VMBcxRWcsY3ykg=,EecYr5xnzfTINFowqU17pnbr3Ok=
10,58,blnMHRRvX7m47VMBcxRWcsY3ykg=,dltoeAgrWfze9FS1wMf8jHpPsPY=
11,59,blnMHRRvX7m47VMBcxRWcsY3ykg=,dltoeAgrWfze9FS1wMf8jHpPsPY=
10,59,blnMHRRvX7m47VMBcxRWcsY3ykg=,dltoeAgrWfze9FS1wMf8jHpPsPY=
10,60,blnMHRRvX7m47VMBcxRWcsY3ykg=,rtsvg3tmHQnnHRAfQahHLEVpFY0=
11,60,blnMHRRvX7m47VMBcxRWcsY3ykg=,rtsvg3tmHQnnHRAfQahHLEVpFY0=
13,59,blnMHRRvX7m47VMBcxRWcsY3ykg=,8RlOcpfp1Eud5Fycj5qyovPtwXo=
11,58,blnMHRRvX7m47VMBcxRWcsY3ykg=,dltoeAgrWfze9FS1wMf8jHpPsPY=
12,58,o9QZHJxMBMHdXtr+xuFoBbe5Fbk=,8RlOcpfp1Eud5Fycj5qyovPtwXo=
13,60,o9QZHJxMBMHdXtr+xuFoBbe5Fbk=,EecYr5xnzfTINFowqU17pnbr3Ok=
12,61,o9QZHJxMBMHdXtr+xuFoBbe5Fbk=,EecYr5xnzfTINFowqU17pnbr3Ok=
8,63,o9QZHJxMBMHdXtr+xuFoBbe5Fbk=,rtsvg3tmHQnnHRAfQahHLEVpFY0=
7,63,o9QZHJxMBMHdXtr+xuFoBbe5Fbk=,rtsvg3tmHQnnHRAfQahHLEVpFY0=
8,62,o9QZHJxMBMHdXtr+xuFoBbe5Fbk=,rtsvg3tmHQnnHRAfQahHLEVpFY0=
13,58,o9QZHJxMBMHdXtr+xuFoBbe5Fbk=,8RlOcpfp1Eud5Fycj5qyovPtwXo=
2,63,o9QZHJxMBMHdXtr+xuFoBbe5Fbk=,rtsvg3tmHQnnHRAfQahHLEVpFY0=
3,63,o9QZHJxMBMHdXtr+xuFoBbe5Fbk=,rtsvg3tmHQnnHRAfQahHLEVpFY0=
1,63,o9QZHJxMBMHdXtr+xuFoBbe5Fbk=,rtsvg3tmHQnnHRAfQahHLEVpFY0=
9,62,o9QZHJxMBMHdXtr+xuFoBbe5Fbk=,rtsvg3tmHQnnHRAfQahHLEVpFY0=
6,62,o9QZHJxMBMHdXtr+xuFoBbe5Fbk=,rtsvg3tmHQnnHRAfQahHLEVpFY0=
7,62,Zj91akdOTgkn9Jl6AAABfsgjV+Y=,rtsvg3tmHQnnHRAfQahHLEVpFY0=
6,63,Zj91akdOTgkn9Jl6AAABfsgjV+Y=,rtsvg3tmHQnnHRAfQahHLEVpFY0=
5,60,Zj91akdOTgkn9Jl6AAABfsgjV+Y=,rtsvg3tmHQnnHRAfQahHLEVpFY0=
5,58,Zj91akdOTgkn9Jl6AAABfsgjV+Y=,ISYurw4jKnnp1bBe8KhabsngncA=
4,58,Zj91akdOTgkn9Jl6AAABfsgjV+Y=,ISYurw4jKnnp1bBe8KhabsngncA=
2,58,Zj91akdOTgkn9Jl6AAABfsgjV+Y=,dltoeAgrWfze9FS1wMf8jHpPsPY=
3,61,Zj91akdOTgkn9Jl6AAABfsgjV+Y=,rtsvg3tmHQnnHRAfQahHLEVpFY0=
3,60,Zj91akdOTgkn9Jl6AAABfsgjV+Y=,rtsvg3tmHQnnHRAfQahHLEVpFY0=
3,58,Zj91akdOTgkn9Jl6AAABfsgjV+Y=,dltoeAgrWfze9FS1wMf8jHpPsPY=
5,61,Zj91akdOTgkn9Jl6AAABfsgjV+Y=,rtsvg3tmHQnnHRAfQahHLEVpFY0=
5,59,Zj91akdOTgkn9Jl6AAABfsgjV+Y=,ISYurw4jKnnp1bBe8KhabsngncA=
2,59,8PlJTBjoC/Yge7aTOk7RcxjPJ5U=,dltoeAgrWfze9FS1wMf8jHpPsPY=
11,63,8PlJTBjoC/Yge7aTOk7RcxjPJ5U=,rtsvg3tmHQnnHRAfQahHLEVpFY0=
5,62,niOCWWw6z/U4FlWxMza95zjV+7M=,rtsvg3tmHQnnHRAfQahHLEVpFY0=
5,63,niOCWWw6z/U4FlWxMza95zjV+7M=,rtsvg3tmHQnnHRAfQahHLEVpFY0=
11,62,niOCWWw6z/U4FlWxMza95zjV+7M=,rtsvg3tmHQnnHRAfQahHLEVpFY0=
4,60,niOCWWw6z/U4FlWxMza95zjV+7M=,rtsvg3tmHQnnHRAfQahHLEVpFY0=
3,62,niOCWWw6z/U4FlWxMza95zjV+7M=,rtsvg3tmHQnnHRAfQahHLEVpFY0=
4,61,niOCWWw6z/U4FlWxMza95zjV+7M=,rtsvg3tmHQnnHRAfQahHLEVpFY0=
3,59,niOCWWw6z/U4FlWxMza95zjV+7M=,dltoeAgrWfze9FS1wMf8jHpPsPY=
4,62,niOCWWw6z/U4FlWxMza95zjV+7M=,rtsvg3tmHQnnHRAfQahHLEVpFY0=
12,63,niOCWWw6z/U4FlWxMza95zjV+7M=,EecYr5xnzfTINFowqU17pnbr3Ok=
12,62,niOCWWw6z/U4FlWxMza95zjV+7M=,EecYr5xnzfTINFowqU17pnbr3Ok=
4,59,niOCWWw6z/U4FlWxMza95zjV+7M=,ISYurw4jKnnp1bBe8KhabsngncA=
13,63,niOCWWw6z/U4FlWxMza95zjV+7M=,EecYr5xnzfTINFowqU17pnbr3Ok=
2,62,JbxWu0yhWp4+9VPk5yMi0NLuTiU=,rtsvg3tmHQnnHRAfQahHLEVpFY0=
2,60,JbxWu0yhWp4+9VPk5yMi0NLuTiU=,rtsvg3tmHQnnHRAfQahHLEVpFY0=
10,62,JbxWu0yhWp4+9VPk5yMi0NLuTiU=,rtsvg3tmHQnnHRAfQahHLEVpFY0=
13,62,JbxWu0yhWp4+9VPk5yMi0NLuTiU=,EecYr5xnzfTINFowqU17pnbr3Ok=
4,63,JbxWu0yhWp4+9VPk5yMi0NLuTiU=,rtsvg3tmHQnnHRAfQahHLEVpFY0=
0,63,JbxWu0yhWp4+9VPk5yMi0NLuTiU=,rtsvg3tmHQnnHRAfQahHLEVpFY0=
0,62,JbxWu0yhWp4+9VPk5yMi0NLuTiU=,rtsvg3tmHQnnHRAfQahHLEVpFY0=
1,62,JbxWu0yhWp4+9VPk5yMi0NLuTiU=,rtsvg3tmHQnnHRAfQahHLEVpFY0=
2,61,JbxWu0yhWp4+9VPk5yMi0NLuTiU=,rtsvg3tmHQnnHRAfQahHLEVpFY0=
0,60,JbxWu0yhWp4+9VPk5yMi0NLuTiU=,rtsvg3tmHQnnHRAfQahHLEVpFY0=
0,59,JbxWu0yhWp4+9VPk5yMi0NLuTiU=,dltoeAgrWfze9FS1wMf8jHpPsPY=
0,50,6awya751YzxNtEfwvoEsNuUGVDs=,eC04VPqoFecuY9CSglLwNtXFewQ=
0,58,6awya751YzxNtEfwvoEsNuUGVDs=,dltoeAgrWfze9FS1wMf8jHpPsPY=
1,60,6awya751YzxNtEfwvoEsNuUGVDs=,rtsvg3tmHQnnHRAfQahHLEVpFY0=
1,51,Et9OwQ7mK6x6cpfD+j8gGVTg2/g=,eC04VPqoFecuY9CSglLwNtXFewQ=
1,58,Et9OwQ7mK6x6cpfD+j8gGVTg2/g=,dltoeAgrWfze9FS1wMf8jHpPsPY=
1,59,Et9OwQ7mK6x6cpfD+j8gGVTg2/g=,dltoeAgrWfze9FS1wMf8jHpPsPY=
1,61,Et9OwQ7mK6x6cpfD+j8gGVTg2/g=,rtsvg3tmHQnnHRAfQahHLEVpFY0=
5,48,Et9OwQ7mK6x6cpfD+j8gGVTg2/g=,oFxib8FiBWlnp1UcHjjB+PXISOw=
15,48,Et9OwQ7mK6x6cpfD+j8gGVTg2/g=,nnftgu064Nx95pzEge30IUb3lJ4=
0,54,Et9OwQ7mK6x6cpfD+j8gGVTg2/g=,1fOuOqlrMPOdu2s7ixvRLZRzGuw=
0,51,Et9OwQ7mK6x6cpfD+j8gGVTg2/g=,eC04VPqoFecuY9CSglLwNtXFewQ=
0,61,Et9OwQ7mK6x6cpfD+j8gGVTg2/g=,rtsvg3tmHQnnHRAfQahHLEVpFY0=
7,48,Et9OwQ7mK6x6cpfD+j8gGVTg2/g=,oFxib8FiBWlnp1UcHjjB+PXISOw=
0,53,okkukpp3N1KCNh1XT+SezKH0vbA=,1fOuOqlrMPOdu2s7ixvRLZRzGuw=
5,49,okkukpp3N1KCNh1XT+SezKH0vbA=,oFxib8FiBWlnp1UcHjjB+PXISOw=
14,48,Y6r2TUjCxp2LW2e60t2GIR+wkHk=,nnftgu064Nx95pzEge30IUb3lJ4=
1,50,Y6r2TUjCxp2LW2e60t2GIR+wkHk=,eC04VPqoFecuY9CSglLwNtXFewQ=
1,54,Y6r2TUjCxp2LW2e60t2GIR+wkHk=,1fOuOqlrMPOdu2s7ixvRLZRzGuw=
1,52,X8m2Z4f9wC3I8aPszs1sbObATOw=,1fOuOqlrMPOdu2s7ixvRLZRzGuw=
1,53,lvuTERqTFPoJ40jPOOn1KaCM6qo=,1fOuOqlrMPOdu2s7ixvRLZRzGuw=
4,48,lvuTERqTFPoJ40jPOOn1KaCM6qo=,oFxib8FiBWlnp1UcHjjB+PXISOw=
0,56,lvuTERqTFPoJ40jPOOn1KaCM6qo=,dltoeAgrWfze9FS1wMf8jHpPsPY=
1,56,lvuTERqTFPoJ40jPOOn1KaCM6qo=,dltoeAgrWfze9FS1wMf8jHpPsPY=
1,55,Pc8E8dFPV6phuFVNe947XZ/WZ8c=,1fOuOqlrMPOdu2s7ixvRLZRzGuw=
6,48,Pc8E8dFPV6phuFVNe947XZ/WZ8c=,oFxib8FiBWlnp1UcHjjB+PXISOw=
1,57,Pc8E8dFPV6phuFVNe947XZ/WZ8c=,dltoeAgrWfze9FS1wMf8jHpPsPY=
15,49,Pc8E8dFPV6phuFVNe947XZ/WZ8c=,nnftgu064Nx95pzEge30IUb3lJ4=
0,57,gT4Dq0XJ5PphTLe2twdp3oMOlHI=,dltoeAgrWfze9FS1wMf8jHpPsPY=
13,49,gT4Dq0XJ5PphTLe2twdp3oMOlHI=,nnftgu064Nx95pzEge30IUb3lJ4=
0,55,gT4Dq0XJ5PphTLe2twdp3oMOlHI=,1fOuOqlrMPOdu2s7ixvRLZRzGuw=
12,49,gT4Dq0XJ5PphTLe2twdp3oMOlHI=,nnftgu064Nx95pzEge30IUb3lJ4=
14,49,gT4Dq0XJ5PphTLe2twdp3oMOlHI=,nnftgu064Nx95pzEge30IUb3lJ4=
0,52,gT4Dq0XJ5PphTLe2twdp3oMOlHI=,1fOuOqlrMPOdu2s7ixvRLZRzGuw=
11,48,gT4Dq0XJ5PphTLe2twdp3oMOlHI=,IeNOdW557ZyHfgslANascdyf/7M=
3,48,gT4Dq0XJ5PphTLe2twdp3oMOlHI=,eC04VPqoFecuY9CSglLwNtXFewQ=
9,48,gT4Dq0XJ5PphTLe2twdp3oMOlHI=,IeNOdW557ZyHfgslANascdyf/7M=
6,49,gT4Dq0XJ5PphTLe2twdp3oMOlHI=,oFxib8FiBWlnp1UcHjjB+PXISOw=
10,48,gT4Dq0XJ5PphTLe2twdp3oMOlHI=,IeNOdW557ZyHfgslANascdyf/7M=
8,48,gT4Dq0XJ5PphTLe2twdp3oMOlHI=,IeNOdW557ZyHfgslANascdyf/7M=
13,48,HJPS1WGf795ijSXvGS5eMpS85WQ=,nnftgu064Nx95pzEge30IUb3lJ4=
7,49,HJPS1WGf795ijSXvGS5eMpS85WQ=,oFxib8FiBWlnp1UcHjjB+PXISOw=
9,49,HJPS1WGf795ijSXvGS5eMpS85WQ=,IeNOdW557ZyHfgslANascdyf/7M=
2,48,HJPS1WGf795ijSXvGS5eMpS85WQ=,eC04VPqoFecuY9CSglLwNtXFewQ=
2,49,HJPS1WGf795ijSXvGS5eMpS85WQ=,eC04VPqoFecuY9CSglLwNtXFewQ=
10,49,HJPS1WGf795ijSXvGS5eMpS85WQ=,IeNOdW557ZyHfgslANascdyf/7M=
8,49,HJPS1WGf795ijSXvGS5eMpS85WQ=,IeNOdW557ZyHfgslANascdyf/7M=
11,49,HJPS1WGf795ijSXvGS5eMpS85WQ=,IeNOdW557ZyHfgslANascdyf/7M=
12,48,HJPS1WGf795ijSXvGS5eMpS85WQ=,nnftgu064Nx95pzEge30IUb3lJ4=
4,49,HJPS1WGf795ijSXvGS5eMpS85WQ=,oFxib8FiBWlnp1UcHjjB+PXISOw=
3,49,HJPS1WGf795ijSXvGS5eMpS85WQ=,eC04VPqoFecuY9CSglLwNtXFewQ=
0,48,5EZXqqHjV51SGqC3pyaDOOTGNLo=,eC04VPqoFecuY9CSglLwNtXFewQ=
1,49,5EZXqqHjV51SGqC3pyaDOOTGNLo=,eC04VPqoFecuY9CSglLwNtXFewQ=
0,49,5EZXqqHjV51SGqC3pyaDOOTGNLo=,eC04VPqoFecuY9CSglLwNtXFewQ=
1,48,5EZXqqHjV51SGqC3pyaDOOTGNLo=,eC04VPqoFecuY9CSglLwNtXFewQ=
14,62,5EZXqqHjV51SGqC3pyaDOOTGNLo=,EecYr5xnzfTINFowqU17pnbr3Ok=
15,63,5EZXqqHjV51SGqC3pyaDOOTGNLo=,EecYr5xnzfTINFowqU17pnbr3Ok=
14,63,5EZXqqHjV51SGqC3pyaDOOTGNLo=,EecYr5xnzfTINFowqU17pnbr3Ok=
14,61,dXuLRl+SyR+qfAUuSqtdc6EGtD8=,EecYr5xnzfTINFowqU17pnbr3Ok=
15,62,dXuLRl+SyR+qfAUuSqtdc6EGtD8=,EecYr5xnzfTINFowqU17pnbr3Ok=
15,60,dXuLRl+SyR+qfAUuSqtdc6EGtD8=,EecYr5xnzfTINFowqU17pnbr3Ok=
14,60,dXuLRl+SyR+qfAUuSqtdc6EGtD8=,EecYr5xnzfTINFowqU17pnbr3Ok=
15,61,dXuLRl+SyR+qfAUuSqtdc6EGtD8=,EecYr5xnzfTINFowqU17pnbr3Ok=
14,59,dXuLRl+SyR+qfAUuSqtdc6EGtD8=,8RlOcpfp1Eud5Fycj5qyovPtwXo=
14,53,dXuLRl+SyR+qfAUuSqtdc6EGtD8=,N47mSBFW4ceHExAa4fuiYUFzWfk=
15,58,dXuLRl+SyR+qfAUuSqtdc6EGtD8=,8RlOcpfp1Eud5Fycj5qyovPtwXo=
14,58,dXuLRl+SyR+qfAUuSqtdc6EGtD8=,8RlOcpfp1Eud5Fycj5qyovPtwXo=
14,50,dXuLRl+SyR+qfAUuSqtdc6EGtD8=,nnftgu064Nx95pzEge30IUb3lJ4=
15,59,dXuLRl+SyR+qfAUuSqtdc6EGtD8=,8RlOcpfp1Eud5Fycj5qyovPtwXo=
15,56,dXuLRl+SyR+qfAUuSqtdc6EGtD8=,8RlOcpfp1Eud5Fycj5qyovPtwXo=
15,53,dXuLRl+SyR+qfAUuSqtdc6EGtD8=,N47mSBFW4ceHExAa4fuiYUFzWfk=
15,50,dXuLRl+SyR+qfAUuSqtdc6EGtD8=,nnftgu064Nx95pzEge30IUb3lJ4=
14,51,dXuLRl+SyR+qfAUuSqtdc6EGtD8=,nnftgu064Nx95pzEge30IUb3lJ4=
15,57,dXuLRl+SyR+qfAUuSqtdc6EGtD8=,8RlOcpfp1Eud5Fycj5qyovPtwXo=
15,52,dXuLRl+SyR+qfAUuSqtdc6EGtD8=,N47mSBFW4ceHExAa4fuiYUFzWfk=
14,52,dXuLRl+SyR+qfAUuSqtdc6EGtD8=,N47mSBFW4ceHExAa4fuiYUFzWfk=
15,54,dXuLRl+SyR+qfAUuSqtdc6EGtD8=,N47mSBFW4ceHExAa4fuiYUFzWfk=
14,54,dXuLRl+SyR+qfAUuSqtdc6EGtD8=,N47mSBFW4ceHExAa4fuiYUFzWfk=
15,51,dXuLRl+SyR+qfAUuSqtdc6EGtD8=,nnftgu064Nx95pzEge30IUb3lJ4=
14,55,dXuLRl+SyR+qfAUuSqtdc6EGtD8=,N47mSBFW4ceHExAa4fuiYUFzWfk=
15,55,dXuLRl+SyR+qfAUuSqtdc6EGtD8=,N47mSBFW4ceHExAa4fuiYUFzWfk=
14,57,dXuLRl+SyR+qfAUuSqtdc6EGtD8=,8RlOcpfp1Eud5Fycj5qyovPtwXo=
14,56,dXuLRl+SyR+qfAUuSqtdc6EGtD8=,8RlOcpfp1Eud5Fycj5qyovPtwXo=
29,52,QA/KWrrNVlhO/TgB1ZNlN8mPJNU=,V2LnB6M9mSQoNUNiBshS1juI1Rw=
26,51,zntjUx9IELaCKZWs80aWGZK0kvI=,Skth5yoDTGHDecre7qVR3xV6Ebs=
29,53,zntjUx9IELaCKZWs80aWGZK0kvI=,V2LnB6M9mSQoNUNiBshS1juI1Rw=
28,53,zntjUx9IELaCKZWs80aWGZK0kvI=,V2LnB6M9mSQoNUNiBshS1juI1Rw=
28,51,zntjUx9IELaCKZWs80aWGZK0kvI=,Skth5yoDTGHDecre7qVR3xV6Ebs=
26,53,zntjUx9IELaCKZWs80aWGZK0kvI=,V2LnB6M9mSQoNUNiBshS1juI1Rw=
29,50,zntjUx9IELaCKZWs80aWGZK0kvI=,Skth5yoDTGHDecre7qVR3xV6Ebs=
26,50,zntjUx9IELaCKZWs80aWGZK0kvI=,Skth5yoDTGHDecre7qVR3xV6Ebs=
27,50,zntjUx9IELaCKZWs80aWGZK0kvI=,Skth5yoDTGHDecre7qVR3xV6Ebs=
27,51,zntjUx9IELaCKZWs80aWGZK0kvI=,Skth5yoDTGHDecre7qVR3xV6Ebs=
27,52,MaOPeOGK4Nf+50VV9syLAFPJ504=,V2LnB6M9mSQoNUNiBshS1juI1Rw=
28,52,MaOPeOGK4Nf+50VV9syLAFPJ504=,V2LnB6M9mSQoNUNiBshS1juI1Rw=
27,53,MaOPeOGK4Nf+50VV9syLAFPJ504=,V2LnB6M9mSQoNUNiBshS1juI1Rw=
26,52,MaOPeOGK4Nf+50VV9syLAFPJ504=,V2LnB6M9mSQoNUNiBshS1juI1Rw=
28,50,MaOPeOGK4Nf+50VV9syLAFPJ504=,Skth5yoDTGHDecre7qVR3xV6Ebs=
29,51,MaOPeOGK4Nf+50VV9syLAFPJ504=,Skth5yoDTGHDecre7qVR3xV6Ebs=
28,54,ANCixrtGwTePxqKsVLwFUAUtCI8=,V2LnB6M9mSQoNUNiBshS1juI1Rw=
28,55,ANCixrtGwTePxqKsVLwFUAUtCI8=,V2LnB6M9mSQoNUNiBshS1juI1Rw=
29,54,ANCixrtGwTePxqKsVLwFUAUtCI8=,V2LnB6M9mSQoNUNiBshS1juI1Rw=
27,57,ANCixrtGwTePxqKsVLwFUAUtCI8=,V2LnB6M9mSQoNUNiBshS1juI1Rw=
29,57,EQQpaQR0CTLH5kn8DrrwSdQxo0s=,V2LnB6M9mSQoNUNiBshS1juI1Rw=
29,55,EQQpaQR0CTLH5kn8DrrwSdQxo0s=,V2LnB6M9mSQoNUNiBshS1juI1Rw=
29,56,EQQpaQR0CTLH5kn8DrrwSdQxo0s=,V2LnB6M9mSQoNUNiBshS1juI1Rw=
28,57,EQQpaQR0CTLH5kn8DrrwSdQxo0s=,V2LnB6M9mSQoNUNiBshS1juI1Rw=
27,56,EQQpaQR0CTLH5kn8DrrwSdQxo0s=,V2LnB6M9mSQoNUNiBshS1juI1Rw=
26,55,EQQpaQR0CTLH5kn8DrrwSdQxo0s=,V2LnB6M9mSQoNUNiBshS1juI1Rw=
26,56,EQQpaQR0CTLH5kn8DrrwSdQxo0s=,V2LnB6M9mSQoNUNiBshS1juI1Rw=
27,55,EQQpaQR0CTLH5kn8DrrwSdQxo0s=,V2LnB6M9mSQoNUNiBshS1juI1Rw=
28,56,EQQpaQR0CTLH5kn8DrrwSdQxo0s=,V2LnB6M9mSQoNUNiBshS1juI1Rw=
27,54,EQQpaQR0CTLH5kn8DrrwSdQxo0s=,V2LnB6M9mSQoNUNiBshS1juI1Rw=
26,57,EQQpaQR0CTLH5kn8DrrwSdQxo0s=,V2LnB6M9mSQoNUNiBshS1juI1Rw=
26,54,EQQpaQR0CTLH5kn8DrrwSdQxo0s=,V2LnB6M9mSQoNUNiBshS1juI1Rw=
25,57,KX0r64CvzTr8oUSwSN+k09YbEJM=,V2LnB6M9mSQoNUNiBshS1juI1Rw=
25,56,KX0r64CvzTr8oUSwSN+k09YbEJM=,V2LnB6M9mSQoNUNiBshS1juI1Rw=
25,54,KX0r64CvzTr8oUSwSN+k09YbEJM=,V2LnB6M9mSQoNUNiBshS1juI1Rw=
24,57,KX0r64CvzTr8oUSwSN+k09YbEJM=,V2LnB6M9mSQoNUNiBshS1juI1Rw=
24,54,KX0r64CvzTr8oUSwSN+k09YbEJM=,V2LnB6M9mSQoNUNiBshS1juI1Rw=
24,55,KX0r64CvzTr8oUSwSN+k09YbEJM=,V2LnB6M9mSQoNUNiBshS1juI1Rw=
25,55,6NzTqtT0kig32Bn6Jeg1iddHS3c=,V2LnB6M9mSQoNUNiBshS1juI1Rw=
23,57,6NzTqtT0kig32Bn6Jeg1iddHS3c=,wgHQGuo0dPSHje9TIDdPI3TPowM=
22,55,6NzTqtT0kig32Bn6Jeg1iddHS3c=,V2LnB6M9mSQoNUNiBshS1juI1Rw=
22,57,6NzTqtT0kig32Bn6Jeg1iddHS3c=,wgHQGuo0dPSHje9TIDdPI3TPowM=
22,56,6NzTqtT0kig32Bn6Jeg1iddHS3c=,wgHQGuo0dPSHje9TIDdPI3TPowM=
23,54,jQaxXlz6zyg10ewomSKVlQ1dXG4=,V2LnB6M9mSQoNUNiBshS1juI1Rw=
24,56,jQaxXlz6zyg10ewomSKVlQ1dXG4=,V2LnB6M9mSQoNUNiBshS1juI1Rw=
23,56,jQaxXlz6zyg10ewomSKVlQ1dXG4=,wgHQGuo0dPSHje9TIDdPI3TPowM=
23,55,jQaxXlz6zyg10ewomSKVlQ1dXG4=,V2LnB6M9mSQoNUNiBshS1juI1Rw=
22,54,y489hxdsMfbtdowqOqxyL/O8df0=,V2LnB6M9mSQoNUNiBshS1juI1Rw=
25,59,y489hxdsMfbtdowqOqxyL/O8df0=,V2LnB6M9mSQoNUNiBshS1juI1Rw=
25,51,y489hxdsMfbtdowqOqxyL/O8df0=,Skth5yoDTGHDecre7qVR3xV6Ebs=
22,52,y489hxdsMfbtdowqOqxyL/O8df0=,V2LnB6M9mSQoNUNiBshS1juI1Rw=
24,59,y489hxdsMfbtdowqOqxyL/O8df0=,V2LnB6M9mSQoNUNiBshS1juI1Rw=
25,50,y489hxdsMfbtdowqOqxyL/O8df0=,Skth5yoDTGHDecre7qVR3xV6Ebs=
24,50,y489hxdsMfbtdowqOqxyL/O8df0=,Skth5yoDTGHDecre7qVR3xV6Ebs=
25,53,NZrYqKHDs1xJhavomw+cugSWIOE=,V2LnB6M9mSQoNUNiBshS1juI1Rw=
24,53,NZrYqKHDs1xJhavomw+cugSWIOE=,V2LnB6M9mSQoNUNiBshS1juI1Rw=
23,53,NZrYqKHDs1xJhavomw+cugSWIOE=,V2LnB6M9mSQoNUNiBshS1juI1Rw=
22,53,NZrYqKHDs1xJhavomw+cugSWIOE=,V2LnB6M9mSQoNUNiBshS1juI1Rw=
25,52,NZrYqKHDs1xJhavomw+cugSWIOE=,V2LnB6M9mSQoNUNiBshS1juI1Rw=
22,50,NZrYqKHDs1xJhavomw+cugSWIOE=,E9wvjc0ZUfUJZWC5H9vTeP2wLz8=
22,59,NZrYqKHDs1xJhavomw+cugSWIOE=,wgHQGuo0dPSHje9TIDdPI3TPowM=
23,59,NZrYqKHDs1xJhavomw+cugSWIOE=,wgHQGuo0dPSHje9TIDdPI3TPowM=
24,51,rI89BFYiVicQtkK9Rh83WmjcKSU=,Skth5yoDTGHDecre7qVR3xV6Ebs=
23,51,rI89BFYiVicQtkK9Rh83WmjcKSU=,E9wvjc0ZUfUJZWC5H9vTeP2wLz8=
22,51,rI89BFYiVicQtkK9Rh83WmjcKSU=,E9wvjc0ZUfUJZWC5H9vTeP2wLz8=
24,52,rI89BFYiVicQtkK9Rh83WmjcKSU=,V2LnB6M9mSQoNUNiBshS1juI1Rw=
23,58,rI89BFYiVicQtkK9Rh83WmjcKSU=,wgHQGuo0dPSHje9TIDdPI3TPowM=
22,60,rI89BFYiVicQtkK9Rh83WmjcKSU=,Hn2S2tTjIChgzQEt5+2ZQgSUpZw=
23,61,rI89BFYiVicQtkK9Rh83WmjcKSU=,Hn2S2tTjIChgzQEt5+2ZQgSUpZw=
23,50,rI89BFYiVicQtkK9Rh83WmjcKSU=,E9wvjc0ZUfUJZWC5H9vTeP2wLz8=
23,52,rI89BFYiVicQtkK9Rh83WmjcKSU=,V2LnB6M9mSQoNUNiBshS1juI1Rw=
25,58,rI89BFYiVicQtkK9Rh83WmjcKSU=,V2LnB6M9mSQoNUNiBshS1juI1Rw=
24,58,rI89BFYiVicQtkK9Rh83WmjcKSU=,V2LnB6M9mSQoNUNiBshS1juI1Rw=
22,58,rI89BFYiVicQtkK9Rh83WmjcKSU=,wgHQGuo0dPSHje9TIDdPI3TPowM=
22,61,rI89BFYiVicQtkK9Rh83WmjcKSU=,Hn2S2tTjIChgzQEt5+2ZQgSUpZw=
24,60,rI89BFYiVicQtkK9Rh83WmjcKSU=,Hn2S2tTjIChgzQEt5+2ZQgSUpZw=
25,60,rI89BFYiVicQtkK9Rh83WmjcKSU=,Hn2S2tTjIChgzQEt5+2ZQgSUpZw=
25,61,rI89BFYiVicQtkK9Rh83WmjcKSU=,Hn2S2tTjIChgzQEt5+2ZQgSUpZw=
23,60,Vf+ukBRCl/hX+WQuMMFRn5oY/IU=,Hn2S2tTjIChgzQEt5+2ZQgSUpZw=
24,61,8xizcbZyx0xsttFomInpUkgHOBI=,Hn2S2tTjIChgzQEt5+2ZQgSUpZw=
19,55,oLSXpIHIREe34fTcKQN9NLig7Ps=,rpPcnaHyKjCQocj2QD9OWq2Zfyk=
21,58,oLSXpIHIREe34fTcKQN9NLig7Ps=,wgHQGuo0dPSHje9TIDdPI3TPowM=
19,51,oLSXpIHIREe34fTcKQN9NLig7Ps=,cXuNpwHHROB9+vKb7TnEm8V/Mys=
18,55,gQJZtN8EDhrujXJXnuwdyOaCE5A=,rpPcnaHyKjCQocj2QD9OWq2Zfyk=
20,59,gQJZtN8EDhrujXJXnuwdyOaCE5A=,wgHQGuo0dPSHje9TIDdPI3TPowM=
26,59,P/KR6PJqpS4ttEzkOx9isSCkBB8=,V2LnB6M9mSQoNUNiBshS1juI1Rw=
20,55,iZiwOKjuNwd3r+ac95f84DpbCrQ=,V2LnB6M9mSQoNUNiBshS1juI1Rw=
21,60,iZiwOKjuNwd3r+ac95f84DpbCrQ=,Hn2S2tTjIChgzQEt5+2ZQgSUpZw=
21,57,iZiwOKjuNwd3r+ac95f84DpbCrQ=,wgHQGuo0dPSHje9TIDdPI3TPowM=
21,56,vYj63bi2aJ7a/anpKiFtxwbC/zw=,wgHQGuo0dPSHje9TIDdPI3TPowM=
21,61,R2Qnm7RQh+qX5T7OQp4nOpdLdd4=,Hn2S2tTjIChgzQEt5+2ZQgSUpZw=
18,58,R2Qnm7RQh+qX5T7OQp4nOpdLdd4=,ixHitYHA/zafwWPrra2lIZA0NTw=
20,51,R2Qnm7RQh+qX5T7OQp4nOpdLdd4=,E9wvjc0ZUfUJZWC5H9vTeP2wLz8=
19,54,R2Qnm7RQh+qX5T7OQp4nOpdLdd4=,rpPcnaHyKjCQocj2QD9OWq2Zfyk=
19,57,R2Qnm7RQh+qX5T7OQp4nOpdLdd4=,ixHitYHA/zafwWPrra2lIZA0NTw=
18,57,R2Qnm7RQh+qX5T7OQp4nOpdLdd4=,ixHitYHA/zafwWPrra2lIZA0NTw=
20,61,RoI7BNNiIWWEFQEFk0RubLMPfpI=,Hn2S2tTjIChgzQEt5+2ZQgSUpZw=
18,54,RoI7BNNiIWWEFQEFk0RubLMPfpI=,rpPcnaHyKjCQocj2QD9OWq2Zfyk=
20,54,RoI7BNNiIWWEFQEFk0RubLMPfpI=,V2LnB6M9mSQoNUNiBshS1juI1Rw=
20,56,RoI7BNNiIWWEFQEFk0RubLMPfpI=,wgHQGuo0dPSHje9TIDdPI3TPowM=
21,59,RoI7BNNiIWWEFQEFk0RubLMPfpI=,wgHQGuo0dPSHje9TIDdPI3TPowM=
20,58,RoI7BNNiIWWEFQEFk0RubLMPfpI=,wgHQGuo0dPSHje9TIDdPI3TPowM=
27,58,RoI7BNNiIWWEFQEFk0RubLMPfpI=,V2LnB6M9mSQoNUNiBshS1juI1Rw=
21,54,RoI7BNNiIWWEFQEFk0RubLMPfpI=,V2LnB6M9mSQoNUNiBshS1juI1Rw=
21,55,RoI7BNNiIWWEFQEFk0RubLMPfpI=,V2LnB6M9mSQoNUNiBshS1juI1Rw=
20,60,RoI7BNNiIWWEFQEFk0RubLMPfpI=,Hn2S2tTjIChgzQEt5+2ZQgSUpZw=
18,56,LOI9GuF9uxyjaCGwEqv+SmuPCMo=,ixHitYHA/zafwWPrra2lIZA0NTw=
28,59,LOI9GuF9uxyjaCGwEqv+SmuPCMo=,V2LnB6M9mSQoNUNiBshS1juI1Rw=
28,58,LOI9GuF9uxyjaCGwEqv+SmuPCMo=,V2LnB6M9mSQoNUNiBshS1juI1Rw=
26,58,LOI9GuF9uxyjaCGwEqv+SmuPCMo=,V2LnB6M9mSQoNUNiBshS1juI1Rw=
29,61,LOI9GuF9uxyjaCGwEqv+SmuPCMo=,V2LnB6M9mSQoNUNiBshS1juI1Rw=
20,50,LOI9GuF9uxyjaCGwEqv+SmuPCMo=,E9wvjc0ZUfUJZWC5H9vTeP2wLz8=
29,59,5yjEYCMv8MzgUlg6IqRtpVPaC7s=,V2LnB6M9mSQoNUNiBshS1juI1Rw=
20,57,5yjEYCMv8MzgUlg6IqRtpVPaC7s=,wgHQGuo0dPSHje9TIDdPI3TPowM=
27,59,5yjEYCMv8MzgUlg6IqRtpVPaC7s=,V2LnB6M9mSQoNUNiBshS1juI1Rw=
26,60,5yjEYCMv8MzgUlg6IqRtpVPaC7s=,Hn2S2tTjIChgzQEt5+2ZQgSUpZw=
26,61,5yjEYCMv8MzgUlg6IqRtpVPaC7s=,Hn2S2tTjIChgzQEt5+2ZQgSUpZw=
27,61,5yjEYCMv8MzgUlg6IqRtpVPaC7s=,Hn2S2tTjIChgzQEt5+2ZQgSUpZw=
19,61,5yjEYCMv8MzgUlg6IqRtpVPaC7s=,X7JYwheoThajA26vW2Ivso0+DUQ=
28,61,5yjEYCMv8MzgUlg6IqRtpVPaC7s=,V2LnB6M9mSQoNUNiBshS1juI1Rw=
18,60,5yjEYCMv8MzgUlg6IqRtpVPaC7s=,X7JYwheoThajA26vW2Ivso0+DUQ=
19,58,ilLNdwXa0ZURePhgGKfR/pRDFbI=,ixHitYHA/zafwWPrra2lIZA0NTw=
19,60,ilLNdwXa0ZURePhgGKfR/pRDFbI=,X7JYwheoThajA26vW2Ivso0+DUQ=
27,60,ilLNdwXa0ZURePhgGKfR/pRDFbI=,Hn2S2tTjIChgzQEt5+2ZQgSUpZw=
19,59,ilLNdwXa0ZURePhgGKfR/pRDFbI=,ixHitYHA/zafwWPrra2lIZA0NTw=
19,52,ilLNdwXa0ZURePhgGKfR/pRDFbI=,rpPcnaHyKjCQocj2QD9OWq2Zfyk=
20,52,ilLNdwXa0ZURePhgGKfR/pRDFbI=,V2LnB6M9mSQoNUNiBshS1juI1Rw=
18,61,b+prGy+Y/Q6tfd4iMnomiX/DwAs=,X7JYwheoThajA26vW2Ivso0+DUQ=
18,52,b+prGy+Y/Q6tfd4iMnomiX/DwAs=,rpPcnaHyKjCQocj2QD9OWq2Zfyk=
19,50,b+prGy+Y/Q6tfd4iMnomiX/DwAs=,cXuNpwHHROB9+vKb7TnEm8V/Mys=
18,50,b+prGy+Y/Q6tfd4iMnomiX/DwAs=,cXuNpwHHROB9+vKb7TnEm8V/Mys=
18,59,b+prGy+Y/Q6tfd4iMnomiX/DwAs=,ixHitYHA/zafwWPrra2lIZA0NTw=
18,51,b+prGy+Y/Q6tfd4iMnomiX/DwAs=,cXuNpwHHROB9+vKb7TnEm8V/Mys=
19,56,b+prGy+Y/Q6tfd4iMnomiX/DwAs=,ixHitYHA/zafwWPrra2lIZA0NTw=
28,60,b+prGy+Y/Q6tfd4iMnomiX/DwAs=,V2LnB6M9mSQoNUNiBshS1juI1Rw=
19,53,b+prGy+Y/Q6tfd4iMnomiX/DwAs=,rpPcnaHyKjCQocj2QD9OWq2Zfyk=
29,58,b+prGy+Y/Q6tfd4iMnomiX/DwAs=,V2LnB6M9mSQoNUNiBshS1juI1Rw=
29,60,b+prGy+Y/Q6tfd4iMnomiX/DwAs=,V2LnB6M9mSQoNUNiBshS1juI1Rw=
18,53,b+prGy+Y/Q6tfd4iMnomiX/DwAs=,rpPcnaHyKjCQocj2QD9OWq2Zfyk=
21,51,b+prGy+Y/Q6tfd4iMnomiX/DwAs=,E9wvjc0ZUfUJZWC5H9vTeP2wLz8=
21,52,b+prGy+Y/Q6tfd4iMnomiX/DwAs=,V2LnB6M9mSQoNUNiBshS1juI1Rw=
21,53,b+prGy+Y/Q6tfd4iMnomiX/DwAs=,V2LnB6M9mSQoNUNiBshS1juI1Rw=
20,53,b+prGy+Y/Q6tfd4iMnomiX/DwAs=,V2LnB6M9mSQoNUNiBshS1juI1Rw=
21,50,b+prGy+Y/Q6tfd4iMnomiX/DwAs=,E9wvjc0ZUfUJZWC5H9vTeP2wLz8=
31,52,b+prGy+Y/Q6tfd4iMnomiX/DwAs=,V2LnB6M9mSQoNUNiBshS1juI1Rw=
31,53,b+prGy+Y/Q6tfd4iMnomiX/DwAs=,V2LnB6M9mSQoNUNiBshS1juI1Rw=
31,51,b+prGy+Y/Q6tfd4iMnomiX/DwAs=,Skth5yoDTGHDecre7qVR3xV6Ebs=
30,50,b+prGy+Y/Q6tfd4iMnomiX/DwAs=,Skth5yoDTGHDecre7qVR3xV6Ebs=
30,52,b+prGy+Y/Q6tfd4iMnomiX/DwAs=,V2LnB6M9mSQoNUNiBshS1juI1Rw=
31,50,b+prGy+Y/Q6tfd4iMnomiX/DwAs=,Skth5yoDTGHDecre7qVR3xV6Ebs=
29,63,b+prGy+Y/Q6tfd4iMnomiX/DwAs=,V2LnB6M9mSQoNUNiBshS1juI1Rw=
30,63,b+prGy+Y/Q6tfd4iMnomiX/DwAs=,V2LnB6M9mSQoNUNiBshS1juI1Rw=
30,53,b+prGy+Y/Q6tfd4iMnomiX/DwAs=,V2LnB6M9mSQoNUNiBshS1juI1Rw=
31,63,vzVX9VeEO5oAVue+9iteGOPDSUc=,V2LnB6M9mSQoNUNiBshS1juI1Rw=
31,59,vzVX9VeEO5oAVue+9iteGOPDSUc=,V2LnB6M9mSQoNUNiBshS1juI1Rw=
30,51,vzVX9VeEO5oAVue+9iteGOPDSUc=,Skth5yoDTGHDecre7qVR3xV6Ebs=
31,58,vzVX9VeEO5oAVue+9iteGOPDSUc=,V2LnB6M9mSQoNUNiBshS1juI1Rw=
31,54,vzVX9VeEO5oAVue+9iteGOPDSUc=,V2LnB6M9mSQoNUNiBshS1juI1Rw=
31,62,vzVX9VeEO5oAVue+9iteGOPDSUc=,V2LnB6M9mSQoNUNiBshS1juI1Rw=
31,57,vzVX9VeEO5oAVue+9iteGOPDSUc=,V2LnB6M9mSQoNUNiBshS1juI1Rw=
31,55,vzVX9VeEO5oAVue+9iteGOPDSUc=,V2LnB6M9mSQoNUNiBshS1juI1Rw=
30,58,vzVX9VeEO5oAVue+9iteGOPDSUc=,V2LnB6M9mSQoNUNiBshS1juI1Rw=
30,62,vzVX9VeEO5oAVue+9iteGOPDSUc=,V2LnB6M9mSQoNUNiBshS1juI1Rw=
31,61,vzVX9VeEO5oAVue+9iteGOPDSUc=,V2LnB6M9mSQoNUNiBshS1juI1Rw=
30,57,vzVX9VeEO5oAVue+9iteGOPDSUc=,V2LnB6M9mSQoNUNiBshS1juI1Rw=
30,56,vzVX9VeEO5oAVue+9iteGOPDSUc=,V2LnB6M9mSQoNUNiBshS1juI1Rw=
30,54,vzVX9VeEO5oAVue+9iteGOPDSUc=,V2LnB6M9mSQoNUNiBshS1juI1Rw=
30,55,vzVX9VeEO5oAVue+9iteGOPDSUc=,V2LnB6M9mSQoNUNiBshS1juI1Rw=
30,60,vzVX9VeEO5oAVue+9iteGOPDSUc=,V2LnB6M9mSQoNUNiBshS1juI1Rw=
30,61,vzVX9VeEO5oAVue+9iteGOPDSUc=,V2LnB6M9mSQoNUNiBshS1juI1Rw=
16,61,vzVX9VeEO5oAVue+9iteGOPDSUc=,X7JYwheoThajA26vW2Ivso0+DUQ=
31,60,vzVX9VeEO5oAVue+9iteGOPDSUc=,V2LnB6M9mSQoNUNiBshS1juI1Rw=
17,61,vzVX9VeEO5oAVue+9iteGOPDSUc=,X7JYwheoThajA26vW2Ivso0+DUQ=
28,63,vzVX9VeEO5oAVue+9iteGOPDSUc=,V2LnB6M9mSQoNUNiBshS1juI1Rw=
30,59,vzVX9VeEO5oAVue+9iteGOPDSUc=,V2LnB6M9mSQoNUNiBshS1juI1Rw=
27,63,s8kJ/dGURIr05IyWg33dlhQF2Ck=,Hn2S2tTjIChgzQEt5+2ZQgSUpZw=
17,59,s8kJ/dGURIr05IyWg33dlhQF2Ck=,ixHitYHA/zafwWPrra2lIZA0NTw=
26,63,s8kJ/dGURIr05IyWg33dlhQF2Ck=,Hn2S2tTjIChgzQEt5+2ZQgSUpZw=
25,63,s8kJ/dGURIr05IyWg33dlhQF2Ck=,Hn2S2tTjIChgzQEt5+2ZQgSUpZw=
17,60,s8kJ/dGURIr05IyWg33dlhQF2Ck=,X7JYwheoThajA26vW2Ivso0+DUQ=
16,59,s8kJ/dGURIr05IyWg33dlhQF2Ck=,ixHitYHA/zafwWPrra2lIZA0NTw=
31,56,s8kJ/dGURIr05IyWg33dlhQF2Ck=,V2LnB6M9mSQoNUNiBshS1juI1Rw=
16,58,s8kJ/dGURIr05IyWg33dlhQF2Ck=,ixHitYHA/zafwWPrra2lIZA0NTw=
16,60,s8kJ/dGURIr05IyWg33dlhQF2Ck=,X7JYwheoThajA26vW2Ivso0+DUQ=
17,58,s8kJ/dGURIr05IyWg33dlhQF2Ck=,ixHitYHA/zafwWPrra2lIZA0NTw=
17,62,s8kJ/dGURIr05IyWg33dlhQF2Ck=,X7JYwheoThajA26vW2Ivso0+DUQ=
28,62,s8kJ/dGURIr05IyWg33dlhQF2Ck=,V2LnB6M9mSQoNUNiBshS1juI1Rw=
17,63,s8kJ/dGURIr05IyWg33dlhQF2Ck=,X7JYwheoThajA26vW2Ivso0+DUQ=
29,62,s8kJ/dGURIr05IyWg33dlhQF2Ck=,V2LnB6M9mSQoNUNiBshS1juI1Rw=
27,62,s8kJ/dGURIr05IyWg33dlhQF2Ck=,Hn2S2tTjIChgzQEt5+2ZQgSUpZw=
26,62,s8kJ/dGURIr05IyWg33dlhQF2Ck=,Hn2S2tTjIChgzQEt5+2ZQgSUpZw=
23,63,s8kJ/dGURIr05IyWg33dlhQF2Ck=,Hn2S2tTjIChgzQEt5+2ZQgSUpZw=
21,63,s8kJ/dGURIr05IyWg33dlhQF2Ck=,Hn2S2tTjIChgzQEt5+2ZQgSUpZw=
20,63,s8kJ/dGURIr05IyWg33dlhQF2Ck=,Hn2S2tTjIChgzQEt5+2ZQgSUpZw=
22,63,s8kJ/dGURIr05IyWg33dlhQF2Ck=,Hn2S2tTjIChgzQEt5+2ZQgSUpZw=
24,63,s8kJ/dGURIr05IyWg33dlhQF2Ck=,Hn2S2tTjIChgzQEt5+2ZQgSUpZw=
19,63,s8kJ/dGURIr05IyWg33dlhQF2Ck=,X7JYwheoThajA26vW2Ivso0+DUQ=
21,62,s8kJ/dGURIr05IyWg33dlhQF2Ck=,Hn2S2tTjIChgzQEt5+2ZQgSUpZw=
16,62,s8kJ/dGURIr05IyWg33dlhQF2Ck=,X7JYwheoThajA26vW2Ivso0+DUQ=
24,62,s8kJ/dGURIr05IyWg33dlhQF2Ck=,Hn2S2tTjIChgzQEt5+2ZQgSUpZw=
16,63,s8kJ/dGURIr05IyWg33dlhQF2Ck=,X7JYwheoThajA26vW2Ivso0+DUQ=
22,62,s8kJ/dGURIr05IyWg33dlhQF2Ck=,Hn2S2tTjIChgzQEt5+2ZQgSUpZw=
23,62,s8kJ/dGURIr05IyWg33dlhQF2Ck=,Hn2S2tTjIChgzQEt5+2ZQgSUpZw=
25,62,s8kJ/dGURIr05IyWg33dlhQF2Ck=,Hn2S2tTjIChgzQEt5+2ZQgSUpZw=
19,62,s8kJ/dGURIr05IyWg33dlhQF2Ck=,X7JYwheoThajA26vW2Ivso0+DUQ=
18,62,s8kJ/dGURIr05IyWg33dlhQF2Ck=,X7JYwheoThajA26vW2Ivso0+DUQ=
20,62,s8kJ/dGURIr05IyWg33dlhQF2Ck=,Hn2S2tTjIChgzQEt5+2ZQgSUpZw=
18,63,s8kJ/dGURIr05IyWg33dlhQF2Ck=,X7JYwheoThajA26vW2Ivso0+DUQ=
29,48,s8kJ/dGURIr05IyWg33dlhQF2Ck=,Skth5yoDTGHDecre7qVR3xV6Ebs=
22,48,s8kJ/dGURIr05IyWg33dlhQF2Ck=,E9wvjc0ZUfUJZWC5H9vTeP2wLz8=
19,48,s8kJ/dGURIr05IyWg33dlhQF2Ck=,cXuNpwHHROB9+vKb7TnEm8V/Mys=
24,48,s8kJ/dGURIr05IyWg33dlhQF2Ck=,Skth5yoDTGHDecre7qVR3xV6Ebs=
21,49,s8kJ/dGURIr05IyWg33dlhQF2Ck=,E9wvjc0ZUfUJZWC5H9vTeP2wLz8=
22,49,s8kJ/dGURIr05IyWg33dlhQF2Ck=,E9wvjc0ZUfUJZWC5H9vTeP2wLz8=
20,48,s8kJ/dGURIr05IyWg33dlhQF2Ck=,E9wvjc0ZUfUJZWC5H9vTeP2wLz8=
25,49,s8kJ/dGURIr05IyWg33dlhQF2Ck=,Skth5yoDTGHDecre7qVR3xV6Ebs=
28,48,s8kJ/dGURIr05IyWg33dlhQF2Ck=,Skth5yoDTGHDecre7qVR3xV6Ebs=
25,48,s8kJ/dGURIr05IyWg33dlhQF2Ck=,Skth5yoDTGHDecre7qVR3xV6Ebs=
23,49,s8kJ/dGURIr05IyWg33dlhQF2Ck=,E9wvjc0ZUfUJZWC5H9vTeP2wLz8=
26,49,s8kJ/dGURIr05IyWg33dlhQF2Ck=,Skth5yoDTGHDecre7qVR3xV6Ebs=
18,49,s8kJ/dGURIr05IyWg33dlhQF2Ck=,cXuNpwHHROB9+vKb7TnEm8V/Mys=
20,49,s8kJ/dGURIr05IyWg33dlhQF2Ck=,E9wvjc0ZUfUJZWC5H9vTeP2wLz8=
28,49,s8kJ/dGURIr05IyWg33dlhQF2Ck=,Skth5yoDTGHDecre7qVR3xV6Ebs=
29,49,s8kJ/dGURIr05IyWg33dlhQF2Ck=,Skth5yoDTGHDecre7qVR3xV6Ebs=
24,49,s8kJ/dGURIr05IyWg33dlhQF2Ck=,Skth5yoDTGHDecre7qVR3xV6Ebs=
19,49,s8kJ/dGURIr05IyWg33dlhQF2Ck=,cXuNpwHHROB9+vKb7TnEm8V/Mys=
18,48,s8kJ/dGURIr05IyWg33dlhQF2Ck=,cXuNpwHHROB9+vKb7TnEm8V/Mys=
27,48,s8kJ/dGURIr05IyWg33dlhQF2Ck=,Skth5yoDTGHDecre7qVR3xV6Ebs=
23,48,s8kJ/dGURIr05IyWg33dlhQF2Ck=,E9wvjc0ZUfUJZWC5H9vTeP2wLz8=
27,49,s8kJ/dGURIr05IyWg33dlhQF2Ck=,Skth5yoDTGHDecre7qVR3xV6Ebs=
26,48,s8kJ/dGURIr05IyWg33dlhQF2Ck=,Skth5yoDTGHDecre7qVR3xV6Ebs=
21,48,s8kJ/dGURIr05IyWg33dlhQF2Ck=,E9wvjc0ZUfUJZWC5H9vTeP2wLz8=
30,48,s8kJ/dGURIr05IyWg33dlhQF2Ck=,Skth5yoDTGHDecre7qVR3xV6Ebs=
31,48,s8kJ/dGURIr05IyWg33dlhQF2Ck=,Skth5yoDTGHDecre7qVR3xV6Ebs=
31,49,s8kJ/dGURIr05IyWg33dlhQF2Ck=,Skth5yoDTGHDecre7qVR3xV6Ebs=
30,49,s8kJ/dGURIr05IyWg33dlhQF2Ck=,Skth5yoDTGHDecre7qVR3xV6Ebs=
16,56,s8kJ/dGURIr05IyWg33dlhQF2Ck=,ixHitYHA/zafwWPrra2lIZA0NTw=
17,49,s8kJ/dGURIr05IyWg33dlhQF2Ck=,cXuNpwHHROB9+vKb7TnEm8V/Mys=
17,50,s8kJ/dGURIr05IyWg33dlhQF2Ck=,cXuNpwHHROB9+vKb7TnEm8V/Mys=
17,57,s8kJ/dGURIr05IyWg33dlhQF2Ck=,ixHitYHA/zafwWPrra2lIZA0NTw=
17,55,s8kJ/dGURIr05IyWg33dlhQF2Ck=,rpPcnaHyKjCQocj2QD9OWq2Zfyk=
17,56,s8kJ/dGURIr05IyWg33dlhQF2Ck=,ixHitYHA/zafwWPrra2lIZA0NTw=
16,57,s8kJ/dGURIr05IyWg33dlhQF2Ck=,ixHitYHA/zafwWPrra2lIZA0NTw=
16,55,s8kJ/dGURIr05IyWg33dlhQF2Ck=,rpPcnaHyKjCQocj2QD9OWq2Zfyk=
16,53,s8kJ/dGURIr05IyWg33dlhQF2Ck=,rpPcnaHyKjCQocj2QD9OWq2Zfyk=
17,52,s8kJ/dGURIr05IyWg33dlhQF2Ck=,rpPcnaHyKjCQocj2QD9OWq2Zfyk=
17,48,s8kJ/dGURIr05IyWg33dlhQF2Ck=,cXuNpwHHROB9+vKb7TnEm8V/Mys=
17,51,s8kJ/dGURIr05IyWg33dlhQF2Ck=,cXuNpwHHROB9+vKb7TnEm8V/Mys=
16,52,s8kJ/dGURIr05IyWg33dlhQF2Ck=,rpPcnaHyKjCQocj2QD9OWq2Zfyk=
17,54,s8kJ/dGURIr05IyWg33dlhQF2Ck=,rpPcnaHyKjCQocj2QD9OWq2Zfyk=
17,53,s8kJ/dGURIr05IyWg33dlhQF2Ck=,rpPcnaHyKjCQocj2QD9OWq2Zfyk=
16,48,s8kJ/dGURIr05IyWg33dlhQF2Ck=,cXuNpwHHROB9+vKb7TnEm8V/Mys=
16,54,s8kJ/dGURIr05IyWg33dlhQF2Ck=,rpPcnaHyKjCQocj2QD9OWq2Zfyk=
16,51,s8kJ/dGURIr05IyWg33dlhQF2Ck=,cXuNpwHHROB9+vKb7TnEm8V/Mys=
16,50,s8kJ/dGURIr05IyWg33dlhQF2Ck=,cXuNpwHHROB9+vKb7TnEm8V/Mys=
16,49,s8kJ/dGURIr05IyWg33dlhQF2Ck=,cXuNpwHHROB9+vKb7TnEm8V/Mys=
29,37,DmRs/QUtt4sBxv1yWbJL512/9Ew=,kD31pt7ppGLiB9VM6xCBoGBjqrc=
27,34,DmRs/QUtt4sBxv1yWbJL512/9Ew=,WZBlI7CspRNUT6FhjAgVvuwc4oU=
29,36,DmRs/QUtt4sBxv1yWbJL512/9Ew=,kD31pt7ppGLiB9VM6xCBoGBjqrc=
28,37,DmRs/QUtt4sBxv1yWbJL512/9Ew=,kD31pt7ppGLiB9VM6xCBoGBjqrc=
26,35,59/sHLW+TFfqNhpiO7Hjlzeg5VY=,WZBlI7CspRNUT6FhjAgVvuwc4oU=
29,34,59/sHLW+TFfqNhpiO7Hjlzeg5VY=,wXCiydtmsJn7FqiwLwTDHk7pPVY=
28,35,59/sHLW+TFfqNhpiO7Hjlzeg5VY=,wXCiydtmsJn7FqiwLwTDHk7pPVY=
29,35,59/sHLW+TFfqNhpiO7Hjlzeg5VY=,wXCiydtmsJn7FqiwLwTDHk7pPVY=
26,37,59/sHLW+TFfqNhpiO7Hjlzeg5VY=,p15p0uwGa5kFq/MZfnVwLtBIylM=
28,34,59/sHLW+TFfqNhpiO7Hjlzeg5VY=,wXCiydtmsJn7FqiwLwTDHk7pPVY=
27,37,59/sHLW+TFfqNhpiO7Hjlzeg5VY=,p15p0uwGa5kFq/MZfnVwLtBIylM=
28,36,59/sHLW+TFfqNhpiO7Hjlzeg5VY=,kD31pt7ppGLiB9VM6xCBoGBjqrc=
27,36,59/sHLW+TFfqNhpiO7Hjlzeg5VY=,p15p0uwGa5kFq/MZfnVwLtBIylM=
27,35,59/sHLW+TFfqNhpiO7Hjlzeg5VY=,WZBlI7CspRNUT6FhjAgVvuwc4oU=
26,36,59/sHLW+TFfqNhpiO7Hjlzeg5VY=,p15p0uwGa5kFq/MZfnVwLtBIylM=
26,34,6hb83hIKSyXbNSIoodrDDpfnukc=,WZBlI7CspRNUT6FhjAgVvuwc4oU=
23,35,QI4xPFmZCCs8zDSgyKjIBlLlbUU=,sAQvnuYtndw2vNWANTNK5c3vN9s=
23,34,QI4xPFmZCCs8zDSgyKjIBlLlbUU=,sAQvnuYtndw2vNWANTNK5c3vN9s=
25,37,oEzzwjb5fOQcJ3Y+RTKfimbBylk=,p15p0uwGa5kFq/MZfnVwLtBIylM=
22,36,oEzzwjb5fOQcJ3Y+RTKfimbBylk=,v9o35XL7dzQiOrJnzN4kv5S8eC8=
23,37,f/yplCIHnCGP3Cq8kf7RpY0bQm0=,v9o35XL7dzQiOrJnzN4kv5S8eC8=
23,36,f/yplCIHnCGP3Cq8kf7RpY0bQm0=,v9o35XL7dzQiOrJnzN4kv5S8eC8=
25,34,f/yplCIHnCGP3Cq8kf7RpY0bQm0=,WZBlI7CspRNUT6FhjAgVvuwc4oU=
22,37,f/yplCIHnCGP3Cq8kf7RpY0bQm0=,v9o35XL7dzQiOrJnzN4kv5S8eC8=
24,36,f/yplCIHnCGP3Cq8kf7RpY0bQm0=,p15p0uwGa5kFq/MZfnVwLtBIylM=
24,34,f/yplCIHnCGP3Cq8kf7RpY0bQm0=,WZBlI7CspRNUT6FhjAgVvuwc4oU=
25,36,f/yplCIHnCGP3Cq8kf7RpY0bQm0=,p15p0uwGa5kFq/MZfnVwLtBIylM=
22,34,f/yplCIHnCGP3Cq8kf7RpY0bQm0=,sAQvnuYtndw2vNWANTNK5c3vN9s=
25,35,f/yplCIHnCGP3Cq8kf7RpY0bQm0=,WZBlI7CspRNUT6FhjAgVvuwc4oU=
22,35,f/yplCIHnCGP3Cq8kf7RpY0bQm0=,sAQvnuYtndw2vNWANTNK5c3vN9s=
24,37,f/yplCIHnCGP3Cq8kf7RpY0bQm0=,p15p0uwGa5kFq/MZfnVwLtBIylM=
24,35,f/yplCIHnCGP3Cq8kf7RpY0bQm0=,WZBlI7CspRNUT6FhjAgVvuwc4oU=
21,37,xxO5XEvKLLkeMaio2OGa0BCfK3c=,v9o35XL7dzQiOrJnzN4kv5S8eC8=
18,37,xxO5XEvKLLkeMaio2OGa0BCfK3c=,KrwLOFAlHp4qIbfDlT3uJamUFq4=
18,35,RkdN1/LwCIcVZm3EXs87r0E6HfM=,Z5jo/QjbFelCgeJAmLYLZRSvClc=
18,34,RkdN1/LwCIcVZm3EXs87r0E6HfM=,Z5jo/QjbFelCgeJAmLYLZRSvClc=
19,35,ibsYM6t6GD+xfXVagj0f9K8HvSg=,Z5jo/QjbFelCgeJAmLYLZRSvClc=
19,37,ibsYM6t6GD+xfXVagj0f9K8HvSg=,KrwLOFAlHp4qIbfDlT3uJamUFq4=
19,36,ibsYM6t6GD+xfXVagj0f9K8HvSg=,KrwLOFAlHp4qIbfDlT3uJamUFq4=
21,36,ibsYM6t6GD+xfXVagj0f9K8HvSg=,v9o35XL7dzQiOrJnzN4kv5S8eC8=
20,37,ibsYM6t6GD+xfXVagj0f9K8HvSg=,v9o35XL7dzQiOrJnzN4kv5S8eC8=
18,36,ibsYM6t6GD+xfXVagj0f9K8HvSg=,KrwLOFAlHp4qIbfDlT3uJamUFq4=
20,35,ibsYM6t6GD+xfXVagj0f9K8HvSg=,sAQvnuYtndw2vNWANTNK5c3vN9s=
20,34,ibsYM6t6GD+xfXVagj0f9K8HvSg=,sAQvnuYtndw2vNWANTNK5c3vN9s=
21,34,ibsYM6t6GD+xfXVagj0f9K8HvSg=,sAQvnuYtndw2vNWANTNK5c3vN9s=
20,36,ibsYM6t6GD+xfXVagj0f9K8HvSg=,v9o35XL7dzQiOrJnzN4kv5S8eC8=
21,35,ibsYM6t6GD+xfXVagj0f9K8HvSg=,sAQvnuYtndw2vNWANTNK5c3vN9s=
19,34,ibsYM6t6GD+xfXVagj0f9K8HvSg=,Z5jo/QjbFelCgeJAmLYLZRSvClc=
20,41,1iZgUeKc1k3Fk58rNGmWvH0szqQ=,gkpp6KaofZP2vbSAApXBUzuK+Vw=
21,40,1iZgUeKc1k3Fk58rNGmWvH0szqQ=,gkpp6KaofZP2vbSAApXBUzuK+Vw=
18,40,1iZgUeKc1k3Fk58rNGmWvH0szqQ=,QUD1PiQjwlo0Ms5HWlx4T+WY56E=
19,45,1iZgUeKc1k3Fk58rNGmWvH0szqQ=,gpNnE2hSNMZZh5eHUC5Y9JeGT/k=
20,39,1iZgUeKc1k3Fk58rNGmWvH0szqQ=,v9o35XL7dzQiOrJnzN4kv5S8eC8=
19,39,jKRjnGbacd5U1phV7Xr+Sajl5Tw=,KrwLOFAlHp4qIbfDlT3uJamUFq4=
18,44,jKRjnGbacd5U1phV7Xr+Sajl5Tw=,gpNnE2hSNMZZh5eHUC5Y9JeGT/k=
21,38,eD0amlA7fWT4VlDWE17JPaLn3FM=,v9o35XL7dzQiOrJnzN4kv5S8eC8=
21,41,eD0amlA7fWT4VlDWE17JPaLn3FM=,gkpp6KaofZP2vbSAApXBUzuK+Vw=
18,38,eD0amlA7fWT4VlDWE17JPaLn3FM=,KrwLOFAlHp4qIbfDlT3uJamUFq4=
18,45,N7QN6hc69jVjiMnvT/RXwydb3mQ=,gpNnE2hSNMZZh5eHUC5Y9JeGT/k=
19,40,xCguOLQNseLjVC6rqljSXcM1r+Q=,QUD1PiQjwlo0Ms5HWlx4T+WY56E=
19,38,xCguOLQNseLjVC6rqljSXcM1r+Q=,KrwLOFAlHp4qIbfDlT3uJamUFq4=
20,40,xCguOLQNseLjVC6rqljSXcM1r+Q=,gkpp6KaofZP2vbSAApXBUzuK+Vw=
18,39,xCguOLQNseLjVC6rqljSXcM1r+Q=,KrwLOFAlHp4qIbfDlT3uJamUFq4=
18,42,xCguOLQNseLjVC6rqljSXcM1r+Q=,QUD1PiQjwlo0Ms5HWlx4T+WY56E=
19,44,xCguOLQNseLjVC6rqljSXcM1r+Q=,gpNnE2hSNMZZh5eHUC5Y9JeGT/k=
20,42,xCguOLQNseLjVC6rqljSXcM1r+Q=,gkpp6KaofZP2vbSAApXBUzuK+Vw=
19,42,xCguOLQNseLjVC6rqljSXcM1r+Q=,QUD1PiQjwlo0Ms5HWlx4T+WY56E=
18,43,xCguOLQNseLjVC6rqljSXcM1r+Q=,QUD1PiQjwlo0Ms5HWlx4T+WY56E=
18,41,xCguOLQNseLjVC6rqljSXcM1r+Q=,QUD1PiQjwlo0Ms5HWlx4T+WY56E=
20,44,xCguOLQNseLjVC6rqljSXcM1r+Q=,V2LnB6M9mSQoNUNiBshS1juI1Rw=
21,39,xCguOLQNseLjVC6rqljSXcM1r+Q=,v9o35XL7dzQiOrJnzN4kv5S8eC8=
20,45,xCguOLQNseLjVC6rqljSXcM1r+Q=,V2LnB6M9mSQoNUNiBshS1juI1Rw=
19,43,xCguOLQNseLjVC6rqljSXcM1r+Q=,QUD1PiQjwlo0Ms5HWlx4T+WY56E=
21,44,xCguOLQNseLjVC6rqljSXcM1r+Q=,V2LnB6M9mSQoNUNiBshS1juI1Rw=
20,38,xCguOLQNseLjVC6rqljSXcM1r+Q=,v9o35XL7dzQiOrJnzN4kv5S8eC8=
21,45,xCguOLQNseLjVC6rqljSXcM1r+Q=,V2LnB6M9mSQoNUNiBshS1juI1Rw=
21,43,xCguOLQNseLjVC6rqljSXcM1r+Q=,gkpp6KaofZP2vbSAApXBUzuK+Vw=
20,43,xCguOLQNseLjVC6rqljSXcM1r+Q=,gkpp6KaofZP2vbSAApXBUzuK+Vw=
21,42,xCguOLQNseLjVC6rqljSXcM1r+Q=,gkpp6KaofZP2vbSAApXBUzuK+Vw=
19,41,xCguOLQNseLjVC6rqljSXcM1r+Q=,QUD1PiQjwlo0Ms5HWlx4T+WY56E=
22,39,3VjbJmdsgc7z2GIUUrJy2bNdLXI=,v9o35XL7dzQiOrJnzN4kv5S8eC8=
22,45,3VjbJmdsgc7z2GIUUrJy2bNdLXI=,V2LnB6M9mSQoNUNiBshS1juI1Rw=
23,43,3VjbJmdsgc7z2GIUUrJy2bNdLXI=,gkpp6KaofZP2vbSAApXBUzuK+Vw=
22,40,3VjbJmdsgc7z2GIUUrJy2bNdLXI=,gkpp6KaofZP2vbSAApXBUzuK+Vw=
22,44,IlNSnxkW45DdAgdnpC9i2GssDU4=,V2LnB6M9mSQoNUNiBshS1juI1Rw=
22,41,IlNSnxkW45DdAgdnpC9i2GssDU4=,gkpp6KaofZP2vbSAApXBUzuK+Vw=
25,44,kODYgoVZpcjEKD2o30l6DzXnalo=,eC04VPqoFecuY9CSglLwNtXFewQ=
24,40,kODYgoVZpcjEKD2o30l6DzXnalo=,gkpp6KaofZP2vbSAApXBUzuK+Vw=
25,38,kODYgoVZpcjEKD2o30l6DzXnalo=,p15p0uwGa5kFq/MZfnVwLtBIylM=
22,42,kODYgoVZpcjEKD2o30l6DzXnalo=,gkpp6KaofZP2vbSAApXBUzuK+Vw=
24,38,kODYgoVZpcjEKD2o30l6DzXnalo=,p15p0uwGa5kFq/MZfnVwLtBIylM=
22,43,/Ji6ha9ZOsyEZhixX7I7FFwq13Q=,gkpp6KaofZP2vbSAApXBUzuK+Vw=
27,38,gB3k+hpvwae205kRUe7slIlNyo0=,p15p0uwGa5kFq/MZfnVwLtBIylM=
23,45,gB3k+hpvwae205kRUe7slIlNyo0=,V2LnB6M9mSQoNUNiBshS1juI1Rw=
25,45,NxImjgnwNeMkruwfDhT2s1gAEmM=,eC04VPqoFecuY9CSglLwNtXFewQ=
24,41,NxImjgnwNeMkruwfDhT2s1gAEmM=,gkpp6KaofZP2vbSAApXBUzuK+Vw=
25,40,NxImjgnwNeMkruwfDhT2s1gAEmM=,gkpp6KaofZP2vbSAApXBUzuK+Vw=
24,44,NxImjgnwNeMkruwfDhT2s1gAEmM=,eC04VPqoFecuY9CSglLwNtXFewQ=
23,38,8/JbjWMkrjp5DY052h6kmwkOg0E=,v9o35XL7dzQiOrJnzN4kv5S8eC8=
25,41,8/JbjWMkrjp5DY052h6kmwkOg0E=,gkpp6KaofZP2vbSAApXBUzuK+Vw=
23,41,8/JbjWMkrjp5DY052h6kmwkOg0E=,gkpp6KaofZP2vbSAApXBUzuK+Vw=
22,38,8/JbjWMkrjp5DY052h6kmwkOg0E=,v9o35XL7dzQiOrJnzN4kv5S8eC8=
24,45,8/JbjWMkrjp5DY052h6kmwkOg0E=,eC04VPqoFecuY9CSglLwNtXFewQ=
23,44,8/JbjWMkrjp5DY052h6kmwkOg0E=,V2LnB6M9mSQoNUNiBshS1juI1Rw=
23,42,8/JbjWMkrjp5DY052h6kmwkOg0E=,gkpp6KaofZP2vbSAApXBUzuK+Vw=
23,40,8/JbjWMkrjp5DY052h6kmwkOg0E=,gkpp6KaofZP2vbSAApXBUzuK+Vw=
23,39,8/JbjWMkrjp5DY052h6kmwkOg0E=,v9o35XL7dzQiOrJnzN4kv5S8eC8=
24,42,QKx8fYi3z6t9LMCIi1XiAcEwSjk=,gkpp6KaofZP2vbSAApXBUzuK+Vw=
25,42,HhFEZnWWxegRm7jaXxYq3FmyLRw=,gkpp6KaofZP2vbSAApXBUzuK+Vw=
29,42,HhFEZnWWxegRm7jaXxYq3FmyLRw=,kD31pt7ppGLiB9VM6xCBoGBjqrc=
24,43,WoJTBGrcJczPM+hSmiCV2PsREVc=,gkpp6KaofZP2vbSAApXBUzuK+Vw=
26,38,WoJTBGrcJczPM+hSmiCV2PsREVc=,p15p0uwGa5kFq/MZfnVwLtBIylM=
25,43,WoJTBGrcJczPM+hSmiCV2PsREVc=,gkpp6KaofZP2vbSAApXBUzuK+Vw=
25,39,LxASOCc3uZ1p0mKJ3QXL6FW0Gf8=,p15p0uwGa5kFq/MZfnVwLtBIylM=
24,39,LxASOCc3uZ1p0mKJ3QXL6FW0Gf8=,p15p0uwGa5kFq/MZfnVwLtBIylM=
28,43,LxASOCc3uZ1p0mKJ3QXL6FW0Gf8=,kD31pt7ppGLiB9VM6xCBoGBjqrc=
26,39,LxASOCc3uZ1p0mKJ3QXL6FW0Gf8=,p15p0uwGa5kFq/MZfnVwLtBIylM=
29,43,LxASOCc3uZ1p0mKJ3QXL6FW0Gf8=,kD31pt7ppGLiB9VM6xCBoGBjqrc=
28,38,LxASOCc3uZ1p0mKJ3QXL6FW0Gf8=,kD31pt7ppGLiB9VM6xCBoGBjqrc=
29,39,LxASOCc3uZ1p0mKJ3QXL6FW0Gf8=,kD31pt7ppGLiB9VM6xCBoGBjqrc=
26,45,LxASOCc3uZ1p0mKJ3QXL6FW0Gf8=,eC04VPqoFecuY9CSglLwNtXFewQ=
27,42,Jffar6H/c1deJuDndFYDz0avpTQ=,gkpp6KaofZP2vbSAApXBUzuK+Vw=
27,41,Jffar6H/c1deJuDndFYDz0avpTQ=,gkpp6KaofZP2vbSAApXBUzuK+Vw=
26,40,+fYbXrkRJdfBmy+L//U4/KBs0pI=,gkpp6KaofZP2vbSAApXBUzuK+Vw=
29,44,+fYbXrkRJdfBmy+L//U4/KBs0pI=,eC04VPqoFecuY9CSglLwNtXFewQ=
27,39,+fYbXrkRJdfBmy+L//U4/KBs0pI=,p15p0uwGa5kFq/MZfnVwLtBIylM=
27,44,zAp8/PnDiBT1XnEcSkHsW6SScKU=,eC04VPqoFecuY9CSglLwNtXFewQ=
26,41,zAp8/PnDiBT1XnEcSkHsW6SScKU=,gkpp6KaofZP2vbSAApXBUzuK+Vw=
29,38,zAp8/PnDiBT1XnEcSkHsW6SScKU=,kD31pt7ppGLiB9VM6xCBoGBjqrc=
27,40,zAp8/PnDiBT1XnEcSkHsW6SScKU=,gkpp6KaofZP2vbSAApXBUzuK+Vw=
28,44,zAp8/PnDiBT1XnEcSkHsW6SScKU=,eC04VPqoFecuY9CSglLwNtXFewQ=
29,45,zAp8/PnDiBT1XnEcSkHsW6SScKU=,eC04VPqoFecuY9CSglLwNtXFewQ=
27,43,zAp8/PnDiBT1XnEcSkHsW6SScKU=,gkpp6KaofZP2vbSAApXBUzuK+Vw=
28,40,zAp8/PnDiBT1XnEcSkHsW6SScKU=,kD31pt7ppGLiB9VM6xCBoGBjqrc=
29,40,zAp8/PnDiBT1XnEcSkHsW6SScKU=,kD31pt7ppGLiB9VM6xCBoGBjqrc=
28,45,zAp8/PnDiBT1XnEcSkHsW6SScKU=,eC04VPqoFecuY9CSglLwNtXFewQ=
28,41,zAp8/PnDiBT1XnEcSkHsW6SScKU=,kD31pt7ppGLiB9VM6xCBoGBjqrc=
26,42,zAp8/PnDiBT1XnEcSkHsW6SScKU=,gkpp6KaofZP2vbSAApXBUzuK+Vw=
26,43,zAp8/PnDiBT1XnEcSkHsW6SScKU=,gkpp6KaofZP2vbSAApXBUzuK+Vw=
27,45,zAp8/PnDiBT1XnEcSkHsW6SScKU=,eC04VPqoFecuY9CSglLwNtXFewQ=
28,42,zAp8/PnDiBT1XnEcSkHsW6SScKU=,kD31pt7ppGLiB9VM6xCBoGBjqrc=
29,41,zAp8/PnDiBT1XnEcSkHsW6SScKU=,kD31pt7ppGLiB9VM6xCBoGBjqrc=
26,44,zAp8/PnDiBT1XnEcSkHsW6SScKU=,eC04VPqoFecuY9CSglLwNtXFewQ=
28,39,eae42hQjj0orJKXxilHiHU1S/r0=,kD31pt7ppGLiB9VM6xCBoGBjqrc=
30,45,eae42hQjj0orJKXxilHiHU1S/r0=,eC04VPqoFecuY9CSglLwNtXFewQ=
31,47,eae42hQjj0orJKXxilHiHU1S/r0=,eC04VPqoFecuY9CSglLwNtXFewQ=
31,46,1VRP20UZyAetuS+S0LOgH1/6SMI=,eC04VPqoFecuY9CSglLwNtXFewQ=
30,46,1VRP20UZyAetuS+S0LOgH1/6SMI=,eC04VPqoFecuY9CSglLwNtXFewQ=
30,47,1VRP20UZyAetuS+S0LOgH1/6SMI=,eC04VPqoFecuY9CSglLwNtXFewQ=
30,43,1VRP20UZyAetuS+S0LOgH1/6SMI=,kD31pt7ppGLiB9VM6xCBoGBjqrc=
31,43,1VRP20UZyAetuS+S0LOgH1/6SMI=,kD31pt7ppGLiB9VM6xCBoGBjqrc=
31,45,1VRP20UZyAetuS+S0LOgH1/6SMI=,eC04VPqoFecuY9CSglLwNtXFewQ=
30,42,1VRP20UZyAetuS+S0LOgH1/6SMI=,kD31pt7ppGLiB9VM6xCBoGBjqrc=
31,44,1VRP20UZyAetuS+S0LOgH1/6SMI=,eC04VPqoFecuY9CSglLwNtXFewQ=
30,44,1VRP20UZyAetuS+S0LOgH1/6SMI=,eC04VPqoFecuY9CSglLwNtXFewQ=
31,42,O+wr+bY63d10pZ+Qjg/gC6uGXvc=,kD31pt7ppGLiB9VM6xCBoGBjqrc=
30,38,O+wr+bY63d10pZ+Qjg/gC6uGXvc=,kD31pt7ppGLiB9VM6xCBoGBjqrc=
31,41,O+wr+bY63d10pZ+Qjg/gC6uGXvc=,kD31pt7ppGLiB9VM6xCBoGBjqrc=
31,36,O+wr+bY63d10pZ+Qjg/gC6uGXvc=,kD31pt7ppGLiB9VM6xCBoGBjqrc=
30,36,O+wr+bY63d10pZ+Qjg/gC6uGXvc=,kD31pt7ppGLiB9VM6xCBoGBjqrc=
31,34,O+wr+bY63d10pZ+Qjg/gC6uGXvc=,wXCiydtmsJn7FqiwLwTDHk7pPVY=
31,40,O+wr+bY63d10pZ+Qjg/gC6uGXvc=,kD31pt7ppGLiB9VM6xCBoGBjqrc=
30,37,O+wr+bY63d10pZ+Qjg/gC6uGXvc=,kD31pt7ppGLiB9VM6xCBoGBjqrc=
30,34,O+wr+bY63d10pZ+Qjg/gC6uGXvc=,wXCiydtmsJn7FqiwLwTDHk7pPVY=
31,37,O+wr+bY63d10pZ+Qjg/gC6uGXvc=,kD31pt7ppGLiB9VM6xCBoGBjqrc=
30,40,O+wr+bY63d10pZ+Qjg/gC6uGXvc=,kD31pt7ppGLiB9VM6xCBoGBjqrc=
30,39,X40zJCYUlFyUT/+yFTFMAW2AwIs=,kD31pt7ppGLiB9VM6xCBoGBjqrc=
30,35,X40zJCYUlFyUT/+yFTFMAW2AwIs=,wXCiydtmsJn7FqiwLwTDHk7pPVY=
31,39,APhE45q09gyN0tbKj1JqlyJW+PY=,kD31pt7ppGLiB9VM6xCBoGBjqrc=
30,41,APhE45q09gyN0tbKj1JqlyJW+PY=,kD31pt7ppGLiB9VM6xCBoGBjqrc=
31,38,APhE45q09gyN0tbKj1JqlyJW+PY=,kD31pt7ppGLiB9VM6xCBoGBjqrc=
31,35,APhE45q09gyN0tbKj1JqlyJW+PY=,wXCiydtmsJn7FqiwLwTDHk7pPVY=
20,32,iNYofIdMrh16mojri7jUNWKanUA=,sAQvnuYtndw2vNWANTNK5c3vN9s=
21,33,iNYofIdMrh16mojri7jUNWKanUA=,sAQvnuYtndw2vNWANTNK5c3vN9s=
18,33,iNYofIdMrh16mojri7jUNWKanUA=,Z5jo/QjbFelCgeJAmLYLZRSvClc=
16,42,iNYofIdMrh16mojri7jUNWKanUA=,QUD1PiQjwlo0Ms5HWlx4T+WY56E=
21,32,iNYofIdMrh16mojri7jUNWKanUA=,sAQvnuYtndw2vNWANTNK5c3vN9s=
19,32,iNYofIdMrh16mojri7jUNWKanUA=,Z5jo/QjbFelCgeJAmLYLZRSvClc=
27,32,iNYofIdMrh16mojri7jUNWKanUA=,WZBlI7CspRNUT6FhjAgVvuwc4oU=
23,32,iNYofIdMrh16mojri7jUNWKanUA=,sAQvnuYtndw2vNWANTNK5c3vN9s=
22,32,iNYofIdMrh16mojri7jUNWKanUA=,sAQvnuYtndw2vNWANTNK5c3vN9s=
29,32,iNYofIdMrh16mojri7jUNWKanUA=,wXCiydtmsJn7FqiwLwTDHk7pPVY=
24,32,iNYofIdMrh16mojri7jUNWKanUA=,WZBlI7CspRNUT6FhjAgVvuwc4oU=
16,34,iNYofIdMrh16mojri7jUNWKanUA=,Z5jo/QjbFelCgeJAmLYLZRSvClc=
25,33,iNYofIdMrh16mojri7jUNWKanUA=,WZBlI7CspRNUT6FhjAgVvuwc4oU=
17,35,iNYofIdMrh16mojri7jUNWKanUA=,Z5jo/QjbFelCgeJAmLYLZRSvClc=
26,32,iNYofIdMrh16mojri7jUNWKanUA=,WZBlI7CspRNUT6FhjAgVvuwc4oU=
16,45,iNYofIdMrh16mojri7jUNWKanUA=,gpNnE2hSNMZZh5eHUC5Y9JeGT/k=
18,32,iNYofIdMrh16mojri7jUNWKanUA=,Z5jo/QjbFelCgeJAmLYLZRSvClc=
28,32,Mr4KorsCRd30yOKOAm+LqLz6EOM=,wXCiydtmsJn7FqiwLwTDHk7pPVY=
31,32,Mr4KorsCRd30yOKOAm+LqLz6EOM=,wXCiydtmsJn7FqiwLwTDHk7pPVY=
29,33,Mr4KorsCRd30yOKOAm+LqLz6EOM=,wXCiydtmsJn7FqiwLwTDHk7pPVY=
23,33,Mr4KorsCRd30yOKOAm+LqLz6EOM=,sAQvnuYtndw2vNWANTNK5c3vN9s=
31,33,Mr4KorsCRd30yOKOAm+LqLz6EOM=,wXCiydtmsJn7FqiwLwTDHk7pPVY=
30,33,Mr4KorsCRd30yOKOAm+LqLz6EOM=,wXCiydtmsJn7FqiwLwTDHk7pPVY=
27,33,Mr4KorsCRd30yOKOAm+LqLz6EOM=,WZBlI7CspRNUT6FhjAgVvuwc4oU=
17,34,Mr4KorsCRd30yOKOAm+LqLz6EOM=,Z5jo/QjbFelCgeJAmLYLZRSvClc=
30,32,Mr4KorsCRd30yOKOAm+LqLz6EOM=,wXCiydtmsJn7FqiwLwTDHk7pPVY=
24,33,Mr4KorsCRd30yOKOAm+LqLz6EOM=,WZBlI7CspRNUT6FhjAgVvuwc4oU=
20,33,Mr4KorsCRd30yOKOAm+LqLz6EOM=,sAQvnuYtndw2vNWANTNK5c3vN9s=
16,40,Mr4KorsCRd30yOKOAm+LqLz6EOM=,QUD1PiQjwlo0Ms5HWlx4T+WY56E=
16,37,Mr4KorsCRd30yOKOAm+LqLz6EOM=,KrwLOFAlHp4qIbfDlT3uJamUFq4=
16,38,Mr4KorsCRd30yOKOAm+LqLz6EOM=,KrwLOFAlHp4qIbfDlT3uJamUFq4=
19,33,Mr4KorsCRd30yOKOAm+LqLz6EOM=,Z5jo/QjbFelCgeJAmLYLZRSvClc=
16,35,Mr4KorsCRd30yOKOAm+LqLz6EOM=,Z5jo/QjbFelCgeJAmLYLZRSvClc=
16,36,Mr4KorsCRd30yOKOAm+LqLz6EOM=,KrwLOFAlHp4qIbfDlT3uJamUFq4=
17,43,Mr4KorsCRd30yOKOAm+LqLz6EOM=,QUD1PiQjwlo0Ms5HWlx4T+WY56E=
26,33,Mr4KorsCRd30yOKOAm+LqLz6EOM=,WZBlI7CspRNUT6FhjAgVvuwc4oU=
22,33,Mr4KorsCRd30yOKOAm+LqLz6EOM=,sAQvnuYtndw2vNWANTNK5c3vN9s=
16,39,Mr4KorsCRd30yOKOAm+LqLz6EOM=,KrwLOFAlHp4qIbfDlT3uJamUFq4=
28,33,Mr4KorsCRd30yOKOAm+LqLz6EOM=,wXCiydtmsJn7FqiwLwTDHk7pPVY=
16,41,Mr4KorsCRd30yOKOAm+LqLz6EOM=,QUD1PiQjwlo0Ms5HWlx4T+WY56E=
25,32,Mr4KorsCRd30yOKOAm+LqLz6EOM=,WZBlI7CspRNUT6FhjAgVvuwc4oU=
17,45,Mr4KorsCRd30yOKOAm+LqLz6EOM=,gpNnE2hSNMZZh5eHUC5Y9JeGT/k=
17,36,Mr4KorsCRd30yOKOAm+LqLz6EOM=,KrwLOFAlHp4qIbfDlT3uJamUFq4=
17,37,Mr4KorsCRd30yOKOAm+LqLz6EOM=,KrwLOFAlHp4qIbfDlT3uJamUFq4=
17,40,Mr4KorsCRd30yOKOAm+LqLz6EOM=,QUD1PiQjwlo0Ms5HWlx4T+WY56E=
17,41,Mr4KorsCRd30yOKOAm+LqLz6EOM=,QUD1PiQjwlo0Ms5HWlx4T+WY56E=
17,39,Mr4KorsCRd30yOKOAm+LqLz6EOM=,KrwLOFAlHp4qIbfDlT3uJamUFq4=
21,47,Mr4KorsCRd30yOKOAm+LqLz6EOM=,V2LnB6M9mSQoNUNiBshS1juI1Rw=
17,47,Mr4KorsCRd30yOKOAm+LqLz6EOM=,gpNnE2hSNMZZh5eHUC5Y9JeGT/k=
16,43,Mr4KorsCRd30yOKOAm+LqLz6EOM=,QUD1PiQjwlo0Ms5HWlx4T+WY56E=
17,38,Mr4KorsCRd30yOKOAm+LqLz6EOM=,KrwLOFAlHp4qIbfDlT3uJamUFq4=
16,46,Mr4KorsCRd30yOKOAm+LqLz6EOM=,gpNnE2hSNMZZh5eHUC5Y9JeGT/k=
16,44,Mr4KorsCRd30yOKOAm+LqLz6EOM=,gpNnE2hSNMZZh5eHUC5Y9JeGT/k=
17,44,Mr4KorsCRd30yOKOAm+LqLz6EOM=,gpNnE2hSNMZZh5eHUC5Y9JeGT/k=
16,47,Mr4KorsCRd30yOKOAm+LqLz6EOM=,gpNnE2hSNMZZh5eHUC5Y9JeGT/k=
28,47,Mr4KorsCRd30yOKOAm+LqLz6EOM=,eC04VPqoFecuY9CSglLwNtXFewQ=
16,32,Mr4KorsCRd30yOKOAm+LqLz6EOM=,Z5jo/QjbFelCgeJAmLYLZRSvClc=
23,47,Mr4KorsCRd30yOKOAm+LqLz6EOM=,V2LnB6M9mSQoNUNiBshS1juI1Rw=
18,47,Mr4KorsCRd30yOKOAm+LqLz6EOM=,gpNnE2hSNMZZh5eHUC5Y9JeGT/k=
17,46,Mr4KorsCRd30yOKOAm+LqLz6EOM=,gpNnE2hSNMZZh5eHUC5Y9JeGT/k=
19,46,Mr4KorsCRd30yOKOAm+LqLz6EOM=,gpNnE2hSNMZZh5eHUC5Y9JeGT/k=
18,46,Mr4KorsCRd30yOKOAm+LqLz6EOM=,gpNnE2hSNMZZh5eHUC5Y9JeGT/k=
29,46,Mr4KorsCRd30yOKOAm+LqLz6EOM=,eC04VPqoFecuY9CSglLwNtXFewQ=
17,42,Mr4KorsCRd30yOKOAm+LqLz6EOM=,QUD1PiQjwlo0Ms5HWlx4T+WY56E=
17,33,Mr4KorsCRd30yOKOAm+LqLz6EOM=,Z5jo/QjbFelCgeJAmLYLZRSvClc=
20,47,Mr4KorsCRd30yOKOAm+LqLz6EOM=,V2LnB6M9mSQoNUNiBshS1juI1Rw=
19,47,Mr4KorsCRd30yOKOAm+LqLz6EOM=,gpNnE2hSNMZZh5eHUC5Y9JeGT/k=
21,46,Mr4KorsCRd30yOKOAm+LqLz6EOM=,V2LnB6M9mSQoNUNiBshS1juI1Rw=
29,47,Mr4KorsCRd30yOKOAm+LqLz6EOM=,eC04VPqoFecuY9CSglLwNtXFewQ=
22,46,Mr4KorsCRd30yOKOAm+LqLz6EOM=,V2LnB6M9mSQoNUNiBshS1juI1Rw=
27,47,Mr4KorsCRd30yOKOAm+LqLz6EOM=,eC04VPqoFecuY9CSglLwNtXFewQ=
17,32,Mr4KorsCRd30yOKOAm+LqLz6EOM=,Z5jo/QjbFelCgeJAmLYLZRSvClc=
16,33,Mr4KorsCRd30yOKOAm+LqLz6EOM=,Z5jo/QjbFelCgeJAmLYLZRSvClc=
20,46,Mr4KorsCRd30yOKOAm+LqLz6EOM=,V2LnB6M9mSQoNUNiBshS1juI1Rw=
27,46,Mr4KorsCRd30yOKOAm+LqLz6EOM=,eC04VPqoFecuY9CSglLwNtXFewQ=
28,46,Mr4KorsCRd30yOKOAm+LqLz6EOM=,eC04VPqoFecuY9CSglLwNtXFewQ=
25,46,Mr4KorsCRd30yOKOAm+LqLz6EOM=,eC04VPqoFecuY9CSglLwNtXFewQ=
23,46,Mr4KorsCRd30yOKOAm+LqLz6EOM=,V2LnB6M9mSQoNUNiBshS1juI1Rw=
26,46,Mr4KorsCRd30yOKOAm+LqLz6EOM=,eC04VPqoFecuY9CSglLwNtXFewQ=
24,46,Mr4KorsCRd30yOKOAm+LqLz6EOM=,eC04VPqoFecuY9CSglLwNtXFewQ=
26,47,Mr4KorsCRd30yOKOAm+LqLz6EOM=,eC04VPqoFecuY9CSglLwNtXFewQ=
24,47,Mr4KorsCRd30yOKOAm+LqLz6EOM=,eC04VPqoFecuY9CSglLwNtXFewQ=
22,47,Mr4KorsCRd30yOKOAm+LqLz6EOM=,V2LnB6M9mSQoNUNiBshS1juI1Rw=
25,47,Mr4KorsCRd30yOKOAm+LqLz6EOM=,eC04VPqoFecuY9CSglLwNtXFewQ=
