85,-38,tyxCxtsnNm+kdhkMplo9lihZVQM=,/f7yHmdhMxC1QtotiDisyte8dnI=
86,-39,tyxCxtsnNm+kdhkMplo9lihZVQM=,/f7yHmdhMxC1QtotiDisyte8dnI=
85,-39,tyxCxtsnNm+kdhkMplo9lihZVQM=,/f7yHmdhMxC1QtotiDisyte8dnI=
86,-38,tyxCxtsnNm+kdhkMplo9lihZVQM=,/f7yHmdhMxC1QtotiDisyte8dnI=
85,-42,tyxCxtsnNm+kdhkMplo9lihZVQM=,/f7yHmdhMxC1QtotiDisyte8dnI=
86,-42,tyxCxtsnNm+kdhkMplo9lihZVQM=,/f7yHmdhMxC1QtotiDisyte8dnI=
85,-41,tyxCxtsnNm+kdhkMplo9lihZVQM=,/f7yHmdhMxC1QtotiDisyte8dnI=
86,-41,tyxCxtsnNm+kdhkMplo9lihZVQM=,/f7yHmdhMxC1QtotiDisyte8dnI=
85,-40,tyxCxtsnNm+kdhkMplo9lihZVQM=,/f7yHmdhMxC1QtotiDisyte8dnI=
86,-40,tyxCxtsnNm+kdhkMplo9lihZVQM=,/f7yHmdhMxC1QtotiDisyte8dnI=
85,-43,vtpQjQjfeY8brlE1iNO5JAE7W3s=,/f7yHmdhMxC1QtotiDisyte8dnI=
86,-43,vtpQjQjfeY8brlE1iNO5JAE7W3s=,/f7yHmdhMxC1QtotiDisyte8dnI=
85,-45,vtpQjQjfeY8brlE1iNO5JAE7W3s=,6E5QLaTaa/Vai4tzFRbtB6uUIgY=
86,-45,vtpQjQjfeY8brlE1iNO5JAE7W3s=,6E5QLaTaa/Vai4tzFRbtB6uUIgY=
85,-47,vtpQjQjfeY8brlE1iNO5JAE7W3s=,6E5QLaTaa/Vai4tzFRbtB6uUIgY=
86,-47,vtpQjQjfeY8brlE1iNO5JAE7W3s=,6E5QLaTaa/Vai4tzFRbtB6uUIgY=
85,-44,vtpQjQjfeY8brlE1iNO5JAE7W3s=,/f7yHmdhMxC1QtotiDisyte8dnI=
86,-44,vtpQjQjfeY8brlE1iNO5JAE7W3s=,/f7yHmdhMxC1QtotiDisyte8dnI=
85,-46,vtpQjQjfeY8brlE1iNO5JAE7W3s=,6E5QLaTaa/Vai4tzFRbtB6uUIgY=
86,-46,vtpQjQjfeY8brlE1iNO5JAE7W3s=,6E5QLaTaa/Vai4tzFRbtB6uUIgY=
87,-38,vtpQjQjfeY8brlE1iNO5JAE7W3s=,/f7yHmdhMxC1QtotiDisyte8dnI=
87,-39,vtpQjQjfeY8brlE1iNO5JAE7W3s=,/f7yHmdhMxC1QtotiDisyte8dnI=
88,-38,IiCJUdO89bGaqNsHkhXK9MeFZrk=,kKFCcjlG9jxeM/eKNPvwLqhZ5qA=
87,-42,IiCJUdO89bGaqNsHkhXK9MeFZrk=,/f7yHmdhMxC1QtotiDisyte8dnI=
87,-41,IiCJUdO89bGaqNsHkhXK9MeFZrk=,/f7yHmdhMxC1QtotiDisyte8dnI=
87,-40,IiCJUdO89bGaqNsHkhXK9MeFZrk=,/f7yHmdhMxC1QtotiDisyte8dnI=
87,-43,IiCJUdO89bGaqNsHkhXK9MeFZrk=,/f7yHmdhMxC1QtotiDisyte8dnI=
88,-39,IiCJUdO89bGaqNsHkhXK9MeFZrk=,kKFCcjlG9jxeM/eKNPvwLqhZ5qA=
88,-40,IiCJUdO89bGaqNsHkhXK9MeFZrk=,kKFCcjlG9jxeM/eKNPvwLqhZ5qA=
88,-41,O4tD4LuiKbzK68WToLvg3iMHuz4=,nleQ++srgpsaSWyac89NVCetTvg=
87,-45,O4tD4LuiKbzK68WToLvg3iMHuz4=,6E5QLaTaa/Vai4tzFRbtB6uUIgY=
87,-47,uUcgks+Ijlx0+QuxC/+B9VxiHPs=,6E5QLaTaa/Vai4tzFRbtB6uUIgY=
87,-44,uUcgks+Ijlx0+QuxC/+B9VxiHPs=,/f7yHmdhMxC1QtotiDisyte8dnI=
87,-46,uUcgks+Ijlx0+QuxC/+B9VxiHPs=,6E5QLaTaa/Vai4tzFRbtB6uUIgY=
89,-39,uUcgks+Ijlx0+QuxC/+B9VxiHPs=,kKFCcjlG9jxeM/eKNPvwLqhZ5qA=
89,-40,uUcgks+Ijlx0+QuxC/+B9VxiHPs=,kKFCcjlG9jxeM/eKNPvwLqhZ5qA=
88,-46,uUcgks+Ijlx0+QuxC/+B9VxiHPs=,ohS7br/wnB2eSOJs5gcT46Hj4hQ=
88,-42,uUcgks+Ijlx0+QuxC/+B9VxiHPs=,nleQ++srgpsaSWyac89NVCetTvg=
88,-43,uUcgks+Ijlx0+QuxC/+B9VxiHPs=,nleQ++srgpsaSWyac89NVCetTvg=
89,-43,uUcgks+Ijlx0+QuxC/+B9VxiHPs=,nleQ++srgpsaSWyac89NVCetTvg=
88,-45,rjzWn2JcNUQWKCqPTZ08S8Bla/I=,ohS7br/wnB2eSOJs5gcT46Hj4hQ=
89,-41,rjzWn2JcNUQWKCqPTZ08S8Bla/I=,nleQ++srgpsaSWyac89NVCetTvg=
89,-42,rjzWn2JcNUQWKCqPTZ08S8Bla/I=,nleQ++srgpsaSWyac89NVCetTvg=
89,-46,rjzWn2JcNUQWKCqPTZ08S8Bla/I=,ohS7br/wnB2eSOJs5gcT46Hj4hQ=
89,-45,IbOOAC+7vLwACA+0YgkGzwe99zA=,ohS7br/wnB2eSOJs5gcT46Hj4hQ=
92,-43,IbOOAC+7vLwACA+0YgkGzwe99zA=,1qLdUCTbH47CyifT/GoUqaN93ek=
93,-43,IbOOAC+7vLwACA+0YgkGzwe99zA=,1qLdUCTbH47CyifT/GoUqaN93ek=
92,-42,IbOOAC+7vLwACA+0YgkGzwe99zA=,1qLdUCTbH47CyifT/GoUqaN93ek=
93,-42,IbOOAC+7vLwACA+0YgkGzwe99zA=,1qLdUCTbH47CyifT/GoUqaN93ek=
89,-44,teSXyilF6e3BxB6lp/+vSKum/TU=,nleQ++srgpsaSWyac89NVCetTvg=
88,-44,teSXyilF6e3BxB6lp/+vSKum/TU=,nleQ++srgpsaSWyac89NVCetTvg=
93,-41,teSXyilF6e3BxB6lp/+vSKum/TU=,1qLdUCTbH47CyifT/GoUqaN93ek=
85,-37,teSXyilF6e3BxB6lp/+vSKum/TU=,/f7yHmdhMxC1QtotiDisyte8dnI=
86,-37,teSXyilF6e3BxB6lp/+vSKum/TU=,/f7yHmdhMxC1QtotiDisyte8dnI=
93,-40,teSXyilF6e3BxB6lp/+vSKum/TU=,kKFCcjlG9jxeM/eKNPvwLqhZ5qA=
91,-42,teSXyilF6e3BxB6lp/+vSKum/TU=,nleQ++srgpsaSWyac89NVCetTvg=
92,-41,teSXyilF6e3BxB6lp/+vSKum/TU=,1qLdUCTbH47CyifT/GoUqaN93ek=
91,-39,teSXyilF6e3BxB6lp/+vSKum/TU=,kKFCcjlG9jxeM/eKNPvwLqhZ5qA=
90,-42,teSXyilF6e3BxB6lp/+vSKum/TU=,nleQ++srgpsaSWyac89NVCetTvg=
92,-40,teSXyilF6e3BxB6lp/+vSKum/TU=,kKFCcjlG9jxeM/eKNPvwLqhZ5qA=
91,-41,teSXyilF6e3BxB6lp/+vSKum/TU=,nleQ++srgpsaSWyac89NVCetTvg=
90,-39,egcUxkCtjUU8UcnYHcTZfhLgmC8=,kKFCcjlG9jxeM/eKNPvwLqhZ5qA=
92,-39,egcUxkCtjUU8UcnYHcTZfhLgmC8=,kKFCcjlG9jxeM/eKNPvwLqhZ5qA=
91,-40,egcUxkCtjUU8UcnYHcTZfhLgmC8=,kKFCcjlG9jxeM/eKNPvwLqhZ5qA=
90,-41,egcUxkCtjUU8UcnYHcTZfhLgmC8=,nleQ++srgpsaSWyac89NVCetTvg=
90,-40,egcUxkCtjUU8UcnYHcTZfhLgmC8=,kKFCcjlG9jxeM/eKNPvwLqhZ5qA=
93,-39,qt+fIirn7XC0nArq6ODTNbL/4Yk=,kKFCcjlG9jxeM/eKNPvwLqhZ5qA=
92,-47,qt+fIirn7XC0nArq6ODTNbL/4Yk=,W5bjtN3U8kcf0x4VOIWSocNXOQI=
92,-46,qt+fIirn7XC0nArq6ODTNbL/4Yk=,W5bjtN3U8kcf0x4VOIWSocNXOQI=
93,-46,qt+fIirn7XC0nArq6ODTNbL/4Yk=,W5bjtN3U8kcf0x4VOIWSocNXOQI=
93,-44,qt+fIirn7XC0nArq6ODTNbL/4Yk=,1qLdUCTbH47CyifT/GoUqaN93ek=
92,-45,qt+fIirn7XC0nArq6ODTNbL/4Yk=,W5bjtN3U8kcf0x4VOIWSocNXOQI=
93,-45,qt+fIirn7XC0nArq6ODTNbL/4Yk=,W5bjtN3U8kcf0x4VOIWSocNXOQI=
92,-44,qt+fIirn7XC0nArq6ODTNbL/4Yk=,1qLdUCTbH47CyifT/GoUqaN93ek=
93,-47,qt+fIirn7XC0nArq6ODTNbL/4Yk=,W5bjtN3U8kcf0x4VOIWSocNXOQI=
91,-46,qt+fIirn7XC0nArq6ODTNbL/4Yk=,ohS7br/wnB2eSOJs5gcT46Hj4hQ=
91,-45,qt+fIirn7XC0nArq6ODTNbL/4Yk=,ohS7br/wnB2eSOJs5gcT46Hj4hQ=
91,-43,qt+fIirn7XC0nArq6ODTNbL/4Yk=,nleQ++srgpsaSWyac89NVCetTvg=
91,-44,qt+fIirn7XC0nArq6ODTNbL/4Yk=,nleQ++srgpsaSWyac89NVCetTvg=
90,-43,qt+fIirn7XC0nArq6ODTNbL/4Yk=,nleQ++srgpsaSWyac89NVCetTvg=
90,-45,qt+fIirn7XC0nArq6ODTNbL/4Yk=,ohS7br/wnB2eSOJs5gcT46Hj4hQ=
90,-44,qt+fIirn7XC0nArq6ODTNbL/4Yk=,nleQ++srgpsaSWyac89NVCetTvg=
90,-46,qt+fIirn7XC0nArq6ODTNbL/4Yk=,ohS7br/wnB2eSOJs5gcT46Hj4hQ=
84,-38,qt+fIirn7XC0nArq6ODTNbL/4Yk=,/f7yHmdhMxC1QtotiDisyte8dnI=
81,-39,qt+fIirn7XC0nArq6ODTNbL/4Yk=,YLpCBs+U0932OnJ0yt1rmlnwd3o=
82,-39,qt+fIirn7XC0nArq6ODTNbL/4Yk=,YLpCBs+U0932OnJ0yt1rmlnwd3o=
83,-39,qt+fIirn7XC0nArq6ODTNbL/4Yk=,YLpCBs+U0932OnJ0yt1rmlnwd3o=
84,-39,qt+fIirn7XC0nArq6ODTNbL/4Yk=,/f7yHmdhMxC1QtotiDisyte8dnI=
81,-38,qt+fIirn7XC0nArq6ODTNbL/4Yk=,YLpCBs+U0932OnJ0yt1rmlnwd3o=
82,-38,qt+fIirn7XC0nArq6ODTNbL/4Yk=,YLpCBs+U0932OnJ0yt1rmlnwd3o=
83,-38,qt+fIirn7XC0nArq6ODTNbL/4Yk=,YLpCBs+U0932OnJ0yt1rmlnwd3o=
84,-42,qt+fIirn7XC0nArq6ODTNbL/4Yk=,/f7yHmdhMxC1QtotiDisyte8dnI=
82,-41,qt+fIirn7XC0nArq6ODTNbL/4Yk=,YLpCBs+U0932OnJ0yt1rmlnwd3o=
83,-41,3kBb497EPdgQaSQneTcqT86MPNM=,YLpCBs+U0932OnJ0yt1rmlnwd3o=
81,-40,3kBb497EPdgQaSQneTcqT86MPNM=,YLpCBs+U0932OnJ0yt1rmlnwd3o=
82,-40,3kBb497EPdgQaSQneTcqT86MPNM=,YLpCBs+U0932OnJ0yt1rmlnwd3o=
83,-40,3kBb497EPdgQaSQneTcqT86MPNM=,YLpCBs+U0932OnJ0yt1rmlnwd3o=
81,-43,3kBb497EPdgQaSQneTcqT86MPNM=,YLpCBs+U0932OnJ0yt1rmlnwd3o=
82,-43,3kBb497EPdgQaSQneTcqT86MPNM=,YLpCBs+U0932OnJ0yt1rmlnwd3o=
84,-41,3kBb497EPdgQaSQneTcqT86MPNM=,/f7yHmdhMxC1QtotiDisyte8dnI=
83,-43,3kBb497EPdgQaSQneTcqT86MPNM=,YLpCBs+U0932OnJ0yt1rmlnwd3o=
81,-42,3kBb497EPdgQaSQneTcqT86MPNM=,YLpCBs+U0932OnJ0yt1rmlnwd3o=
84,-40,3kBb497EPdgQaSQneTcqT86MPNM=,/f7yHmdhMxC1QtotiDisyte8dnI=
84,-43,3kBb497EPdgQaSQneTcqT86MPNM=,/f7yHmdhMxC1QtotiDisyte8dnI=
82,-42,3kBb497EPdgQaSQneTcqT86MPNM=,YLpCBs+U0932OnJ0yt1rmlnwd3o=
83,-42,3kBb497EPdgQaSQneTcqT86MPNM=,YLpCBs+U0932OnJ0yt1rmlnwd3o=
81,-41,3kBb497EPdgQaSQneTcqT86MPNM=,YLpCBs+U0932OnJ0yt1rmlnwd3o=
84,-45,3kBb497EPdgQaSQneTcqT86MPNM=,6E5QLaTaa/Vai4tzFRbtB6uUIgY=
84,-47,3kBb497EPdgQaSQneTcqT86MPNM=,6E5QLaTaa/Vai4tzFRbtB6uUIgY=
84,-44,3kBb497EPdgQaSQneTcqT86MPNM=,/f7yHmdhMxC1QtotiDisyte8dnI=
84,-46,3kBb497EPdgQaSQneTcqT86MPNM=,6E5QLaTaa/Vai4tzFRbtB6uUIgY=
81,-44,3kBb497EPdgQaSQneTcqT86MPNM=,YLpCBs+U0932OnJ0yt1rmlnwd3o=
82,-44,3kBb497EPdgQaSQneTcqT86MPNM=,YLpCBs+U0932OnJ0yt1rmlnwd3o=
83,-44,3kBb497EPdgQaSQneTcqT86MPNM=,YLpCBs+U0932OnJ0yt1rmlnwd3o=
82,-36,3kBb497EPdgQaSQneTcqT86MPNM=,YLpCBs+U0932OnJ0yt1rmlnwd3o=
83,-36,3kBb497EPdgQaSQneTcqT86MPNM=,YLpCBs+U0932OnJ0yt1rmlnwd3o=
84,-37,3kBb497EPdgQaSQneTcqT86MPNM=,/f7yHmdhMxC1QtotiDisyte8dnI=
81,-35,3kBb497EPdgQaSQneTcqT86MPNM=,YLpCBs+U0932OnJ0yt1rmlnwd3o=
82,-35,3kBb497EPdgQaSQneTcqT86MPNM=,YLpCBs+U0932OnJ0yt1rmlnwd3o=
83,-35,3kBb497EPdgQaSQneTcqT86MPNM=,YLpCBs+U0932OnJ0yt1rmlnwd3o=
81,-34,3kBb497EPdgQaSQneTcqT86MPNM=,YLpCBs+U0932OnJ0yt1rmlnwd3o=
82,-34,3kBb497EPdgQaSQneTcqT86MPNM=,YLpCBs+U0932OnJ0yt1rmlnwd3o=
83,-34,3kBb497EPdgQaSQneTcqT86MPNM=,YLpCBs+U0932OnJ0yt1rmlnwd3o=
81,-37,3kBb497EPdgQaSQneTcqT86MPNM=,YLpCBs+U0932OnJ0yt1rmlnwd3o=
82,-37,3kBb497EPdgQaSQneTcqT86MPNM=,YLpCBs+U0932OnJ0yt1rmlnwd3o=
83,-37,3kBb497EPdgQaSQneTcqT86MPNM=,YLpCBs+U0932OnJ0yt1rmlnwd3o=
81,-36,3kBb497EPdgQaSQneTcqT86MPNM=,YLpCBs+U0932OnJ0yt1rmlnwd3o=
82,-33,3kBb497EPdgQaSQneTcqT86MPNM=,YLpCBs+U0932OnJ0yt1rmlnwd3o=
83,-33,3kBb497EPdgQaSQneTcqT86MPNM=,YLpCBs+U0932OnJ0yt1rmlnwd3o=
81,-33,3kBb497EPdgQaSQneTcqT86MPNM=,YLpCBs+U0932OnJ0yt1rmlnwd3o=
80,-35,3kBb497EPdgQaSQneTcqT86MPNM=,YLpCBs+U0932OnJ0yt1rmlnwd3o=
80,-34,3kBb497EPdgQaSQneTcqT86MPNM=,YLpCBs+U0932OnJ0yt1rmlnwd3o=
88,-35,3kBb497EPdgQaSQneTcqT86MPNM=,OtjYuakHv3waXfSK1TALzSDoVvQ=
88,-37,3kBb497EPdgQaSQneTcqT86MPNM=,kKFCcjlG9jxeM/eKNPvwLqhZ5qA=
89,-35,3kBb497EPdgQaSQneTcqT86MPNM=,OtjYuakHv3waXfSK1TALzSDoVvQ=
90,-35,3kBb497EPdgQaSQneTcqT86MPNM=,OtjYuakHv3waXfSK1TALzSDoVvQ=
88,-34,3kBb497EPdgQaSQneTcqT86MPNM=,OtjYuakHv3waXfSK1TALzSDoVvQ=
89,-36,3kBb497EPdgQaSQneTcqT86MPNM=,OtjYuakHv3waXfSK1TALzSDoVvQ=
88,-33,3kBb497EPdgQaSQneTcqT86MPNM=,OtjYuakHv3waXfSK1TALzSDoVvQ=
87,-37,3kBb497EPdgQaSQneTcqT86MPNM=,/f7yHmdhMxC1QtotiDisyte8dnI=
89,-38,3kBb497EPdgQaSQneTcqT86MPNM=,kKFCcjlG9jxeM/eKNPvwLqhZ5qA=
80,-33,3kBb497EPdgQaSQneTcqT86MPNM=,YLpCBs+U0932OnJ0yt1rmlnwd3o=
93,-37,3kBb497EPdgQaSQneTcqT86MPNM=,kKFCcjlG9jxeM/eKNPvwLqhZ5qA=
91,-37,3kBb497EPdgQaSQneTcqT86MPNM=,kKFCcjlG9jxeM/eKNPvwLqhZ5qA=
88,-36,3kBb497EPdgQaSQneTcqT86MPNM=,OtjYuakHv3waXfSK1TALzSDoVvQ=
90,-38,3kBb497EPdgQaSQneTcqT86MPNM=,kKFCcjlG9jxeM/eKNPvwLqhZ5qA=
92,-37,3kBb497EPdgQaSQneTcqT86MPNM=,kKFCcjlG9jxeM/eKNPvwLqhZ5qA=
89,-34,3kBb497EPdgQaSQneTcqT86MPNM=,OtjYuakHv3waXfSK1TALzSDoVvQ=
89,-37,3kBb497EPdgQaSQneTcqT86MPNM=,kKFCcjlG9jxeM/eKNPvwLqhZ5qA=
90,-34,3kBb497EPdgQaSQneTcqT86MPNM=,OtjYuakHv3waXfSK1TALzSDoVvQ=
93,-36,3kBb497EPdgQaSQneTcqT86MPNM=,DSqbIaY1vJ8spgElni89PP2RR/w=
91,-38,3kBb497EPdgQaSQneTcqT86MPNM=,kKFCcjlG9jxeM/eKNPvwLqhZ5qA=
93,-35,3kBb497EPdgQaSQneTcqT86MPNM=,DSqbIaY1vJ8spgElni89PP2RR/w=
91,-35,3kBb497EPdgQaSQneTcqT86MPNM=,OtjYuakHv3waXfSK1TALzSDoVvQ=
93,-33,3kBb497EPdgQaSQneTcqT86MPNM=,DSqbIaY1vJ8spgElni89PP2RR/w=
90,-36,3kBb497EPdgQaSQneTcqT86MPNM=,OtjYuakHv3waXfSK1TALzSDoVvQ=
93,-34,3kBb497EPdgQaSQneTcqT86MPNM=,DSqbIaY1vJ8spgElni89PP2RR/w=
91,-36,3kBb497EPdgQaSQneTcqT86MPNM=,OtjYuakHv3waXfSK1TALzSDoVvQ=
92,-35,3kBb497EPdgQaSQneTcqT86MPNM=,DSqbIaY1vJ8spgElni89PP2RR/w=
92,-34,3kBb497EPdgQaSQneTcqT86MPNM=,DSqbIaY1vJ8spgElni89PP2RR/w=
93,-38,3kBb497EPdgQaSQneTcqT86MPNM=,kKFCcjlG9jxeM/eKNPvwLqhZ5qA=
89,-33,3kBb497EPdgQaSQneTcqT86MPNM=,OtjYuakHv3waXfSK1TALzSDoVvQ=
90,-37,3kBb497EPdgQaSQneTcqT86MPNM=,kKFCcjlG9jxeM/eKNPvwLqhZ5qA=
80,-43,3kBb497EPdgQaSQneTcqT86MPNM=,YLpCBs+U0932OnJ0yt1rmlnwd3o=
80,-44,3kBb497EPdgQaSQneTcqT86MPNM=,YLpCBs+U0932OnJ0yt1rmlnwd3o=
80,-42,3kBb497EPdgQaSQneTcqT86MPNM=,YLpCBs+U0932OnJ0yt1rmlnwd3o=
85,-48,3kBb497EPdgQaSQneTcqT86MPNM=,6E5QLaTaa/Vai4tzFRbtB6uUIgY=
86,-48,3kBb497EPdgQaSQneTcqT86MPNM=,6E5QLaTaa/Vai4tzFRbtB6uUIgY=
84,-48,3kBb497EPdgQaSQneTcqT86MPNM=,6E5QLaTaa/Vai4tzFRbtB6uUIgY=
92,-36,3kBb497EPdgQaSQneTcqT86MPNM=,DSqbIaY1vJ8spgElni89PP2RR/w=
92,-38,3kBb497EPdgQaSQneTcqT86MPNM=,kKFCcjlG9jxeM/eKNPvwLqhZ5qA=
90,-33,3kBb497EPdgQaSQneTcqT86MPNM=,OtjYuakHv3waXfSK1TALzSDoVvQ=
91,-34,3kBb497EPdgQaSQneTcqT86MPNM=,OtjYuakHv3waXfSK1TALzSDoVvQ=
80,-40,3kBb497EPdgQaSQneTcqT86MPNM=,YLpCBs+U0932OnJ0yt1rmlnwd3o=
80,-39,3kBb497EPdgQaSQneTcqT86MPNM=,YLpCBs+U0932OnJ0yt1rmlnwd3o=
80,-38,3kBb497EPdgQaSQneTcqT86MPNM=,YLpCBs+U0932OnJ0yt1rmlnwd3o=
80,-37,3kBb497EPdgQaSQneTcqT86MPNM=,YLpCBs+U0932OnJ0yt1rmlnwd3o=
80,-41,3kBb497EPdgQaSQneTcqT86MPNM=,YLpCBs+U0932OnJ0yt1rmlnwd3o=
80,-36,3kBb497EPdgQaSQneTcqT86MPNM=,YLpCBs+U0932OnJ0yt1rmlnwd3o=
91,-33,3kBb497EPdgQaSQneTcqT86MPNM=,OtjYuakHv3waXfSK1TALzSDoVvQ=
87,-48,3kBb497EPdgQaSQneTcqT86MPNM=,6E5QLaTaa/Vai4tzFRbtB6uUIgY=
92,-33,3kBb497EPdgQaSQneTcqT86MPNM=,DSqbIaY1vJ8spgElni89PP2RR/w=
92,-48,3kBb497EPdgQaSQneTcqT86MPNM=,W5bjtN3U8kcf0x4VOIWSocNXOQI=
91,-47,3kBb497EPdgQaSQneTcqT86MPNM=,ohS7br/wnB2eSOJs5gcT46Hj4hQ=
93,-48,3kBb497EPdgQaSQneTcqT86MPNM=,W5bjtN3U8kcf0x4VOIWSocNXOQI=
88,-47,3kBb497EPdgQaSQneTcqT86MPNM=,ohS7br/wnB2eSOJs5gcT46Hj4hQ=
91,-48,3kBb497EPdgQaSQneTcqT86MPNM=,ohS7br/wnB2eSOJs5gcT46Hj4hQ=
88,-48,3kBb497EPdgQaSQneTcqT86MPNM=,ohS7br/wnB2eSOJs5gcT46Hj4hQ=
90,-47,3kBb497EPdgQaSQneTcqT86MPNM=,ohS7br/wnB2eSOJs5gcT46Hj4hQ=
89,-47,3kBb497EPdgQaSQneTcqT86MPNM=,ohS7br/wnB2eSOJs5gcT46Hj4hQ=
90,-48,3kBb497EPdgQaSQneTcqT86MPNM=,ohS7br/wnB2eSOJs5gcT46Hj4hQ=
89,-48,3kBb497EPdgQaSQneTcqT86MPNM=,ohS7br/wnB2eSOJs5gcT46Hj4hQ=
81,-62,R4RsROQq5bcUmqcIBPMrjeiOwlM=,A0lLaCK5jDFEr+KLtHmucgvPiV0=
82,-63,R4RsROQq5bcUmqcIBPMrjeiOwlM=,A0lLaCK5jDFEr+KLtHmucgvPiV0=
81,-63,R4RsROQq5bcUmqcIBPMrjeiOwlM=,A0lLaCK5jDFEr+KLtHmucgvPiV0=
82,-62,R4RsROQq5bcUmqcIBPMrjeiOwlM=,A0lLaCK5jDFEr+KLtHmucgvPiV0=
83,-62,/qDN6BKIwYh86ZaYVCQ1AJNb66w=,A0lLaCK5jDFEr+KLtHmucgvPiV0=
83,-63,/qDN6BKIwYh86ZaYVCQ1AJNb66w=,A0lLaCK5jDFEr+KLtHmucgvPiV0=
84,-62,/qDN6BKIwYh86ZaYVCQ1AJNb66w=,A0lLaCK5jDFEr+KLtHmucgvPiV0=
86,-63,/qDN6BKIwYh86ZaYVCQ1AJNb66w=,A0lLaCK5jDFEr+KLtHmucgvPiV0=
85,-63,/qDN6BKIwYh86ZaYVCQ1AJNb66w=,A0lLaCK5jDFEr+KLtHmucgvPiV0=
84,-63,/qDN6BKIwYh86ZaYVCQ1AJNb66w=,A0lLaCK5jDFEr+KLtHmucgvPiV0=
81,-61,/qDN6BKIwYh86ZaYVCQ1AJNb66w=,A0lLaCK5jDFEr+KLtHmucgvPiV0=
89,-59,lxymrg7TJAB+ovOyHhN5aB08eAE=,A0lLaCK5jDFEr+KLtHmucgvPiV0=
90,-59,lxymrg7TJAB+ovOyHhN5aB08eAE=,A0lLaCK5jDFEr+KLtHmucgvPiV0=
81,-59,lxymrg7TJAB+ovOyHhN5aB08eAE=,A0lLaCK5jDFEr+KLtHmucgvPiV0=
82,-60,lxymrg7TJAB+ovOyHhN5aB08eAE=,A0lLaCK5jDFEr+KLtHmucgvPiV0=
81,-60,lxymrg7TJAB+ovOyHhN5aB08eAE=,A0lLaCK5jDFEr+KLtHmucgvPiV0=
82,-61,lxymrg7TJAB+ovOyHhN5aB08eAE=,A0lLaCK5jDFEr+KLtHmucgvPiV0=
83,-61,lxymrg7TJAB+ovOyHhN5aB08eAE=,A0lLaCK5jDFEr+KLtHmucgvPiV0=
88,-59,lxymrg7TJAB+ovOyHhN5aB08eAE=,A0lLaCK5jDFEr+KLtHmucgvPiV0=
87,-58,lxymrg7TJAB+ovOyHhN5aB08eAE=,A0lLaCK5jDFEr+KLtHmucgvPiV0=
86,-58,lxymrg7TJAB+ovOyHhN5aB08eAE=,A0lLaCK5jDFEr+KLtHmucgvPiV0=
85,-62,lxymrg7TJAB+ovOyHhN5aB08eAE=,A0lLaCK5jDFEr+KLtHmucgvPiV0=
84,-61,lxymrg7TJAB+ovOyHhN5aB08eAE=,A0lLaCK5jDFEr+KLtHmucgvPiV0=
82,-59,lxymrg7TJAB+ovOyHhN5aB08eAE=,A0lLaCK5jDFEr+KLtHmucgvPiV0=
83,-60,lxymrg7TJAB+ovOyHhN5aB08eAE=,A0lLaCK5jDFEr+KLtHmucgvPiV0=
85,-59,lxymrg7TJAB+ovOyHhN5aB08eAE=,A0lLaCK5jDFEr+KLtHmucgvPiV0=
83,-59,lxymrg7TJAB+ovOyHhN5aB08eAE=,A0lLaCK5jDFEr+KLtHmucgvPiV0=
85,-61,lxymrg7TJAB+ovOyHhN5aB08eAE=,A0lLaCK5jDFEr+KLtHmucgvPiV0=
85,-60,lxymrg7TJAB+ovOyHhN5aB08eAE=,A0lLaCK5jDFEr+KLtHmucgvPiV0=
84,-60,lxymrg7TJAB+ovOyHhN5aB08eAE=,A0lLaCK5jDFEr+KLtHmucgvPiV0=
84,-59,lxymrg7TJAB+ovOyHhN5aB08eAE=,A0lLaCK5jDFEr+KLtHmucgvPiV0=
93,-58,Vx7gwDNKudI0exJvOsBYZhEu9HA=,3iBGpllh70U9KCyo+yydxHQWfeU=
92,-59,Vx7gwDNKudI0exJvOsBYZhEu9HA=,3iBGpllh70U9KCyo+yydxHQWfeU=
91,-59,Vx7gwDNKudI0exJvOsBYZhEu9HA=,A0lLaCK5jDFEr+KLtHmucgvPiV0=
93,-59,Vx7gwDNKudI0exJvOsBYZhEu9HA=,3iBGpllh70U9KCyo+yydxHQWfeU=
85,-54,Vx7gwDNKudI0exJvOsBYZhEu9HA=,A0lLaCK5jDFEr+KLtHmucgvPiV0=
86,-54,Vx7gwDNKudI0exJvOsBYZhEu9HA=,A0lLaCK5jDFEr+KLtHmucgvPiV0=
85,-56,Vx7gwDNKudI0exJvOsBYZhEu9HA=,A0lLaCK5jDFEr+KLtHmucgvPiV0=
86,-56,Vx7gwDNKudI0exJvOsBYZhEu9HA=,A0lLaCK5jDFEr+KLtHmucgvPiV0=
85,-55,Vx7gwDNKudI0exJvOsBYZhEu9HA=,A0lLaCK5jDFEr+KLtHmucgvPiV0=
86,-55,Vx7gwDNKudI0exJvOsBYZhEu9HA=,A0lLaCK5jDFEr+KLtHmucgvPiV0=
86,-57,Vx7gwDNKudI0exJvOsBYZhEu9HA=,A0lLaCK5jDFEr+KLtHmucgvPiV0=
90,-60,Vx7gwDNKudI0exJvOsBYZhEu9HA=,A0lLaCK5jDFEr+KLtHmucgvPiV0=
89,-60,Vx7gwDNKudI0exJvOsBYZhEu9HA=,A0lLaCK5jDFEr+KLtHmucgvPiV0=
88,-60,Vx7gwDNKudI0exJvOsBYZhEu9HA=,A0lLaCK5jDFEr+KLtHmucgvPiV0=
87,-59,XtxAVdpvwtF7BOkzO5BenErNtyA=,A0lLaCK5jDFEr+KLtHmucgvPiV0=
87,-60,XtxAVdpvwtF7BOkzO5BenErNtyA=,A0lLaCK5jDFEr+KLtHmucgvPiV0=
86,-59,XtxAVdpvwtF7BOkzO5BenErNtyA=,A0lLaCK5jDFEr+KLtHmucgvPiV0=
89,-61,XtxAVdpvwtF7BOkzO5BenErNtyA=,A0lLaCK5jDFEr+KLtHmucgvPiV0=
86,-60,XtxAVdpvwtF7BOkzO5BenErNtyA=,A0lLaCK5jDFEr+KLtHmucgvPiV0=
88,-61,XtxAVdpvwtF7BOkzO5BenErNtyA=,A0lLaCK5jDFEr+KLtHmucgvPiV0=
86,-62,XtxAVdpvwtF7BOkzO5BenErNtyA=,A0lLaCK5jDFEr+KLtHmucgvPiV0=
87,-62,8Gk6j0iA9jDcRwlwZOGmwT8Y/94=,A0lLaCK5jDFEr+KLtHmucgvPiV0=
86,-61,8Gk6j0iA9jDcRwlwZOGmwT8Y/94=,A0lLaCK5jDFEr+KLtHmucgvPiV0=
87,-61,8Gk6j0iA9jDcRwlwZOGmwT8Y/94=,A0lLaCK5jDFEr+KLtHmucgvPiV0=
89,-62,8Gk6j0iA9jDcRwlwZOGmwT8Y/94=,A0lLaCK5jDFEr+KLtHmucgvPiV0=
88,-62,8Gk6j0iA9jDcRwlwZOGmwT8Y/94=,A0lLaCK5jDFEr+KLtHmucgvPiV0=
87,-57,8Gk6j0iA9jDcRwlwZOGmwT8Y/94=,A0lLaCK5jDFEr+KLtHmucgvPiV0=
87,-55,KSRqTi77H5EnVzqwQNOQp5MnpqE=,A0lLaCK5jDFEr+KLtHmucgvPiV0=
88,-57,KSRqTi77H5EnVzqwQNOQp5MnpqE=,A0lLaCK5jDFEr+KLtHmucgvPiV0=
87,-56,KSRqTi77H5EnVzqwQNOQp5MnpqE=,A0lLaCK5jDFEr+KLtHmucgvPiV0=
89,-58,KSRqTi77H5EnVzqwQNOQp5MnpqE=,A0lLaCK5jDFEr+KLtHmucgvPiV0=
88,-58,KSRqTi77H5EnVzqwQNOQp5MnpqE=,A0lLaCK5jDFEr+KLtHmucgvPiV0=
88,-56,ZXP46uG/S2qWZ1ojNL9/4wJ0gMM=,M6EfciUYDE/TR8OM8pUOBvBDTSQ=
89,-57,ZXP46uG/S2qWZ1ojNL9/4wJ0gMM=,A0lLaCK5jDFEr+KLtHmucgvPiV0=
87,-50,ZXP46uG/S2qWZ1ojNL9/4wJ0gMM=,A0lLaCK5jDFEr+KLtHmucgvPiV0=
86,-50,PvKHciAMsrBEd0ID9IlwuYFQ6jA=,A0lLaCK5jDFEr+KLtHmucgvPiV0=
85,-50,PvKHciAMsrBEd0ID9IlwuYFQ6jA=,A0lLaCK5jDFEr+KLtHmucgvPiV0=
87,-51,PvKHciAMsrBEd0ID9IlwuYFQ6jA=,A0lLaCK5jDFEr+KLtHmucgvPiV0=
86,-51,PvKHciAMsrBEd0ID9IlwuYFQ6jA=,A0lLaCK5jDFEr+KLtHmucgvPiV0=
85,-51,PvKHciAMsrBEd0ID9IlwuYFQ6jA=,A0lLaCK5jDFEr+KLtHmucgvPiV0=
86,-53,PvKHciAMsrBEd0ID9IlwuYFQ6jA=,A0lLaCK5jDFEr+KLtHmucgvPiV0=
87,-52,PvKHciAMsrBEd0ID9IlwuYFQ6jA=,A0lLaCK5jDFEr+KLtHmucgvPiV0=
85,-53,PvKHciAMsrBEd0ID9IlwuYFQ6jA=,A0lLaCK5jDFEr+KLtHmucgvPiV0=
86,-52,PvKHciAMsrBEd0ID9IlwuYFQ6jA=,A0lLaCK5jDFEr+KLtHmucgvPiV0=
85,-52,PvKHciAMsrBEd0ID9IlwuYFQ6jA=,A0lLaCK5jDFEr+KLtHmucgvPiV0=
89,-55,PvKHciAMsrBEd0ID9IlwuYFQ6jA=,M6EfciUYDE/TR8OM8pUOBvBDTSQ=
87,-53,PvKHciAMsrBEd0ID9IlwuYFQ6jA=,A0lLaCK5jDFEr+KLtHmucgvPiV0=
87,-54,FP1KtCHeYq45eX0ThwKHAV3p1xM=,A0lLaCK5jDFEr+KLtHmucgvPiV0=
88,-55,FP1KtCHeYq45eX0ThwKHAV3p1xM=,M6EfciUYDE/TR8OM8pUOBvBDTSQ=
89,-56,FP1KtCHeYq45eX0ThwKHAV3p1xM=,M6EfciUYDE/TR8OM8pUOBvBDTSQ=
88,-54,0yfr9u4gzyH02reDXTa8hoHN7R0=,M6EfciUYDE/TR8OM8pUOBvBDTSQ=
88,-52,0yfr9u4gzyH02reDXTa8hoHN7R0=,M6EfciUYDE/TR8OM8pUOBvBDTSQ=
88,-51,0yfr9u4gzyH02reDXTa8hoHN7R0=,M6EfciUYDE/TR8OM8pUOBvBDTSQ=
89,-52,0yfr9u4gzyH02reDXTa8hoHN7R0=,M6EfciUYDE/TR8OM8pUOBvBDTSQ=
82,-51,0yfr9u4gzyH02reDXTa8hoHN7R0=,A0lLaCK5jDFEr+KLtHmucgvPiV0=
83,-51,0yfr9u4gzyH02reDXTa8hoHN7R0=,A0lLaCK5jDFEr+KLtHmucgvPiV0=
81,-50,AXwB9jBWwqilwzZK1re+lHEvzwM=,A0lLaCK5jDFEr+KLtHmucgvPiV0=
82,-50,AXwB9jBWwqilwzZK1re+lHEvzwM=,A0lLaCK5jDFEr+KLtHmucgvPiV0=
83,-50,AXwB9jBWwqilwzZK1re+lHEvzwM=,A0lLaCK5jDFEr+KLtHmucgvPiV0=
84,-51,AXwB9jBWwqilwzZK1re+lHEvzwM=,A0lLaCK5jDFEr+KLtHmucgvPiV0=
84,-50,AXwB9jBWwqilwzZK1re+lHEvzwM=,A0lLaCK5jDFEr+KLtHmucgvPiV0=
81,-51,AXwB9jBWwqilwzZK1re+lHEvzwM=,A0lLaCK5jDFEr+KLtHmucgvPiV0=
89,-53,AXwB9jBWwqilwzZK1re+lHEvzwM=,M6EfciUYDE/TR8OM8pUOBvBDTSQ=
88,-53,AXwB9jBWwqilwzZK1re+lHEvzwM=,M6EfciUYDE/TR8OM8pUOBvBDTSQ=
89,-54,i1kUkxBNsraUpdCvDJwGZMwEgfk=,M6EfciUYDE/TR8OM8pUOBvBDTSQ=
89,-51,i1kUkxBNsraUpdCvDJwGZMwEgfk=,M6EfciUYDE/TR8OM8pUOBvBDTSQ=
90,-58,i1kUkxBNsraUpdCvDJwGZMwEgfk=,A0lLaCK5jDFEr+KLtHmucgvPiV0=
93,-57,i1kUkxBNsraUpdCvDJwGZMwEgfk=,3iBGpllh70U9KCyo+yydxHQWfeU=
91,-54,i1kUkxBNsraUpdCvDJwGZMwEgfk=,M6EfciUYDE/TR8OM8pUOBvBDTSQ=
91,-55,6YXHecXXxGQasm3HrnOo3vrNmGM=,M6EfciUYDE/TR8OM8pUOBvBDTSQ=
91,-57,6YXHecXXxGQasm3HrnOo3vrNmGM=,A0lLaCK5jDFEr+KLtHmucgvPiV0=
92,-58,6YXHecXXxGQasm3HrnOo3vrNmGM=,3iBGpllh70U9KCyo+yydxHQWfeU=
92,-57,D07nnoki+f55vStW0ueORCimnbU=,3iBGpllh70U9KCyo+yydxHQWfeU=
91,-51,D07nnoki+f55vStW0ueORCimnbU=,M6EfciUYDE/TR8OM8pUOBvBDTSQ=
91,-56,D07nnoki+f55vStW0ueORCimnbU=,M6EfciUYDE/TR8OM8pUOBvBDTSQ=
91,-53,D07nnoki+f55vStW0ueORCimnbU=,M6EfciUYDE/TR8OM8pUOBvBDTSQ=
85,-49,D07nnoki+f55vStW0ueORCimnbU=,A0lLaCK5jDFEr+KLtHmucgvPiV0=
86,-49,D07nnoki+f55vStW0ueORCimnbU=,A0lLaCK5jDFEr+KLtHmucgvPiV0=
87,-49,D07nnoki+f55vStW0ueORCimnbU=,A0lLaCK5jDFEr+KLtHmucgvPiV0=
91,-52,D07nnoki+f55vStW0ueORCimnbU=,M6EfciUYDE/TR8OM8pUOBvBDTSQ=
93,-49,D07nnoki+f55vStW0ueORCimnbU=,VY5l4l/ba9DWSSF5hezXWpliD7c=
92,-54,D07nnoki+f55vStW0ueORCimnbU=,W5bjtN3U8kcf0x4VOIWSocNXOQI=
92,-51,D07nnoki+f55vStW0ueORCimnbU=,VY5l4l/ba9DWSSF5hezXWpliD7c=
91,-58,6tICFK7uRg8NhUenie2E6FTEzno=,A0lLaCK5jDFEr+KLtHmucgvPiV0=
93,-51,6tICFK7uRg8NhUenie2E6FTEzno=,VY5l4l/ba9DWSSF5hezXWpliD7c=
92,-52,6tICFK7uRg8NhUenie2E6FTEzno=,VY5l4l/ba9DWSSF5hezXWpliD7c=
90,-53,6tICFK7uRg8NhUenie2E6FTEzno=,M6EfciUYDE/TR8OM8pUOBvBDTSQ=
93,-55,6tICFK7uRg8NhUenie2E6FTEzno=,W5bjtN3U8kcf0x4VOIWSocNXOQI=
93,-52,6tICFK7uRg8NhUenie2E6FTEzno=,VY5l4l/ba9DWSSF5hezXWpliD7c=
90,-56,6tICFK7uRg8NhUenie2E6FTEzno=,M6EfciUYDE/TR8OM8pUOBvBDTSQ=
93,-53,6tICFK7uRg8NhUenie2E6FTEzno=,W5bjtN3U8kcf0x4VOIWSocNXOQI=
90,-51,6tICFK7uRg8NhUenie2E6FTEzno=,M6EfciUYDE/TR8OM8pUOBvBDTSQ=
90,-52,6tICFK7uRg8NhUenie2E6FTEzno=,M6EfciUYDE/TR8OM8pUOBvBDTSQ=
90,-57,6tICFK7uRg8NhUenie2E6FTEzno=,A0lLaCK5jDFEr+KLtHmucgvPiV0=
93,-54,6tICFK7uRg8NhUenie2E6FTEzno=,W5bjtN3U8kcf0x4VOIWSocNXOQI=
88,-49,6tICFK7uRg8NhUenie2E6FTEzno=,M6EfciUYDE/TR8OM8pUOBvBDTSQ=
93,-50,6tICFK7uRg8NhUenie2E6FTEzno=,VY5l4l/ba9DWSSF5hezXWpliD7c=
92,-49,6tICFK7uRg8NhUenie2E6FTEzno=,VY5l4l/ba9DWSSF5hezXWpliD7c=
92,-50,6tICFK7uRg8NhUenie2E6FTEzno=,VY5l4l/ba9DWSSF5hezXWpliD7c=
90,-55,TCi5LJ9jtz+qNM54FW6rjOKNm9U=,M6EfciUYDE/TR8OM8pUOBvBDTSQ=
92,-55,TCi5LJ9jtz+qNM54FW6rjOKNm9U=,W5bjtN3U8kcf0x4VOIWSocNXOQI=
89,-49,TCi5LJ9jtz+qNM54FW6rjOKNm9U=,M6EfciUYDE/TR8OM8pUOBvBDTSQ=
89,-50,TCi5LJ9jtz+qNM54FW6rjOKNm9U=,M6EfciUYDE/TR8OM8pUOBvBDTSQ=
92,-53,TCi5LJ9jtz+qNM54FW6rjOKNm9U=,W5bjtN3U8kcf0x4VOIWSocNXOQI=
90,-49,TCi5LJ9jtz+qNM54FW6rjOKNm9U=,M6EfciUYDE/TR8OM8pUOBvBDTSQ=
90,-50,TCi5LJ9jtz+qNM54FW6rjOKNm9U=,M6EfciUYDE/TR8OM8pUOBvBDTSQ=
90,-54,TCi5LJ9jtz+qNM54FW6rjOKNm9U=,M6EfciUYDE/TR8OM8pUOBvBDTSQ=
91,-49,TCi5LJ9jtz+qNM54FW6rjOKNm9U=,M6EfciUYDE/TR8OM8pUOBvBDTSQ=
88,-50,TCi5LJ9jtz+qNM54FW6rjOKNm9U=,M6EfciUYDE/TR8OM8pUOBvBDTSQ=
93,-56,TCi5LJ9jtz+qNM54FW6rjOKNm9U=,W5bjtN3U8kcf0x4VOIWSocNXOQI=
92,-56,TCi5LJ9jtz+qNM54FW6rjOKNm9U=,W5bjtN3U8kcf0x4VOIWSocNXOQI=
80,-59,TCi5LJ9jtz+qNM54FW6rjOKNm9U=,A0lLaCK5jDFEr+KLtHmucgvPiV0=
80,-62,TCi5LJ9jtz+qNM54FW6rjOKNm9U=,A0lLaCK5jDFEr+KLtHmucgvPiV0=
80,-61,TCi5LJ9jtz+qNM54FW6rjOKNm9U=,A0lLaCK5jDFEr+KLtHmucgvPiV0=
80,-60,TCi5LJ9jtz+qNM54FW6rjOKNm9U=,A0lLaCK5jDFEr+KLtHmucgvPiV0=
80,-63,TCi5LJ9jtz+qNM54FW6rjOKNm9U=,A0lLaCK5jDFEr+KLtHmucgvPiV0=
82,-49,TCi5LJ9jtz+qNM54FW6rjOKNm9U=,A0lLaCK5jDFEr+KLtHmucgvPiV0=
81,-49,TCi5LJ9jtz+qNM54FW6rjOKNm9U=,A0lLaCK5jDFEr+KLtHmucgvPiV0=
83,-49,TCi5LJ9jtz+qNM54FW6rjOKNm9U=,A0lLaCK5jDFEr+KLtHmucgvPiV0=
84,-49,TCi5LJ9jtz+qNM54FW6rjOKNm9U=,A0lLaCK5jDFEr+KLtHmucgvPiV0=
80,-50,TCi5LJ9jtz+qNM54FW6rjOKNm9U=,A0lLaCK5jDFEr+KLtHmucgvPiV0=
91,-50,TCi5LJ9jtz+qNM54FW6rjOKNm9U=,M6EfciUYDE/TR8OM8pUOBvBDTSQ=
80,-49,TCi5LJ9jtz+qNM54FW6rjOKNm9U=,A0lLaCK5jDFEr+KLtHmucgvPiV0=
80,-51,TCi5LJ9jtz+qNM54FW6rjOKNm9U=,A0lLaCK5jDFEr+KLtHmucgvPiV0=
92,-60,TCi5LJ9jtz+qNM54FW6rjOKNm9U=,3iBGpllh70U9KCyo+yydxHQWfeU=
92,-61,TCi5LJ9jtz+qNM54FW6rjOKNm9U=,A0lLaCK5jDFEr+KLtHmucgvPiV0=
91,-61,TCi5LJ9jtz+qNM54FW6rjOKNm9U=,A0lLaCK5jDFEr+KLtHmucgvPiV0=
92,-62,TCi5LJ9jtz+qNM54FW6rjOKNm9U=,A0lLaCK5jDFEr+KLtHmucgvPiV0=
91,-60,TCi5LJ9jtz+qNM54FW6rjOKNm9U=,A0lLaCK5jDFEr+KLtHmucgvPiV0=
93,-61,TCi5LJ9jtz+qNM54FW6rjOKNm9U=,A0lLaCK5jDFEr+KLtHmucgvPiV0=
93,-63,TCi5LJ9jtz+qNM54FW6rjOKNm9U=,A0lLaCK5jDFEr+KLtHmucgvPiV0=
93,-62,TCi5LJ9jtz+qNM54FW6rjOKNm9U=,A0lLaCK5jDFEr+KLtHmucgvPiV0=
93,-60,TCi5LJ9jtz+qNM54FW6rjOKNm9U=,3iBGpllh70U9KCyo+yydxHQWfeU=
81,-64,TCi5LJ9jtz+qNM54FW6rjOKNm9U=,A0lLaCK5jDFEr+KLtHmucgvPiV0=
82,-64,TCi5LJ9jtz+qNM54FW6rjOKNm9U=,A0lLaCK5jDFEr+KLtHmucgvPiV0=
91,-62,TCi5LJ9jtz+qNM54FW6rjOKNm9U=,A0lLaCK5jDFEr+KLtHmucgvPiV0=
84,-54,TCi5LJ9jtz+qNM54FW6rjOKNm9U=,A0lLaCK5jDFEr+KLtHmucgvPiV0=
80,-64,TCi5LJ9jtz+qNM54FW6rjOKNm9U=,A0lLaCK5jDFEr+KLtHmucgvPiV0=
84,-52,TCi5LJ9jtz+qNM54FW6rjOKNm9U=,A0lLaCK5jDFEr+KLtHmucgvPiV0=
84,-56,TCi5LJ9jtz+qNM54FW6rjOKNm9U=,A0lLaCK5jDFEr+KLtHmucgvPiV0=
84,-55,TCi5LJ9jtz+qNM54FW6rjOKNm9U=,A0lLaCK5jDFEr+KLtHmucgvPiV0=
84,-53,TCi5LJ9jtz+qNM54FW6rjOKNm9U=,A0lLaCK5jDFEr+KLtHmucgvPiV0=
81,-52,TCi5LJ9jtz+qNM54FW6rjOKNm9U=,A0lLaCK5jDFEr+KLtHmucgvPiV0=
80,-52,TCi5LJ9jtz+qNM54FW6rjOKNm9U=,A0lLaCK5jDFEr+KLtHmucgvPiV0=
90,-61,TCi5LJ9jtz+qNM54FW6rjOKNm9U=,A0lLaCK5jDFEr+KLtHmucgvPiV0=
83,-53,TCi5LJ9jtz+qNM54FW6rjOKNm9U=,A0lLaCK5jDFEr+KLtHmucgvPiV0=
83,-52,TCi5LJ9jtz+qNM54FW6rjOKNm9U=,A0lLaCK5jDFEr+KLtHmucgvPiV0=
82,-53,TCi5LJ9jtz+qNM54FW6rjOKNm9U=,A0lLaCK5jDFEr+KLtHmucgvPiV0=
83,-54,TCi5LJ9jtz+qNM54FW6rjOKNm9U=,A0lLaCK5jDFEr+KLtHmucgvPiV0=
80,-53,TCi5LJ9jtz+qNM54FW6rjOKNm9U=,A0lLaCK5jDFEr+KLtHmucgvPiV0=
81,-53,TCi5LJ9jtz+qNM54FW6rjOKNm9U=,A0lLaCK5jDFEr+KLtHmucgvPiV0=
83,-55,TCi5LJ9jtz+qNM54FW6rjOKNm9U=,A0lLaCK5jDFEr+KLtHmucgvPiV0=
83,-57,TCi5LJ9jtz+qNM54FW6rjOKNm9U=,A0lLaCK5jDFEr+KLtHmucgvPiV0=
83,-56,TCi5LJ9jtz+qNM54FW6rjOKNm9U=,A0lLaCK5jDFEr+KLtHmucgvPiV0=
80,-58,TCi5LJ9jtz+qNM54FW6rjOKNm9U=,A0lLaCK5jDFEr+KLtHmucgvPiV0=
81,-56,TCi5LJ9jtz+qNM54FW6rjOKNm9U=,A0lLaCK5jDFEr+KLtHmucgvPiV0=
90,-62,TCi5LJ9jtz+qNM54FW6rjOKNm9U=,A0lLaCK5jDFEr+KLtHmucgvPiV0=
85,-57,TCi5LJ9jtz+qNM54FW6rjOKNm9U=,A0lLaCK5jDFEr+KLtHmucgvPiV0=
82,-57,TCi5LJ9jtz+qNM54FW6rjOKNm9U=,A0lLaCK5jDFEr+KLtHmucgvPiV0=
81,-57,TCi5LJ9jtz+qNM54FW6rjOKNm9U=,A0lLaCK5jDFEr+KLtHmucgvPiV0=
80,-57,TCi5LJ9jtz+qNM54FW6rjOKNm9U=,A0lLaCK5jDFEr+KLtHmucgvPiV0=
82,-52,TCi5LJ9jtz+qNM54FW6rjOKNm9U=,A0lLaCK5jDFEr+KLtHmucgvPiV0=
80,-56,TCi5LJ9jtz+qNM54FW6rjOKNm9U=,A0lLaCK5jDFEr+KLtHmucgvPiV0=
82,-58,TCi5LJ9jtz+qNM54FW6rjOKNm9U=,A0lLaCK5jDFEr+KLtHmucgvPiV0=
81,-54,TCi5LJ9jtz+qNM54FW6rjOKNm9U=,A0lLaCK5jDFEr+KLtHmucgvPiV0=
82,-54,TCi5LJ9jtz+qNM54FW6rjOKNm9U=,A0lLaCK5jDFEr+KLtHmucgvPiV0=
80,-54,TCi5LJ9jtz+qNM54FW6rjOKNm9U=,A0lLaCK5jDFEr+KLtHmucgvPiV0=
82,-55,TCi5LJ9jtz+qNM54FW6rjOKNm9U=,A0lLaCK5jDFEr+KLtHmucgvPiV0=
81,-58,TCi5LJ9jtz+qNM54FW6rjOKNm9U=,A0lLaCK5jDFEr+KLtHmucgvPiV0=
85,-64,TCi5LJ9jtz+qNM54FW6rjOKNm9U=,A0lLaCK5jDFEr+KLtHmucgvPiV0=
82,-56,TCi5LJ9jtz+qNM54FW6rjOKNm9U=,A0lLaCK5jDFEr+KLtHmucgvPiV0=
86,-64,TCi5LJ9jtz+qNM54FW6rjOKNm9U=,A0lLaCK5jDFEr+KLtHmucgvPiV0=
84,-64,TCi5LJ9jtz+qNM54FW6rjOKNm9U=,A0lLaCK5jDFEr+KLtHmucgvPiV0=
83,-64,TCi5LJ9jtz+qNM54FW6rjOKNm9U=,A0lLaCK5jDFEr+KLtHmucgvPiV0=
87,-64,TCi5LJ9jtz+qNM54FW6rjOKNm9U=,A0lLaCK5jDFEr+KLtHmucgvPiV0=
80,-55,TCi5LJ9jtz+qNM54FW6rjOKNm9U=,A0lLaCK5jDFEr+KLtHmucgvPiV0=
84,-58,TCi5LJ9jtz+qNM54FW6rjOKNm9U=,A0lLaCK5jDFEr+KLtHmucgvPiV0=
84,-57,TCi5LJ9jtz+qNM54FW6rjOKNm9U=,A0lLaCK5jDFEr+KLtHmucgvPiV0=
81,-55,TCi5LJ9jtz+qNM54FW6rjOKNm9U=,A0lLaCK5jDFEr+KLtHmucgvPiV0=
85,-58,TCi5LJ9jtz+qNM54FW6rjOKNm9U=,A0lLaCK5jDFEr+KLtHmucgvPiV0=
83,-58,TCi5LJ9jtz+qNM54FW6rjOKNm9U=,A0lLaCK5jDFEr+KLtHmucgvPiV0=
88,-64,TCi5LJ9jtz+qNM54FW6rjOKNm9U=,A0lLaCK5jDFEr+KLtHmucgvPiV0=
93,-64,TCi5LJ9jtz+qNM54FW6rjOKNm9U=,A0lLaCK5jDFEr+KLtHmucgvPiV0=
89,-63,TCi5LJ9jtz+qNM54FW6rjOKNm9U=,A0lLaCK5jDFEr+KLtHmucgvPiV0=
89,-64,TCi5LJ9jtz+qNM54FW6rjOKNm9U=,A0lLaCK5jDFEr+KLtHmucgvPiV0=
92,-63,TCi5LJ9jtz+qNM54FW6rjOKNm9U=,A0lLaCK5jDFEr+KLtHmucgvPiV0=
87,-63,TCi5LJ9jtz+qNM54FW6rjOKNm9U=,A0lLaCK5jDFEr+KLtHmucgvPiV0=
92,-64,TCi5LJ9jtz+qNM54FW6rjOKNm9U=,A0lLaCK5jDFEr+KLtHmucgvPiV0=
91,-64,TCi5LJ9jtz+qNM54FW6rjOKNm9U=,A0lLaCK5jDFEr+KLtHmucgvPiV0=
88,-63,TCi5LJ9jtz+qNM54FW6rjOKNm9U=,A0lLaCK5jDFEr+KLtHmucgvPiV0=
90,-63,TCi5LJ9jtz+qNM54FW6rjOKNm9U=,A0lLaCK5jDFEr+KLtHmucgvPiV0=
91,-63,TCi5LJ9jtz+qNM54FW6rjOKNm9U=,A0lLaCK5jDFEr+KLtHmucgvPiV0=
90,-64,TCi5LJ9jtz+qNM54FW6rjOKNm9U=,A0lLaCK5jDFEr+KLtHmucgvPiV0=
78,-59,OTZaJmhCCfpF7ROjNb8k9b/7uaI=,A0lLaCK5jDFEr+KLtHmucgvPiV0=
78,-58,dxTP7+duR3mOGJk/g5/ci9Ipba0=,A0lLaCK5jDFEr+KLtHmucgvPiV0=
77,-58,dxTP7+duR3mOGJk/g5/ci9Ipba0=,A0lLaCK5jDFEr+KLtHmucgvPiV0=
77,-59,dxTP7+duR3mOGJk/g5/ci9Ipba0=,A0lLaCK5jDFEr+KLtHmucgvPiV0=
74,-55,dxTP7+duR3mOGJk/g5/ci9Ipba0=,A0lLaCK5jDFEr+KLtHmucgvPiV0=
73,-54,dxTP7+duR3mOGJk/g5/ci9Ipba0=,A0lLaCK5jDFEr+KLtHmucgvPiV0=
74,-54,dxTP7+duR3mOGJk/g5/ci9Ipba0=,A0lLaCK5jDFEr+KLtHmucgvPiV0=
73,-55,dxTP7+duR3mOGJk/g5/ci9Ipba0=,A0lLaCK5jDFEr+KLtHmucgvPiV0=
70,-51,dxTP7+duR3mOGJk/g5/ci9Ipba0=,A0lLaCK5jDFEr+KLtHmucgvPiV0=
69,-51,dxTP7+duR3mOGJk/g5/ci9Ipba0=,A0lLaCK5jDFEr+KLtHmucgvPiV0=
70,-50,dxTP7+duR3mOGJk/g5/ci9Ipba0=,A0lLaCK5jDFEr+KLtHmucgvPiV0=
69,-50,dxTP7+duR3mOGJk/g5/ci9Ipba0=,A0lLaCK5jDFEr+KLtHmucgvPiV0=
68,-50,dxTP7+duR3mOGJk/g5/ci9Ipba0=,A0lLaCK5jDFEr+KLtHmucgvPiV0=
65,-51,dxTP7+duR3mOGJk/g5/ci9Ipba0=,xdvwB43cWT9jnKq1DKR6aI53y8A=
66,-51,dxTP7+duR3mOGJk/g5/ci9Ipba0=,xdvwB43cWT9jnKq1DKR6aI53y8A=
67,-51,dxTP7+duR3mOGJk/g5/ci9Ipba0=,xdvwB43cWT9jnKq1DKR6aI53y8A=
65,-50,dxTP7+duR3mOGJk/g5/ci9Ipba0=,xdvwB43cWT9jnKq1DKR6aI53y8A=
66,-50,dxTP7+duR3mOGJk/g5/ci9Ipba0=,xdvwB43cWT9jnKq1DKR6aI53y8A=
67,-50,dxTP7+duR3mOGJk/g5/ci9Ipba0=,xdvwB43cWT9jnKq1DKR6aI53y8A=
68,-51,dxTP7+duR3mOGJk/g5/ci9Ipba0=,A0lLaCK5jDFEr+KLtHmucgvPiV0=
77,-56,dxTP7+duR3mOGJk/g5/ci9Ipba0=,A0lLaCK5jDFEr+KLtHmucgvPiV0=
76,-55,dxTP7+duR3mOGJk/g5/ci9Ipba0=,A0lLaCK5jDFEr+KLtHmucgvPiV0=
77,-57,dxTP7+duR3mOGJk/g5/ci9Ipba0=,A0lLaCK5jDFEr+KLtHmucgvPiV0=
75,-55,dxTP7+duR3mOGJk/g5/ci9Ipba0=,A0lLaCK5jDFEr+KLtHmucgvPiV0=
78,-57,OV6/CaP9U7PeJOV6kPzMODfCSn4=,A0lLaCK5jDFEr+KLtHmucgvPiV0=
75,-54,OV6/CaP9U7PeJOV6kPzMODfCSn4=,A0lLaCK5jDFEr+KLtHmucgvPiV0=
79,-51,OV6/CaP9U7PeJOV6kPzMODfCSn4=,A0lLaCK5jDFEr+KLtHmucgvPiV0=
78,-50,OV6/CaP9U7PeJOV6kPzMODfCSn4=,A0lLaCK5jDFEr+KLtHmucgvPiV0=
79,-50,OV6/CaP9U7PeJOV6kPzMODfCSn4=,A0lLaCK5jDFEr+KLtHmucgvPiV0=
70,-52,OV6/CaP9U7PeJOV6kPzMODfCSn4=,A0lLaCK5jDFEr+KLtHmucgvPiV0=
72,-54,OV6/CaP9U7PeJOV6kPzMODfCSn4=,A0lLaCK5jDFEr+KLtHmucgvPiV0=
72,-55,OV6/CaP9U7PeJOV6kPzMODfCSn4=,A0lLaCK5jDFEr+KLtHmucgvPiV0=
69,-52,OV6/CaP9U7PeJOV6kPzMODfCSn4=,A0lLaCK5jDFEr+KLtHmucgvPiV0=
78,-51,OV6/CaP9U7PeJOV6kPzMODfCSn4=,A0lLaCK5jDFEr+KLtHmucgvPiV0=
79,-52,OV6/CaP9U7PeJOV6kPzMODfCSn4=,A0lLaCK5jDFEr+KLtHmucgvPiV0=
78,-49,OV6/CaP9U7PeJOV6kPzMODfCSn4=,A0lLaCK5jDFEr+KLtHmucgvPiV0=
77,-49,OV6/CaP9U7PeJOV6kPzMODfCSn4=,A0lLaCK5jDFEr+KLtHmucgvPiV0=
78,-54,OV6/CaP9U7PeJOV6kPzMODfCSn4=,A0lLaCK5jDFEr+KLtHmucgvPiV0=
65,-49,Xv3wUAdsc0FjCHkYzUXQVltXm0k=,xdvwB43cWT9jnKq1DKR6aI53y8A=
71,-51,Xv3wUAdsc0FjCHkYzUXQVltXm0k=,A0lLaCK5jDFEr+KLtHmucgvPiV0=
74,-52,Xv3wUAdsc0FjCHkYzUXQVltXm0k=,A0lLaCK5jDFEr+KLtHmucgvPiV0=
72,-53,Xv3wUAdsc0FjCHkYzUXQVltXm0k=,A0lLaCK5jDFEr+KLtHmucgvPiV0=
71,-50,Xv3wUAdsc0FjCHkYzUXQVltXm0k=,A0lLaCK5jDFEr+KLtHmucgvPiV0=
72,-51,Xv3wUAdsc0FjCHkYzUXQVltXm0k=,A0lLaCK5jDFEr+KLtHmucgvPiV0=
73,-53,Xv3wUAdsc0FjCHkYzUXQVltXm0k=,A0lLaCK5jDFEr+KLtHmucgvPiV0=
74,-53,Xv3wUAdsc0FjCHkYzUXQVltXm0k=,A0lLaCK5jDFEr+KLtHmucgvPiV0=
71,-52,Xv3wUAdsc0FjCHkYzUXQVltXm0k=,A0lLaCK5jDFEr+KLtHmucgvPiV0=
75,-53,0gNE7/DNArinTEb+99DBijAZtlA=,A0lLaCK5jDFEr+KLtHmucgvPiV0=
72,-52,0gNE7/DNArinTEb+99DBijAZtlA=,A0lLaCK5jDFEr+KLtHmucgvPiV0=
66,-49,0gNE7/DNArinTEb+99DBijAZtlA=,xdvwB43cWT9jnKq1DKR6aI53y8A=
73,-52,0gNE7/DNArinTEb+99DBijAZtlA=,A0lLaCK5jDFEr+KLtHmucgvPiV0=
65,-52,0gNE7/DNArinTEb+99DBijAZtlA=,xdvwB43cWT9jnKq1DKR6aI53y8A=
66,-52,0gNE7/DNArinTEb+99DBijAZtlA=,xdvwB43cWT9jnKq1DKR6aI53y8A=
67,-52,0gNE7/DNArinTEb+99DBijAZtlA=,xdvwB43cWT9jnKq1DKR6aI53y8A=
68,-52,0gNE7/DNArinTEb+99DBijAZtlA=,A0lLaCK5jDFEr+KLtHmucgvPiV0=
76,-54,0gNE7/DNArinTEb+99DBijAZtlA=,A0lLaCK5jDFEr+KLtHmucgvPiV0=
79,-53,0gNE7/DNArinTEb+99DBijAZtlA=,A0lLaCK5jDFEr+KLtHmucgvPiV0=
79,-54,0gNE7/DNArinTEb+99DBijAZtlA=,A0lLaCK5jDFEr+KLtHmucgvPiV0=
78,-52,0gNE7/DNArinTEb+99DBijAZtlA=,A0lLaCK5jDFEr+KLtHmucgvPiV0=
73,-51,0gNE7/DNArinTEb+99DBijAZtlA=,A0lLaCK5jDFEr+KLtHmucgvPiV0=
78,-53,0gNE7/DNArinTEb+99DBijAZtlA=,A0lLaCK5jDFEr+KLtHmucgvPiV0=
76,-53,0gNE7/DNArinTEb+99DBijAZtlA=,A0lLaCK5jDFEr+KLtHmucgvPiV0=
76,-49,0gNE7/DNArinTEb+99DBijAZtlA=,A0lLaCK5jDFEr+KLtHmucgvPiV0=
75,-52,0gNE7/DNArinTEb+99DBijAZtlA=,A0lLaCK5jDFEr+KLtHmucgvPiV0=
76,-51,h398ahpYoa1PYL3eTYUAjOJ5ET8=,A0lLaCK5jDFEr+KLtHmucgvPiV0=
77,-51,h398ahpYoa1PYL3eTYUAjOJ5ET8=,A0lLaCK5jDFEr+KLtHmucgvPiV0=
74,-51,h398ahpYoa1PYL3eTYUAjOJ5ET8=,A0lLaCK5jDFEr+KLtHmucgvPiV0=
76,-52,h398ahpYoa1PYL3eTYUAjOJ5ET8=,A0lLaCK5jDFEr+KLtHmucgvPiV0=
77,-50,h398ahpYoa1PYL3eTYUAjOJ5ET8=,A0lLaCK5jDFEr+KLtHmucgvPiV0=
77,-54,h398ahpYoa1PYL3eTYUAjOJ5ET8=,A0lLaCK5jDFEr+KLtHmucgvPiV0=
77,-53,h398ahpYoa1PYL3eTYUAjOJ5ET8=,A0lLaCK5jDFEr+KLtHmucgvPiV0=
76,-50,h398ahpYoa1PYL3eTYUAjOJ5ET8=,A0lLaCK5jDFEr+KLtHmucgvPiV0=
77,-52,h398ahpYoa1PYL3eTYUAjOJ5ET8=,A0lLaCK5jDFEr+KLtHmucgvPiV0=
75,-49,h398ahpYoa1PYL3eTYUAjOJ5ET8=,A0lLaCK5jDFEr+KLtHmucgvPiV0=
75,-51,h398ahpYoa1PYL3eTYUAjOJ5ET8=,A0lLaCK5jDFEr+KLtHmucgvPiV0=
68,-49,h398ahpYoa1PYL3eTYUAjOJ5ET8=,A0lLaCK5jDFEr+KLtHmucgvPiV0=
70,-49,h398ahpYoa1PYL3eTYUAjOJ5ET8=,A0lLaCK5jDFEr+KLtHmucgvPiV0=
69,-49,h398ahpYoa1PYL3eTYUAjOJ5ET8=,A0lLaCK5jDFEr+KLtHmucgvPiV0=
67,-49,h398ahpYoa1PYL3eTYUAjOJ5ET8=,xdvwB43cWT9jnKq1DKR6aI53y8A=
77,-60,h398ahpYoa1PYL3eTYUAjOJ5ET8=,A0lLaCK5jDFEr+KLtHmucgvPiV0=
78,-60,h398ahpYoa1PYL3eTYUAjOJ5ET8=,A0lLaCK5jDFEr+KLtHmucgvPiV0=
76,-56,h398ahpYoa1PYL3eTYUAjOJ5ET8=,A0lLaCK5jDFEr+KLtHmucgvPiV0=
76,-57,h398ahpYoa1PYL3eTYUAjOJ5ET8=,A0lLaCK5jDFEr+KLtHmucgvPiV0=
77,-55,h398ahpYoa1PYL3eTYUAjOJ5ET8=,A0lLaCK5jDFEr+KLtHmucgvPiV0=
76,-58,h398ahpYoa1PYL3eTYUAjOJ5ET8=,A0lLaCK5jDFEr+KLtHmucgvPiV0=
73,-56,h398ahpYoa1PYL3eTYUAjOJ5ET8=,A0lLaCK5jDFEr+KLtHmucgvPiV0=
74,-56,h398ahpYoa1PYL3eTYUAjOJ5ET8=,A0lLaCK5jDFEr+KLtHmucgvPiV0=
75,-56,h398ahpYoa1PYL3eTYUAjOJ5ET8=,A0lLaCK5jDFEr+KLtHmucgvPiV0=
76,-59,h398ahpYoa1PYL3eTYUAjOJ5ET8=,A0lLaCK5jDFEr+KLtHmucgvPiV0=
72,-56,h398ahpYoa1PYL3eTYUAjOJ5ET8=,A0lLaCK5jDFEr+KLtHmucgvPiV0=
79,-49,h398ahpYoa1PYL3eTYUAjOJ5ET8=,A0lLaCK5jDFEr+KLtHmucgvPiV0=
74,-50,h398ahpYoa1PYL3eTYUAjOJ5ET8=,A0lLaCK5jDFEr+KLtHmucgvPiV0=
76,-60,h398ahpYoa1PYL3eTYUAjOJ5ET8=,A0lLaCK5jDFEr+KLtHmucgvPiV0=
72,-50,h398ahpYoa1PYL3eTYUAjOJ5ET8=,A0lLaCK5jDFEr+KLtHmucgvPiV0=
74,-49,h398ahpYoa1PYL3eTYUAjOJ5ET8=,A0lLaCK5jDFEr+KLtHmucgvPiV0=
79,-59,h398ahpYoa1PYL3eTYUAjOJ5ET8=,A0lLaCK5jDFEr+KLtHmucgvPiV0=
79,-60,h398ahpYoa1PYL3eTYUAjOJ5ET8=,A0lLaCK5jDFEr+KLtHmucgvPiV0=
75,-50,h398ahpYoa1PYL3eTYUAjOJ5ET8=,A0lLaCK5jDFEr+KLtHmucgvPiV0=
79,-58,h398ahpYoa1PYL3eTYUAjOJ5ET8=,A0lLaCK5jDFEr+KLtHmucgvPiV0=
71,-49,h398ahpYoa1PYL3eTYUAjOJ5ET8=,A0lLaCK5jDFEr+KLtHmucgvPiV0=
78,-56,h398ahpYoa1PYL3eTYUAjOJ5ET8=,A0lLaCK5jDFEr+KLtHmucgvPiV0=
73,-50,h398ahpYoa1PYL3eTYUAjOJ5ET8=,A0lLaCK5jDFEr+KLtHmucgvPiV0=
79,-57,h398ahpYoa1PYL3eTYUAjOJ5ET8=,A0lLaCK5jDFEr+KLtHmucgvPiV0=
64,-52,h398ahpYoa1PYL3eTYUAjOJ5ET8=,xdvwB43cWT9jnKq1DKR6aI53y8A=
64,-51,h398ahpYoa1PYL3eTYUAjOJ5ET8=,xdvwB43cWT9jnKq1DKR6aI53y8A=
64,-50,h398ahpYoa1PYL3eTYUAjOJ5ET8=,xdvwB43cWT9jnKq1DKR6aI53y8A=
64,-49,h398ahpYoa1PYL3eTYUAjOJ5ET8=,xdvwB43cWT9jnKq1DKR6aI53y8A=
72,-49,h398ahpYoa1PYL3eTYUAjOJ5ET8=,A0lLaCK5jDFEr+KLtHmucgvPiV0=
78,-55,h398ahpYoa1PYL3eTYUAjOJ5ET8=,A0lLaCK5jDFEr+KLtHmucgvPiV0=
73,-49,h398ahpYoa1PYL3eTYUAjOJ5ET8=,A0lLaCK5jDFEr+KLtHmucgvPiV0=
79,-55,h398ahpYoa1PYL3eTYUAjOJ5ET8=,A0lLaCK5jDFEr+KLtHmucgvPiV0=
79,-56,h398ahpYoa1PYL3eTYUAjOJ5ET8=,A0lLaCK5jDFEr+KLtHmucgvPiV0=
69,-35,h398ahpYoa1PYL3eTYUAjOJ5ET8=,YLpCBs+U0932OnJ0yt1rmlnwd3o=
70,-34,h398ahpYoa1PYL3eTYUAjOJ5ET8=,YLpCBs+U0932OnJ0yt1rmlnwd3o=
69,-34,h398ahpYoa1PYL3eTYUAjOJ5ET8=,YLpCBs+U0932OnJ0yt1rmlnwd3o=
70,-35,h398ahpYoa1PYL3eTYUAjOJ5ET8=,YLpCBs+U0932OnJ0yt1rmlnwd3o=
68,-35,h5RFqWtGNmTPvFzxFUYkHM+Z5Ks=,YLpCBs+U0932OnJ0yt1rmlnwd3o=
67,-34,h5RFqWtGNmTPvFzxFUYkHM+Z5Ks=,xdvwB43cWT9jnKq1DKR6aI53y8A=
66,-34,h5RFqWtGNmTPvFzxFUYkHM+Z5Ks=,xdvwB43cWT9jnKq1DKR6aI53y8A=
65,-34,h5RFqWtGNmTPvFzxFUYkHM+Z5Ks=,xdvwB43cWT9jnKq1DKR6aI53y8A=
68,-34,h5RFqWtGNmTPvFzxFUYkHM+Z5Ks=,YLpCBs+U0932OnJ0yt1rmlnwd3o=
67,-35,h5RFqWtGNmTPvFzxFUYkHM+Z5Ks=,xdvwB43cWT9jnKq1DKR6aI53y8A=
66,-35,h5RFqWtGNmTPvFzxFUYkHM+Z5Ks=,xdvwB43cWT9jnKq1DKR6aI53y8A=
66,-33,h5RFqWtGNmTPvFzxFUYkHM+Z5Ks=,xdvwB43cWT9jnKq1DKR6aI53y8A=
65,-33,h5RFqWtGNmTPvFzxFUYkHM+Z5Ks=,xdvwB43cWT9jnKq1DKR6aI53y8A=
69,-37,gnT0/rDWTOnVOJOhA1dhMWjVCIM=,YLpCBs+U0932OnJ0yt1rmlnwd3o=
70,-36,gnT0/rDWTOnVOJOhA1dhMWjVCIM=,YLpCBs+U0932OnJ0yt1rmlnwd3o=
69,-36,gnT0/rDWTOnVOJOhA1dhMWjVCIM=,YLpCBs+U0932OnJ0yt1rmlnwd3o=
68,-36,gnT0/rDWTOnVOJOhA1dhMWjVCIM=,YLpCBs+U0932OnJ0yt1rmlnwd3o=
70,-37,gnT0/rDWTOnVOJOhA1dhMWjVCIM=,YLpCBs+U0932OnJ0yt1rmlnwd3o=
68,-37,gnT0/rDWTOnVOJOhA1dhMWjVCIM=,YLpCBs+U0932OnJ0yt1rmlnwd3o=
69,-38,gnT0/rDWTOnVOJOhA1dhMWjVCIM=,YLpCBs+U0932OnJ0yt1rmlnwd3o=
67,-36,gnT0/rDWTOnVOJOhA1dhMWjVCIM=,xdvwB43cWT9jnKq1DKR6aI53y8A=
66,-37,gnT0/rDWTOnVOJOhA1dhMWjVCIM=,A0lLaCK5jDFEr+KLtHmucgvPiV0=
66,-36,gnT0/rDWTOnVOJOhA1dhMWjVCIM=,xdvwB43cWT9jnKq1DKR6aI53y8A=
68,-38,2tb8olRiwiumizSdaRDu0iLekgU=,YLpCBs+U0932OnJ0yt1rmlnwd3o=
67,-37,2tb8olRiwiumizSdaRDu0iLekgU=,A0lLaCK5jDFEr+KLtHmucgvPiV0=
67,-38,2tb8olRiwiumizSdaRDu0iLekgU=,A0lLaCK5jDFEr+KLtHmucgvPiV0=
66,-38,2tb8olRiwiumizSdaRDu0iLekgU=,A0lLaCK5jDFEr+KLtHmucgvPiV0=
72,-35,2tb8olRiwiumizSdaRDu0iLekgU=,YLpCBs+U0932OnJ0yt1rmlnwd3o=
73,-35,2tb8olRiwiumizSdaRDu0iLekgU=,YLpCBs+U0932OnJ0yt1rmlnwd3o=
74,-35,2tb8olRiwiumizSdaRDu0iLekgU=,YLpCBs+U0932OnJ0yt1rmlnwd3o=
72,-34,2tb8olRiwiumizSdaRDu0iLekgU=,YLpCBs+U0932OnJ0yt1rmlnwd3o=
73,-34,BMvavDbHvD2iKaIJyFyghaTQe0Y=,YLpCBs+U0932OnJ0yt1rmlnwd3o=
74,-34,BMvavDbHvD2iKaIJyFyghaTQe0Y=,YLpCBs+U0932OnJ0yt1rmlnwd3o=
71,-35,BMvavDbHvD2iKaIJyFyghaTQe0Y=,YLpCBs+U0932OnJ0yt1rmlnwd3o=
71,-34,BMvavDbHvD2iKaIJyFyghaTQe0Y=,YLpCBs+U0932OnJ0yt1rmlnwd3o=
78,-42,BMvavDbHvD2iKaIJyFyghaTQe0Y=,YLpCBs+U0932OnJ0yt1rmlnwd3o=
78,-43,0w+MK2ezcsJ8h2cXG8X19bU8JFw=,YLpCBs+U0932OnJ0yt1rmlnwd3o=
77,-42,0w+MK2ezcsJ8h2cXG8X19bU8JFw=,YLpCBs+U0932OnJ0yt1rmlnwd3o=
77,-43,0w+MK2ezcsJ8h2cXG8X19bU8JFw=,YLpCBs+U0932OnJ0yt1rmlnwd3o=
69,-39,0w+MK2ezcsJ8h2cXG8X19bU8JFw=,YLpCBs+U0932OnJ0yt1rmlnwd3o=
68,-42,0w+MK2ezcsJ8h2cXG8X19bU8JFw=,A0lLaCK5jDFEr+KLtHmucgvPiV0=
67,-42,0w+MK2ezcsJ8h2cXG8X19bU8JFw=,A0lLaCK5jDFEr+KLtHmucgvPiV0=
67,-39,0w+MK2ezcsJ8h2cXG8X19bU8JFw=,A0lLaCK5jDFEr+KLtHmucgvPiV0=
69,-40,0w+MK2ezcsJ8h2cXG8X19bU8JFw=,YLpCBs+U0932OnJ0yt1rmlnwd3o=
68,-39,0w+MK2ezcsJ8h2cXG8X19bU8JFw=,YLpCBs+U0932OnJ0yt1rmlnwd3o=
69,-41,0w+MK2ezcsJ8h2cXG8X19bU8JFw=,A0lLaCK5jDFEr+KLtHmucgvPiV0=
66,-39,0w+MK2ezcsJ8h2cXG8X19bU8JFw=,A0lLaCK5jDFEr+KLtHmucgvPiV0=
66,-41,0w+MK2ezcsJ8h2cXG8X19bU8JFw=,A0lLaCK5jDFEr+KLtHmucgvPiV0=
66,-42,0w+MK2ezcsJ8h2cXG8X19bU8JFw=,A0lLaCK5jDFEr+KLtHmucgvPiV0=
69,-42,0w+MK2ezcsJ8h2cXG8X19bU8JFw=,A0lLaCK5jDFEr+KLtHmucgvPiV0=
67,-40,0w+MK2ezcsJ8h2cXG8X19bU8JFw=,A0lLaCK5jDFEr+KLtHmucgvPiV0=
68,-41,LYJFcJERZzA05bcyyb7XtKzUR+0=,A0lLaCK5jDFEr+KLtHmucgvPiV0=
68,-40,LYJFcJERZzA05bcyyb7XtKzUR+0=,YLpCBs+U0932OnJ0yt1rmlnwd3o=
67,-41,LYJFcJERZzA05bcyyb7XtKzUR+0=,A0lLaCK5jDFEr+KLtHmucgvPiV0=
75,-43,LYJFcJERZzA05bcyyb7XtKzUR+0=,YLpCBs+U0932OnJ0yt1rmlnwd3o=
76,-42,LYJFcJERZzA05bcyyb7XtKzUR+0=,YLpCBs+U0932OnJ0yt1rmlnwd3o=
75,-42,LYJFcJERZzA05bcyyb7XtKzUR+0=,YLpCBs+U0932OnJ0yt1rmlnwd3o=
76,-43,LYJFcJERZzA05bcyyb7XtKzUR+0=,YLpCBs+U0932OnJ0yt1rmlnwd3o=
66,-40,FG+j1HUEJdRJ648ILXPAD0mup04=,A0lLaCK5jDFEr+KLtHmucgvPiV0=
78,-35,FG+j1HUEJdRJ648ILXPAD0mup04=,YLpCBs+U0932OnJ0yt1rmlnwd3o=
78,-34,FG+j1HUEJdRJ648ILXPAD0mup04=,YLpCBs+U0932OnJ0yt1rmlnwd3o=
75,-35,FG+j1HUEJdRJ648ILXPAD0mup04=,YLpCBs+U0932OnJ0yt1rmlnwd3o=
75,-34,FG+j1HUEJdRJ648ILXPAD0mup04=,YLpCBs+U0932OnJ0yt1rmlnwd3o=
76,-34,FG+j1HUEJdRJ648ILXPAD0mup04=,YLpCBs+U0932OnJ0yt1rmlnwd3o=
77,-35,FG+j1HUEJdRJ648ILXPAD0mup04=,YLpCBs+U0932OnJ0yt1rmlnwd3o=
77,-34,FG+j1HUEJdRJ648ILXPAD0mup04=,YLpCBs+U0932OnJ0yt1rmlnwd3o=
76,-35,FG+j1HUEJdRJ648ILXPAD0mup04=,YLpCBs+U0932OnJ0yt1rmlnwd3o=
74,-47,FG+j1HUEJdRJ648ILXPAD0mup04=,A0lLaCK5jDFEr+KLtHmucgvPiV0=
74,-46,FG+j1HUEJdRJ648ILXPAD0mup04=,A0lLaCK5jDFEr+KLtHmucgvPiV0=
72,-36,FG+j1HUEJdRJ648ILXPAD0mup04=,YLpCBs+U0932OnJ0yt1rmlnwd3o=
71,-37,FG+j1HUEJdRJ648ILXPAD0mup04=,YLpCBs+U0932OnJ0yt1rmlnwd3o=
73,-36,r/WQVsXo/BKeFbNTZ1PZ5PAcHds=,YLpCBs+U0932OnJ0yt1rmlnwd3o=
74,-36,r/WQVsXo/BKeFbNTZ1PZ5PAcHds=,YLpCBs+U0932OnJ0yt1rmlnwd3o=
71,-36,r/WQVsXo/BKeFbNTZ1PZ5PAcHds=,YLpCBs+U0932OnJ0yt1rmlnwd3o=
74,-41,r/WQVsXo/BKeFbNTZ1PZ5PAcHds=,YLpCBs+U0932OnJ0yt1rmlnwd3o=
76,-36,r/WQVsXo/BKeFbNTZ1PZ5PAcHds=,YLpCBs+U0932OnJ0yt1rmlnwd3o=
77,-36,r/WQVsXo/BKeFbNTZ1PZ5PAcHds=,YLpCBs+U0932OnJ0yt1rmlnwd3o=
78,-36,r/WQVsXo/BKeFbNTZ1PZ5PAcHds=,YLpCBs+U0932OnJ0yt1rmlnwd3o=
73,-41,r/WQVsXo/BKeFbNTZ1PZ5PAcHds=,YLpCBs+U0932OnJ0yt1rmlnwd3o=
75,-40,r/WQVsXo/BKeFbNTZ1PZ5PAcHds=,YLpCBs+U0932OnJ0yt1rmlnwd3o=
75,-36,r/WQVsXo/BKeFbNTZ1PZ5PAcHds=,YLpCBs+U0932OnJ0yt1rmlnwd3o=
71,-41,r/WQVsXo/BKeFbNTZ1PZ5PAcHds=,A0lLaCK5jDFEr+KLtHmucgvPiV0=
70,-38,r/WQVsXo/BKeFbNTZ1PZ5PAcHds=,YLpCBs+U0932OnJ0yt1rmlnwd3o=
73,-42,r/WQVsXo/BKeFbNTZ1PZ5PAcHds=,YLpCBs+U0932OnJ0yt1rmlnwd3o=
71,-39,r/WQVsXo/BKeFbNTZ1PZ5PAcHds=,YLpCBs+U0932OnJ0yt1rmlnwd3o=
75,-39,r/WQVsXo/BKeFbNTZ1PZ5PAcHds=,YLpCBs+U0932OnJ0yt1rmlnwd3o=
75,-37,r/WQVsXo/BKeFbNTZ1PZ5PAcHds=,YLpCBs+U0932OnJ0yt1rmlnwd3o=
72,-41,r/WQVsXo/BKeFbNTZ1PZ5PAcHds=,YLpCBs+U0932OnJ0yt1rmlnwd3o=
70,-42,ZJd3aMasKioPbruGIO/B2jwnj38=,A0lLaCK5jDFEr+KLtHmucgvPiV0=
70,-41,ZJd3aMasKioPbruGIO/B2jwnj38=,A0lLaCK5jDFEr+KLtHmucgvPiV0=
75,-41,ZJd3aMasKioPbruGIO/B2jwnj38=,YLpCBs+U0932OnJ0yt1rmlnwd3o=
74,-38,ZJd3aMasKioPbruGIO/B2jwnj38=,YLpCBs+U0932OnJ0yt1rmlnwd3o=
72,-42,ZJd3aMasKioPbruGIO/B2jwnj38=,YLpCBs+U0932OnJ0yt1rmlnwd3o=
75,-38,ZJd3aMasKioPbruGIO/B2jwnj38=,YLpCBs+U0932OnJ0yt1rmlnwd3o=
70,-39,ZJd3aMasKioPbruGIO/B2jwnj38=,YLpCBs+U0932OnJ0yt1rmlnwd3o=
71,-42,Aj3Yj2LqGG9CknvoVN8I8iLPMRs=,A0lLaCK5jDFEr+KLtHmucgvPiV0=
76,-38,Aj3Yj2LqGG9CknvoVN8I8iLPMRs=,YLpCBs+U0932OnJ0yt1rmlnwd3o=
72,-37,Aj3Yj2LqGG9CknvoVN8I8iLPMRs=,YLpCBs+U0932OnJ0yt1rmlnwd3o=
74,-37,Aj3Yj2LqGG9CknvoVN8I8iLPMRs=,YLpCBs+U0932OnJ0yt1rmlnwd3o=
77,-38,Aj3Yj2LqGG9CknvoVN8I8iLPMRs=,YLpCBs+U0932OnJ0yt1rmlnwd3o=
71,-38,Aj3Yj2LqGG9CknvoVN8I8iLPMRs=,YLpCBs+U0932OnJ0yt1rmlnwd3o=
77,-40,Aj3Yj2LqGG9CknvoVN8I8iLPMRs=,YLpCBs+U0932OnJ0yt1rmlnwd3o=
77,-41,Aj3Yj2LqGG9CknvoVN8I8iLPMRs=,YLpCBs+U0932OnJ0yt1rmlnwd3o=
77,-37,Aj3Yj2LqGG9CknvoVN8I8iLPMRs=,YLpCBs+U0932OnJ0yt1rmlnwd3o=
76,-41,Aj3Yj2LqGG9CknvoVN8I8iLPMRs=,YLpCBs+U0932OnJ0yt1rmlnwd3o=
77,-39,Aj3Yj2LqGG9CknvoVN8I8iLPMRs=,YLpCBs+U0932OnJ0yt1rmlnwd3o=
76,-40,Aj3Yj2LqGG9CknvoVN8I8iLPMRs=,YLpCBs+U0932OnJ0yt1rmlnwd3o=
74,-42,Aj3Yj2LqGG9CknvoVN8I8iLPMRs=,YLpCBs+U0932OnJ0yt1rmlnwd3o=
76,-39,Aj3Yj2LqGG9CknvoVN8I8iLPMRs=,YLpCBs+U0932OnJ0yt1rmlnwd3o=
76,-37,Aj3Yj2LqGG9CknvoVN8I8iLPMRs=,YLpCBs+U0932OnJ0yt1rmlnwd3o=
74,-40,Aj3Yj2LqGG9CknvoVN8I8iLPMRs=,YLpCBs+U0932OnJ0yt1rmlnwd3o=
70,-40,Aj3Yj2LqGG9CknvoVN8I8iLPMRs=,YLpCBs+U0932OnJ0yt1rmlnwd3o=
73,-37,Aj3Yj2LqGG9CknvoVN8I8iLPMRs=,YLpCBs+U0932OnJ0yt1rmlnwd3o=
74,-39,Aj3Yj2LqGG9CknvoVN8I8iLPMRs=,YLpCBs+U0932OnJ0yt1rmlnwd3o=
73,-39,Aj3Yj2LqGG9CknvoVN8I8iLPMRs=,YLpCBs+U0932OnJ0yt1rmlnwd3o=
73,-40,Aj3Yj2LqGG9CknvoVN8I8iLPMRs=,YLpCBs+U0932OnJ0yt1rmlnwd3o=
72,-40,QdeOGjh4EgBKXdETMXSCn/PuuZw=,YLpCBs+U0932OnJ0yt1rmlnwd3o=
71,-40,30Sq90Lyt3PlbyOVc9L90Bt3GDc=,YLpCBs+U0932OnJ0yt1rmlnwd3o=
72,-39,30Sq90Lyt3PlbyOVc9L90Bt3GDc=,YLpCBs+U0932OnJ0yt1rmlnwd3o=
72,-38,30Sq90Lyt3PlbyOVc9L90Bt3GDc=,YLpCBs+U0932OnJ0yt1rmlnwd3o=
73,-38,30Sq90Lyt3PlbyOVc9L90Bt3GDc=,YLpCBs+U0932OnJ0yt1rmlnwd3o=
76,-44,30Sq90Lyt3PlbyOVc9L90Bt3GDc=,YLpCBs+U0932OnJ0yt1rmlnwd3o=
75,-45,30Sq90Lyt3PlbyOVc9L90Bt3GDc=,A0lLaCK5jDFEr+KLtHmucgvPiV0=
77,-44,30Sq90Lyt3PlbyOVc9L90Bt3GDc=,YLpCBs+U0932OnJ0yt1rmlnwd3o=
75,-44,aEKtwJUjOnSFbhOYI/WJKh2oQBc=,YLpCBs+U0932OnJ0yt1rmlnwd3o=
78,-47,aEKtwJUjOnSFbhOYI/WJKh2oQBc=,A0lLaCK5jDFEr+KLtHmucgvPiV0=
76,-46,aEKtwJUjOnSFbhOYI/WJKh2oQBc=,A0lLaCK5jDFEr+KLtHmucgvPiV0=
78,-44,aEKtwJUjOnSFbhOYI/WJKh2oQBc=,YLpCBs+U0932OnJ0yt1rmlnwd3o=
75,-47,aEKtwJUjOnSFbhOYI/WJKh2oQBc=,A0lLaCK5jDFEr+KLtHmucgvPiV0=
77,-46,aEKtwJUjOnSFbhOYI/WJKh2oQBc=,A0lLaCK5jDFEr+KLtHmucgvPiV0=
78,-46,aEKtwJUjOnSFbhOYI/WJKh2oQBc=,A0lLaCK5jDFEr+KLtHmucgvPiV0=
76,-45,aEKtwJUjOnSFbhOYI/WJKh2oQBc=,A0lLaCK5jDFEr+KLtHmucgvPiV0=
77,-45,aEKtwJUjOnSFbhOYI/WJKh2oQBc=,A0lLaCK5jDFEr+KLtHmucgvPiV0=
76,-47,aEKtwJUjOnSFbhOYI/WJKh2oQBc=,A0lLaCK5jDFEr+KLtHmucgvPiV0=
78,-45,aEKtwJUjOnSFbhOYI/WJKh2oQBc=,A0lLaCK5jDFEr+KLtHmucgvPiV0=
77,-47,aEKtwJUjOnSFbhOYI/WJKh2oQBc=,A0lLaCK5jDFEr+KLtHmucgvPiV0=
75,-46,aEKtwJUjOnSFbhOYI/WJKh2oQBc=,A0lLaCK5jDFEr+KLtHmucgvPiV0=
79,-47,aEKtwJUjOnSFbhOYI/WJKh2oQBc=,A0lLaCK5jDFEr+KLtHmucgvPiV0=
79,-46,41G3Vy4+Jer2Cv0ySn1hoftAG8M=,A0lLaCK5jDFEr+KLtHmucgvPiV0=
65,-48,41G3Vy4+Jer2Cv0ySn1hoftAG8M=,A0lLaCK5jDFEr+KLtHmucgvPiV0=
66,-48,41G3Vy4+Jer2Cv0ySn1hoftAG8M=,A0lLaCK5jDFEr+KLtHmucgvPiV0=
64,-47,41G3Vy4+Jer2Cv0ySn1hoftAG8M=,A0lLaCK5jDFEr+KLtHmucgvPiV0=
65,-47,41G3Vy4+Jer2Cv0ySn1hoftAG8M=,A0lLaCK5jDFEr+KLtHmucgvPiV0=
66,-47,41G3Vy4+Jer2Cv0ySn1hoftAG8M=,A0lLaCK5jDFEr+KLtHmucgvPiV0=
64,-46,41G3Vy4+Jer2Cv0ySn1hoftAG8M=,A0lLaCK5jDFEr+KLtHmucgvPiV0=
65,-45,YWpMd90Gol0c40xhm5wcxe6I1Qs=,A0lLaCK5jDFEr+KLtHmucgvPiV0=
65,-46,YWpMd90Gol0c40xhm5wcxe6I1Qs=,A0lLaCK5jDFEr+KLtHmucgvPiV0=
74,-45,YWpMd90Gol0c40xhm5wcxe6I1Qs=,A0lLaCK5jDFEr+KLtHmucgvPiV0=
74,-44,YWpMd90Gol0c40xhm5wcxe6I1Qs=,YLpCBs+U0932OnJ0yt1rmlnwd3o=
67,-48,YWpMd90Gol0c40xhm5wcxe6I1Qs=,A0lLaCK5jDFEr+KLtHmucgvPiV0=
74,-43,YWpMd90Gol0c40xhm5wcxe6I1Qs=,YLpCBs+U0932OnJ0yt1rmlnwd3o=
66,-46,YWpMd90Gol0c40xhm5wcxe6I1Qs=,A0lLaCK5jDFEr+KLtHmucgvPiV0=
66,-44,YWpMd90Gol0c40xhm5wcxe6I1Qs=,A0lLaCK5jDFEr+KLtHmucgvPiV0=
72,-47,YWpMd90Gol0c40xhm5wcxe6I1Qs=,A0lLaCK5jDFEr+KLtHmucgvPiV0=
68,-43,YWpMd90Gol0c40xhm5wcxe6I1Qs=,A0lLaCK5jDFEr+KLtHmucgvPiV0=
70,-43,YWpMd90Gol0c40xhm5wcxe6I1Qs=,A0lLaCK5jDFEr+KLtHmucgvPiV0=
66,-43,YWpMd90Gol0c40xhm5wcxe6I1Qs=,A0lLaCK5jDFEr+KLtHmucgvPiV0=
69,-43,YWpMd90Gol0c40xhm5wcxe6I1Qs=,A0lLaCK5jDFEr+KLtHmucgvPiV0=
68,-44,YWpMd90Gol0c40xhm5wcxe6I1Qs=,A0lLaCK5jDFEr+KLtHmucgvPiV0=
67,-43,YWpMd90Gol0c40xhm5wcxe6I1Qs=,A0lLaCK5jDFEr+KLtHmucgvPiV0=
67,-44,YWpMd90Gol0c40xhm5wcxe6I1Qs=,A0lLaCK5jDFEr+KLtHmucgvPiV0=
71,-43,YWpMd90Gol0c40xhm5wcxe6I1Qs=,A0lLaCK5jDFEr+KLtHmucgvPiV0=
73,-47,YWpMd90Gol0c40xhm5wcxe6I1Qs=,A0lLaCK5jDFEr+KLtHmucgvPiV0=
72,-48,IrgLfoYKZA43LbWFv7aaa/XTwxw=,A0lLaCK5jDFEr+KLtHmucgvPiV0=
71,-48,IrgLfoYKZA43LbWFv7aaa/XTwxw=,A0lLaCK5jDFEr+KLtHmucgvPiV0=
68,-47,IrgLfoYKZA43LbWFv7aaa/XTwxw=,A0lLaCK5jDFEr+KLtHmucgvPiV0=
73,-46,IrgLfoYKZA43LbWFv7aaa/XTwxw=,A0lLaCK5jDFEr+KLtHmucgvPiV0=
69,-44,IrgLfoYKZA43LbWFv7aaa/XTwxw=,A0lLaCK5jDFEr+KLtHmucgvPiV0=
73,-48,IrgLfoYKZA43LbWFv7aaa/XTwxw=,A0lLaCK5jDFEr+KLtHmucgvPiV0=
72,-44,IrgLfoYKZA43LbWFv7aaa/XTwxw=,YLpCBs+U0932OnJ0yt1rmlnwd3o=
73,-43,IrgLfoYKZA43LbWFv7aaa/XTwxw=,YLpCBs+U0932OnJ0yt1rmlnwd3o=
69,-45,IrgLfoYKZA43LbWFv7aaa/XTwxw=,A0lLaCK5jDFEr+KLtHmucgvPiV0=
72,-45,IrgLfoYKZA43LbWFv7aaa/XTwxw=,A0lLaCK5jDFEr+KLtHmucgvPiV0=
73,-44,IrgLfoYKZA43LbWFv7aaa/XTwxw=,YLpCBs+U0932OnJ0yt1rmlnwd3o=
67,-47,IrgLfoYKZA43LbWFv7aaa/XTwxw=,A0lLaCK5jDFEr+KLtHmucgvPiV0=
69,-47,IrgLfoYKZA43LbWFv7aaa/XTwxw=,A0lLaCK5jDFEr+KLtHmucgvPiV0=
72,-43,IrgLfoYKZA43LbWFv7aaa/XTwxw=,YLpCBs+U0932OnJ0yt1rmlnwd3o=
68,-48,IrgLfoYKZA43LbWFv7aaa/XTwxw=,A0lLaCK5jDFEr+KLtHmucgvPiV0=
70,-45,IrgLfoYKZA43LbWFv7aaa/XTwxw=,A0lLaCK5jDFEr+KLtHmucgvPiV0=
69,-48,IrgLfoYKZA43LbWFv7aaa/XTwxw=,A0lLaCK5jDFEr+KLtHmucgvPiV0=
72,-46,IrgLfoYKZA43LbWFv7aaa/XTwxw=,A0lLaCK5jDFEr+KLtHmucgvPiV0=
64,-45,IrgLfoYKZA43LbWFv7aaa/XTwxw=,A0lLaCK5jDFEr+KLtHmucgvPiV0=
73,-33,IrgLfoYKZA43LbWFv7aaa/XTwxw=,YLpCBs+U0932OnJ0yt1rmlnwd3o=
73,-45,IrgLfoYKZA43LbWFv7aaa/XTwxw=,A0lLaCK5jDFEr+KLtHmucgvPiV0=
74,-33,IrgLfoYKZA43LbWFv7aaa/XTwxw=,YLpCBs+U0932OnJ0yt1rmlnwd3o=
70,-44,IrgLfoYKZA43LbWFv7aaa/XTwxw=,A0lLaCK5jDFEr+KLtHmucgvPiV0=
67,-46,IrgLfoYKZA43LbWFv7aaa/XTwxw=,A0lLaCK5jDFEr+KLtHmucgvPiV0=
66,-45,IrgLfoYKZA43LbWFv7aaa/XTwxw=,A0lLaCK5jDFEr+KLtHmucgvPiV0=
71,-45,IrgLfoYKZA43LbWFv7aaa/XTwxw=,A0lLaCK5jDFEr+KLtHmucgvPiV0=
70,-47,IrgLfoYKZA43LbWFv7aaa/XTwxw=,A0lLaCK5jDFEr+KLtHmucgvPiV0=
64,-43,IrgLfoYKZA43LbWFv7aaa/XTwxw=,A0lLaCK5jDFEr+KLtHmucgvPiV0=
70,-48,IrgLfoYKZA43LbWFv7aaa/XTwxw=,A0lLaCK5jDFEr+KLtHmucgvPiV0=
65,-43,IrgLfoYKZA43LbWFv7aaa/XTwxw=,A0lLaCK5jDFEr+KLtHmucgvPiV0=
65,-44,IrgLfoYKZA43LbWFv7aaa/XTwxw=,A0lLaCK5jDFEr+KLtHmucgvPiV0=
64,-44,IrgLfoYKZA43LbWFv7aaa/XTwxw=,A0lLaCK5jDFEr+KLtHmucgvPiV0=
77,-48,IrgLfoYKZA43LbWFv7aaa/XTwxw=,A0lLaCK5jDFEr+KLtHmucgvPiV0=
76,-48,IrgLfoYKZA43LbWFv7aaa/XTwxw=,A0lLaCK5jDFEr+KLtHmucgvPiV0=
79,-48,IrgLfoYKZA43LbWFv7aaa/XTwxw=,A0lLaCK5jDFEr+KLtHmucgvPiV0=
78,-48,IrgLfoYKZA43LbWFv7aaa/XTwxw=,A0lLaCK5jDFEr+KLtHmucgvPiV0=
75,-48,IrgLfoYKZA43LbWFv7aaa/XTwxw=,A0lLaCK5jDFEr+KLtHmucgvPiV0=
71,-44,IrgLfoYKZA43LbWFv7aaa/XTwxw=,A0lLaCK5jDFEr+KLtHmucgvPiV0=
79,-44,IrgLfoYKZA43LbWFv7aaa/XTwxw=,YLpCBs+U0932OnJ0yt1rmlnwd3o=
79,-42,IrgLfoYKZA43LbWFv7aaa/XTwxw=,YLpCBs+U0932OnJ0yt1rmlnwd3o=
79,-40,IrgLfoYKZA43LbWFv7aaa/XTwxw=,YLpCBs+U0932OnJ0yt1rmlnwd3o=
79,-39,IrgLfoYKZA43LbWFv7aaa/XTwxw=,YLpCBs+U0932OnJ0yt1rmlnwd3o=
78,-40,IrgLfoYKZA43LbWFv7aaa/XTwxw=,YLpCBs+U0932OnJ0yt1rmlnwd3o=
79,-43,IrgLfoYKZA43LbWFv7aaa/XTwxw=,YLpCBs+U0932OnJ0yt1rmlnwd3o=
68,-46,IrgLfoYKZA43LbWFv7aaa/XTwxw=,A0lLaCK5jDFEr+KLtHmucgvPiV0=
78,-39,IrgLfoYKZA43LbWFv7aaa/XTwxw=,YLpCBs+U0932OnJ0yt1rmlnwd3o=
69,-46,IrgLfoYKZA43LbWFv7aaa/XTwxw=,A0lLaCK5jDFEr+KLtHmucgvPiV0=
79,-45,IrgLfoYKZA43LbWFv7aaa/XTwxw=,A0lLaCK5jDFEr+KLtHmucgvPiV0=
67,-33,IrgLfoYKZA43LbWFv7aaa/XTwxw=,xdvwB43cWT9jnKq1DKR6aI53y8A=
68,-33,IrgLfoYKZA43LbWFv7aaa/XTwxw=,YLpCBs+U0932OnJ0yt1rmlnwd3o=
69,-33,IrgLfoYKZA43LbWFv7aaa/XTwxw=,YLpCBs+U0932OnJ0yt1rmlnwd3o=
70,-33,IrgLfoYKZA43LbWFv7aaa/XTwxw=,YLpCBs+U0932OnJ0yt1rmlnwd3o=
71,-33,IrgLfoYKZA43LbWFv7aaa/XTwxw=,YLpCBs+U0932OnJ0yt1rmlnwd3o=
72,-33,IrgLfoYKZA43LbWFv7aaa/XTwxw=,YLpCBs+U0932OnJ0yt1rmlnwd3o=
79,-41,IrgLfoYKZA43LbWFv7aaa/XTwxw=,YLpCBs+U0932OnJ0yt1rmlnwd3o=
78,-41,IrgLfoYKZA43LbWFv7aaa/XTwxw=,YLpCBs+U0932OnJ0yt1rmlnwd3o=
79,-34,IrgLfoYKZA43LbWFv7aaa/XTwxw=,YLpCBs+U0932OnJ0yt1rmlnwd3o=
79,-36,IrgLfoYKZA43LbWFv7aaa/XTwxw=,YLpCBs+U0932OnJ0yt1rmlnwd3o=
79,-35,IrgLfoYKZA43LbWFv7aaa/XTwxw=,YLpCBs+U0932OnJ0yt1rmlnwd3o=
76,-33,IrgLfoYKZA43LbWFv7aaa/XTwxw=,YLpCBs+U0932OnJ0yt1rmlnwd3o=
77,-33,IrgLfoYKZA43LbWFv7aaa/XTwxw=,YLpCBs+U0932OnJ0yt1rmlnwd3o=
75,-33,IrgLfoYKZA43LbWFv7aaa/XTwxw=,YLpCBs+U0932OnJ0yt1rmlnwd3o=
78,-33,IrgLfoYKZA43LbWFv7aaa/XTwxw=,YLpCBs+U0932OnJ0yt1rmlnwd3o=
79,-33,IrgLfoYKZA43LbWFv7aaa/XTwxw=,YLpCBs+U0932OnJ0yt1rmlnwd3o=
79,-37,IrgLfoYKZA43LbWFv7aaa/XTwxw=,YLpCBs+U0932OnJ0yt1rmlnwd3o=
78,-38,IrgLfoYKZA43LbWFv7aaa/XTwxw=,YLpCBs+U0932OnJ0yt1rmlnwd3o=
79,-38,IrgLfoYKZA43LbWFv7aaa/XTwxw=,YLpCBs+U0932OnJ0yt1rmlnwd3o=
78,-37,IrgLfoYKZA43LbWFv7aaa/XTwxw=,YLpCBs+U0932OnJ0yt1rmlnwd3o=
68,-45,IrgLfoYKZA43LbWFv7aaa/XTwxw=,A0lLaCK5jDFEr+KLtHmucgvPiV0=
74,-48,IrgLfoYKZA43LbWFv7aaa/XTwxw=,A0lLaCK5jDFEr+KLtHmucgvPiV0=
64,-48,IrgLfoYKZA43LbWFv7aaa/XTwxw=,A0lLaCK5jDFEr+KLtHmucgvPiV0=
70,-46,IrgLfoYKZA43LbWFv7aaa/XTwxw=,A0lLaCK5jDFEr+KLtHmucgvPiV0=
71,-46,IrgLfoYKZA43LbWFv7aaa/XTwxw=,A0lLaCK5jDFEr+KLtHmucgvPiV0=
71,-47,IrgLfoYKZA43LbWFv7aaa/XTwxw=,A0lLaCK5jDFEr+KLtHmucgvPiV0=
67,-45,IrgLfoYKZA43LbWFv7aaa/XTwxw=,A0lLaCK5jDFEr+KLtHmucgvPiV0=
64,-33,IrgLfoYKZA43LbWFv7aaa/XTwxw=,xdvwB43cWT9jnKq1DKR6aI53y8A=
64,-34,IrgLfoYKZA43LbWFv7aaa/XTwxw=,xdvwB43cWT9jnKq1DKR6aI53y8A=
65,-35,IrgLfoYKZA43LbWFv7aaa/XTwxw=,xdvwB43cWT9jnKq1DKR6aI53y8A=
64,-37,IrgLfoYKZA43LbWFv7aaa/XTwxw=,A0lLaCK5jDFEr+KLtHmucgvPiV0=
64,-36,IrgLfoYKZA43LbWFv7aaa/XTwxw=,xdvwB43cWT9jnKq1DKR6aI53y8A=
64,-40,IrgLfoYKZA43LbWFv7aaa/XTwxw=,A0lLaCK5jDFEr+KLtHmucgvPiV0=
64,-41,IrgLfoYKZA43LbWFv7aaa/XTwxw=,A0lLaCK5jDFEr+KLtHmucgvPiV0=
64,-38,IrgLfoYKZA43LbWFv7aaa/XTwxw=,A0lLaCK5jDFEr+KLtHmucgvPiV0=
65,-38,IrgLfoYKZA43LbWFv7aaa/XTwxw=,A0lLaCK5jDFEr+KLtHmucgvPiV0=
64,-35,IrgLfoYKZA43LbWFv7aaa/XTwxw=,xdvwB43cWT9jnKq1DKR6aI53y8A=
65,-37,IrgLfoYKZA43LbWFv7aaa/XTwxw=,A0lLaCK5jDFEr+KLtHmucgvPiV0=
65,-41,IrgLfoYKZA43LbWFv7aaa/XTwxw=,A0lLaCK5jDFEr+KLtHmucgvPiV0=
65,-39,IrgLfoYKZA43LbWFv7aaa/XTwxw=,A0lLaCK5jDFEr+KLtHmucgvPiV0=
64,-39,IrgLfoYKZA43LbWFv7aaa/XTwxw=,A0lLaCK5jDFEr+KLtHmucgvPiV0=
65,-36,IrgLfoYKZA43LbWFv7aaa/XTwxw=,xdvwB43cWT9jnKq1DKR6aI53y8A=
64,-42,IrgLfoYKZA43LbWFv7aaa/XTwxw=,A0lLaCK5jDFEr+KLtHmucgvPiV0=
65,-42,IrgLfoYKZA43LbWFv7aaa/XTwxw=,A0lLaCK5jDFEr+KLtHmucgvPiV0=
65,-40,IrgLfoYKZA43LbWFv7aaa/XTwxw=,A0lLaCK5jDFEr+KLtHmucgvPiV0=
